scan,view,light,region,pixels,base_abs,ours_abs,abs_change_mm
scan1,0,3,full,15729,1.4584696292877197,1.3548303842544556,-0.10363924503326416
scan1,0,3,boundary,1573,9.517328262329102,8.757425308227539,-0.7599029541015625
scan1,0,3,large_disparity,3146,4.069186210632324,3.727023124694824,-0.3421630859375
scan1,0,3,occluded_any,451,26.970012664794922,23.264339447021484,-3.7056732177734375
scan1,0,3,occluded_majority,305,31.662160873413086,28.31093406677246,-3.351226806640625
scan1,0,3,large_disp_and_occluded,167,59.68525314331055,53.8924674987793,-5.79278564453125
scan1,0,3,boundary_and_occluded,409,26.7271671295166,22.755783081054688,-3.971384048461914
scan1,1,3,full,17650,0.8850318193435669,1.0454673767089844,0.16043555736541748
scan1,1,3,boundary,1765,5.263947486877441,5.942584991455078,0.6786375045776367
scan1,1,3,large_disparity,3530,2.127873420715332,2.8126986026763916,0.6848251819610596
scan1,1,3,occluded_any,1162,7.6652140617370605,9.183548927307129,1.5183348655700684
scan1,1,3,occluded_majority,739,10.528253555297852,13.130420684814453,2.6021671295166016
scan1,1,3,large_disp_and_occluded,558,10.36650276184082,13.859017372131348,3.4925146102905273
scan1,1,3,boundary_and_occluded,880,9.279773712158203,10.754536628723145,1.4747629165649414
scan1,2,3,full,17161,0.9903810620307922,0.9195916652679443,-0.0707893967628479
scan1,2,3,boundary,1717,4.712002754211426,4.166476726531982,-0.5455260276794434
scan1,2,3,large_disparity,3433,3.0050225257873535,2.5337026119232178,-0.47131991386413574
scan1,2,3,occluded_any,651,8.645099639892578,7.428481578826904,-1.2166180610656738
scan1,2,3,occluded_majority,419,10.67309856414795,9.230725288391113,-1.442373275756836
scan1,2,3,large_disp_and_occluded,317,15.713967323303223,13.157970428466797,-2.555996894836426
scan1,2,3,boundary_and_occluded,612,9.113210678100586,7.8299641609191895,-1.2832465171813965
scan1,3,3,full,16305,0.6461651921272278,0.6487663388252258,0.002601146697998047
scan1,3,3,boundary,1631,2.2587828636169434,2.2514843940734863,-0.007298469543457031
scan1,3,3,large_disparity,3261,0.7896777391433716,0.8317698240280151,0.042092084884643555
scan1,3,3,occluded_any,1094,2.446037769317627,2.4873859882354736,0.04134821891784668
scan1,3,3,occluded_majority,471,3.8057351112365723,4.206161975860596,0.40042686462402344
scan1,3,3,large_disp_and_occluded,633,2.146052360534668,2.455982208251953,0.30992984771728516
scan1,3,3,boundary_and_occluded,539,4.354353427886963,4.5611891746521,0.20683574676513672
scan1,4,3,full,13312,1.1193492412567139,1.1999542713165283,0.08060503005981445
scan1,4,3,boundary,1332,4.7132415771484375,5.139996528625488,0.4267549514770508
scan1,4,3,large_disparity,2663,1.3387492895126343,1.98562490940094,0.6468756198883057
scan1,4,3,occluded_any,501,6.150102615356445,8.43367862701416,2.283576011657715
scan1,4,3,occluded_majority,270,2.260532855987549,2.7260570526123047,0.46552419662475586
scan1,4,3,large_disp_and_occluded,242,9.681812286376953,13.568330764770508,3.8865184783935547
scan1,4,3,boundary_and_occluded,386,7.3645429611206055,10.11559009552002,2.751047134399414
scan1,5,3,full,12949,1.4325281381607056,0.8893731832504272,-0.5431549549102783
scan1,5,3,boundary,1295,4.67472505569458,4.863033294677734,0.1883082389831543
scan1,5,3,large_disparity,2590,1.605034589767456,1.5282447338104248,-0.07678985595703125
scan1,5,3,occluded_any,365,2.3343374729156494,3.0798041820526123,0.7454667091369629
scan1,5,3,occluded_majority,264,2.168112277984619,1.8624258041381836,-0.30568647384643555
scan1,5,3,large_disp_and_occluded,151,2.4021263122558594,2.110461950302124,-0.29166436195373535
scan1,5,3,boundary_and_occluded,341,2.442636489868164,3.249861717224121,0.807225227355957
scan1,6,3,full,15166,0.5506777167320251,0.5701554417610168,0.0194777250289917
scan1,6,3,boundary,1517,2.1632699966430664,2.1880874633789062,0.024817466735839844
scan1,6,3,large_disparity,3034,0.6197646856307983,0.6959496736526489,0.07618498802185059
scan1,6,3,occluded_any,1140,2.24702525138855,2.524785041809082,0.2777597904205322
scan1,6,3,occluded_majority,682,2.8667993545532227,3.015336513519287,0.14853715896606445
scan1,6,3,large_disp_and_occluded,742,1.3328744173049927,1.6030104160308838,0.2701359987258911
scan1,6,3,boundary_and_occluded,580,3.88305926322937,4.106501579284668,0.22344231605529785
scan1,7,3,full,16473,0.5354599952697754,0.44833487272262573,-0.08712512254714966
scan1,7,3,boundary,1648,2.1351587772369385,1.7573567628860474,-0.3778020143508911
scan1,7,3,large_disparity,3295,0.8285000920295715,0.5941228866577148,-0.2343772053718567
scan1,7,3,occluded_any,675,3.5443382263183594,2.777595043182373,-0.7667431831359863
scan1,7,3,occluded_majority,280,4.746615886688232,2.937790870666504,-1.8088250160217285
scan1,7,3,large_disp_and_occluded,357,3.082134485244751,2.503750801086426,-0.5783836841583252
scan1,7,3,boundary_and_occluded,454,4.981987476348877,3.8293511867523193,-1.1526362895965576
scan1,8,3,full,17034,0.9108858108520508,0.8472167253494263,-0.06366908550262451
scan1,8,3,boundary,1704,4.740597248077393,4.174722671508789,-0.5658745765686035
scan1,8,3,large_disparity,3407,3.0935332775115967,2.874424457550049,-0.21910881996154785
scan1,8,3,occluded_any,492,13.330222129821777,11.431453704833984,-1.898768424987793
scan1,8,3,occluded_majority,328,15.515742301940918,13.340879440307617,-2.174862861633301
scan1,8,3,large_disp_and_occluded,294,21.30040168762207,18.168704986572266,-3.1316967010498047
scan1,8,3,boundary_and_occluded,463,12.75165843963623,10.906103134155273,-1.845555305480957
scan1,9,3,full,16940,0.995458722114563,0.9907024502754211,-0.004756271839141846
scan1,9,3,boundary,1694,5.243857383728027,4.865024089813232,-0.3788332939147949
scan1,9,3,large_disparity,3388,2.9526703357696533,3.0586113929748535,0.1059410572052002
scan1,9,3,occluded_any,937,10.403742790222168,10.90473461151123,0.5009918212890625
scan1,9,3,occluded_majority,583,14.88211441040039,15.482674598693848,0.600560188293457
scan1,9,3,large_disp_and_occluded,619,13.203095436096191,13.833210945129395,0.6301155090332031
scan1,9,3,boundary_and_occluded,726,10.849422454833984,9.8967924118042,-0.9526300430297852
scan1,10,3,full,16475,0.7948414087295532,0.8931286931037903,0.09828728437423706
scan1,10,3,boundary,1648,4.406247138977051,4.708192825317383,0.30194568634033203
scan1,10,3,large_disparity,3295,1.3838919401168823,2.1709718704223633,0.787079930305481
scan1,10,3,occluded_any,685,7.61368465423584,10.220306396484375,2.606621742248535
scan1,10,3,occluded_majority,389,7.504985332489014,12.343427658081055,4.838442325592041
scan1,10,3,large_disp_and_occluded,283,11.054213523864746,19.24161720275879,8.187403678894043
scan1,10,3,boundary_and_occluded,540,8.131620407104492,10.110674858093262,1.9790544509887695
scan1,11,3,full,14146,0.6703891158103943,0.7261672616004944,0.0557781457901001
scan1,11,3,boundary,1415,3.5824832916259766,3.5094385147094727,-0.0730447769165039
scan1,11,3,large_disparity,2830,0.6756882667541504,0.9406217932701111,0.2649335265159607
scan1,11,3,occluded_any,389,3.1287662982940674,3.6493406295776367,0.5205743312835693
scan1,11,3,occluded_majority,264,2.2370412349700928,2.7477991580963135,0.5107579231262207
scan1,11,3,large_disp_and_occluded,144,1.5188344717025757,3.2471373081207275,1.7283028364181519
scan1,11,3,boundary_and_occluded,307,2.8749215602874756,3.4345929622650146,0.5596714019775391
scan1,12,3,full,15345,0.8049415349960327,0.6748026013374329,-0.13013893365859985
scan1,12,3,boundary,1535,4.978760242462158,4.125105381011963,-0.8536548614501953
scan1,12,3,large_disparity,3069,1.7360618114471436,1.3573020696640015,-0.3787597417831421
scan1,12,3,occluded_any,924,8.12281608581543,6.458902835845947,-1.6639132499694824
scan1,12,3,occluded_majority,528,11.28660774230957,9.350768089294434,-1.9358396530151367
scan1,12,3,large_disp_and_occluded,482,8.740046501159668,6.9792680740356445,-1.7607784271240234
scan1,12,3,boundary_and_occluded,616,10.95138931274414,8.699462890625,-2.2519264221191406
scan1,13,3,full,15787,0.7018275260925293,0.646061360836029,-0.055766165256500244
scan1,13,3,boundary,1579,4.166512489318848,3.7027323246002197,-0.46378016471862793
scan1,13,3,large_disparity,3158,1.6112276315689087,1.5224190950393677,-0.08880853652954102
scan1,13,3,occluded_any,732,8.486483573913574,7.176615238189697,-1.309868335723877
scan1,13,3,occluded_majority,442,12.429268836975098,10.204168319702148,-2.225100517272949
scan1,13,3,large_disp_and_occluded,423,9.257593154907227,8.328539848327637,-0.9290533065795898
scan1,13,3,boundary_and_occluded,604,9.556108474731445,8.292728424072266,-1.2633800506591797
scan1,14,3,full,16209,0.5691757202148438,0.5205064415931702,-0.048669278621673584
scan1,14,3,boundary,1621,2.310168981552124,2.097968816757202,-0.21220016479492188
scan1,14,3,large_disparity,3242,0.9595220685005188,0.8753741383552551,-0.08414793014526367
scan1,14,3,occluded_any,624,4.401829719543457,3.946489095687866,-0.4553406238555908
scan1,14,3,occluded_majority,390,5.301037311553955,4.266532897949219,-1.0345044136047363
scan1,14,3,large_disp_and_occluded,346,4.364214897155762,4.4657087326049805,0.10149383544921875
scan1,14,3,boundary_and_occluded,526,4.769561767578125,4.2946600914001465,-0.4749016761779785
scan1,15,3,full,16218,0.6548483371734619,0.5337849259376526,-0.12106341123580933
scan1,15,3,boundary,1622,3.332580327987671,2.3649885654449463,-0.9675917625427246
scan1,15,3,large_disparity,3244,1.927383542060852,1.3666664361953735,-0.5607171058654785
scan1,15,3,occluded_any,454,8.673720359802246,5.395314693450928,-3.2784056663513184
scan1,15,3,occluded_majority,202,13.180978775024414,8.650395393371582,-4.530583381652832
scan1,15,3,large_disp_and_occluded,295,12.906716346740723,7.854526042938232,-5.05219030380249
scan1,15,3,boundary_and_occluded,424,8.405782699584961,5.252007961273193,-3.1537747383117676
scan1,16,3,full,15846,0.46329817175865173,0.44620123505592346,-0.01709693670272827
scan1,16,3,boundary,1585,1.8555030822753906,1.6356722116470337,-0.21983087062835693
scan1,16,3,large_disparity,3170,0.9251745343208313,0.8353886008262634,-0.08978593349456787
scan1,16,3,occluded_any,559,3.535839080810547,3.141040086746216,-0.39479899406433105
scan1,16,3,occluded_majority,239,4.37242317199707,3.9031379222869873,-0.469285249710083
scan1,16,3,large_disp_and_occluded,335,5.432774543762207,4.88795280456543,-0.5448217391967773
scan1,16,3,boundary_and_occluded,428,4.2844624519348145,3.7786824703216553,-0.5057799816131592
scan1,17,3,full,14999,0.478893518447876,0.46599507331848145,-0.012898445129394531
scan1,17,3,boundary,1500,2.2121005058288574,1.9607398509979248,-0.2513606548309326
scan1,17,3,large_disparity,3000,0.5300281047821045,0.5733982920646667,0.043370187282562256
scan1,17,3,occluded_any,807,3.070429801940918,2.5912928581237793,-0.47913694381713867
scan1,17,3,occluded_majority,365,3.6483278274536133,2.9146597385406494,-0.7336680889129639
scan1,17,3,large_disp_and_occluded,497,1.6916224956512451,1.589627742767334,-0.10199475288391113
scan1,17,3,boundary_and_occluded,508,4.570034980773926,3.8076493740081787,-0.7623856067657471
scan1,18,3,full,13281,0.6908647418022156,0.6307761669158936,-0.06008857488632202
scan1,18,3,boundary,1329,3.55893611907959,3.1893229484558105,-0.3696131706237793
scan1,18,3,large_disparity,2657,0.8436980843544006,0.9010156989097595,0.05731761455535889
scan1,18,3,occluded_any,804,3.398292303085327,3.129905939102173,-0.2683863639831543
scan1,18,3,occluded_majority,300,2.2110700607299805,1.6478853225708008,-0.5631847381591797
scan1,18,3,large_disp_and_occluded,540,2.2696189880371094,2.342297315597534,0.0726783275604248
scan1,18,3,boundary_and_occluded,486,4.974592208862305,4.567204475402832,-0.40738773345947266
scan1,19,3,full,11579,0.7484883069992065,0.6891799569129944,-0.05930835008621216
scan1,19,3,boundary,1158,3.6937966346740723,3.4980556964874268,-0.1957409381866455
scan1,19,3,large_disparity,2316,1.091890573501587,0.8783075213432312,-0.2135830521583557
scan1,19,3,occluded_any,422,2.0201575756073,2.028162717819214,0.008005142211914062
scan1,19,3,occluded_majority,234,1.3853015899658203,1.1432098150253296,-0.24209177494049072
scan1,19,3,large_disp_and_occluded,184,2.334310531616211,1.265005350112915,-1.069305181503296
scan1,19,3,boundary_and_occluded,309,2.3282878398895264,2.4228005409240723,0.0945127010345459
scan1,20,3,full,13235,0.6808695793151855,0.6225548386573792,-0.058314740657806396
scan1,20,3,boundary,1324,2.9899609088897705,2.6381125450134277,-0.3518483638763428
scan1,20,3,large_disparity,2647,0.8887426257133484,0.8844377398490906,-0.0043048858642578125
scan1,20,3,occluded_any,640,4.8800153732299805,3.997387409210205,-0.8826279640197754
scan1,20,3,occluded_majority,421,4.5868144035339355,3.92909836769104,-0.6577160358428955
scan1,20,3,large_disp_and_occluded,272,4.290933132171631,4.169455051422119,-0.12147808074951172
scan1,20,3,boundary_and_occluded,462,5.182953834533691,4.336127281188965,-0.8468265533447266
scan1,21,3,full,14471,0.5633207559585571,0.5233814716339111,-0.039939284324645996
scan1,21,3,boundary,1448,2.6427175998687744,2.300602674484253,-0.3421149253845215
scan1,21,3,large_disparity,2895,1.2539492845535278,1.110556960105896,-0.14339232444763184
scan1,21,3,occluded_any,755,4.507240295410156,3.5593433380126953,-0.9478969573974609
scan1,21,3,occluded_majority,416,6.411321640014648,4.5867390632629395,-1.824582576751709
scan1,21,3,large_disp_and_occluded,382,6.723453998565674,5.4352288246154785,-1.2882251739501953
scan1,21,3,boundary_and_occluded,549,5.072702884674072,4.207942008972168,-0.8647608757019043
scan1,22,3,full,15045,0.6419353485107422,0.550679087638855,-0.09125626087188721
scan1,22,3,boundary,1505,2.7809927463531494,2.1541173458099365,-0.6268754005432129
scan1,22,3,large_disparity,3009,1.60883367061615,1.1853125095367432,-0.42352116107940674
scan1,22,3,occluded_any,557,5.720993518829346,3.7023534774780273,-2.0186400413513184
scan1,22,3,occluded_majority,299,5.823005199432373,3.6120707988739014,-2.2109344005584717
scan1,22,3,large_disp_and_occluded,232,12.082228660583496,7.336693286895752,-4.745535373687744
scan1,22,3,boundary_and_occluded,445,5.9906086921691895,3.807370901107788,-2.1832377910614014
scan1,23,3,full,15266,0.7288712859153748,0.6196381449699402,-0.10923314094543457
scan1,23,3,boundary,1527,3.660433053970337,3.031459331512451,-0.6289737224578857
scan1,23,3,large_disparity,3054,2.0384252071380615,1.7199839353561401,-0.3184412717819214
scan1,23,3,occluded_any,611,7.038255214691162,5.6383819580078125,-1.3998732566833496
scan1,23,3,occluded_majority,235,10.956375122070312,9.612491607666016,-1.3438835144042969
scan1,23,3,large_disp_and_occluded,409,10.17963981628418,8.096301078796387,-2.083338737487793
scan1,23,3,boundary_and_occluded,525,7.351119041442871,5.9076457023620605,-1.4434733390808105
scan1,24,3,full,15343,0.6606841683387756,0.4760132133960724,-0.18467095494270325
scan1,24,3,boundary,1535,3.255094051361084,2.0469067096710205,-1.2081873416900635
scan1,24,3,large_disparity,3069,1.847328543663025,1.2023043632507324,-0.6450241804122925
scan1,24,3,occluded_any,681,6.353078365325928,3.7479300498962402,-2.6051483154296875
scan1,24,3,occluded_majority,255,13.305962562561035,7.252231597900391,-6.0537309646606445
scan1,24,3,large_disp_and_occluded,456,9.067933082580566,5.184653282165527,-3.883279800415039
scan1,24,3,boundary_and_occluded,541,6.709274768829346,3.7469990253448486,-2.962275743484497
scan1,25,3,full,15115,0.6915883421897888,0.5597218871116638,-0.131866455078125
scan1,25,3,boundary,1512,4.20089864730835,2.9717016220092773,-1.2291970252990723
scan1,25,3,large_disparity,3023,1.2071284055709839,0.9071292281150818,-0.2999991774559021
scan1,25,3,occluded_any,753,7.797819137573242,5.176568984985352,-2.6212501525878906
scan1,25,3,occluded_majority,320,15.4656343460083,9.976861953735352,-5.488772392272949
scan1,25,3,large_disp_and_occluded,365,7.07758903503418,4.454708099365234,-2.6228809356689453
scan1,25,3,boundary_and_occluded,603,8.876834869384766,5.74439811706543,-3.132436752319336
scan1,26,3,full,14629,0.5949357151985168,0.49667003750801086,-0.09826567769050598
scan1,26,3,boundary,1463,3.4563186168670654,2.6567506790161133,-0.7995679378509521
scan1,26,3,large_disparity,2926,0.4914490282535553,0.41083183884620667,-0.08061718940734863
scan1,26,3,occluded_any,810,5.677798271179199,4.056980133056641,-1.6208181381225586
scan1,26,3,occluded_majority,314,7.297447204589844,5.152731895446777,-2.1447153091430664
scan1,26,3,large_disp_and_occluded,360,1.823954463005066,1.1610677242279053,-0.6628867387771606
scan1,26,3,boundary_and_occluded,570,6.886632442474365,4.970087051391602,-1.9165453910827637
scan1,27,3,full,14040,0.663919985294342,0.6086193323135376,-0.05530065298080444
scan1,27,3,boundary,1404,3.7384531497955322,3.34417986869812,-0.3942732810974121
scan1,27,3,large_disparity,2808,0.6212396025657654,0.5769911408424377,-0.04424846172332764
scan1,27,3,occluded_any,693,5.533380031585693,4.730587482452393,-0.8027925491333008
scan1,27,3,occluded_majority,296,5.3989057540893555,4.186440944671631,-1.2124648094177246
scan1,27,3,large_disp_and_occluded,258,3.294651508331299,2.69561505317688,-0.599036455154419
scan1,27,3,boundary_and_occluded,496,6.72404146194458,5.902272701263428,-0.8217687606811523
scan1,28,3,full,11900,0.9794222116470337,0.8454129695892334,-0.1340092420578003
scan1,28,3,boundary,1190,6.68600606918335,5.368343353271484,-1.3176627159118652
scan1,28,3,large_disparity,2380,0.8537232279777527,0.8815615177154541,0.027838289737701416
scan1,28,3,occluded_any,897,4.817660331726074,3.654944658279419,-1.1627156734466553
scan1,28,3,occluded_majority,757,2.7346649169921875,2.1948821544647217,-0.5397827625274658
scan1,28,3,large_disp_and_occluded,119,3.293412923812866,2.5068447589874268,-0.7865681648254395
scan1,28,3,boundary_and_occluded,741,5.563877105712891,4.22385835647583,-1.3400187492370605
scan1,29,3,full,12993,0.7756043076515198,0.6706216335296631,-0.10498267412185669
scan1,29,3,boundary,1300,5.310412406921387,4.233497142791748,-1.0769152641296387
scan1,29,3,large_disparity,2599,0.48316189646720886,0.4971703588962555,0.01400846242904663
scan1,29,3,occluded_any,1207,4.518491744995117,3.782674789428711,-0.7358169555664062
scan1,29,3,occluded_majority,315,9.581371307373047,8.084489822387695,-1.4968814849853516
scan1,29,3,large_disp_and_occluded,341,1.6029887199401855,1.4989744424819946,-0.10401427745819092
scan1,29,3,boundary_and_occluded,902,5.839141845703125,4.859212398529053,-0.9799294471740723
scan1,30,3,full,13591,0.7042830586433411,0.5761005282402039,-0.1281825304031372
scan1,30,3,boundary,1360,4.474498748779297,3.4285922050476074,-1.0459065437316895
scan1,30,3,large_disparity,2719,0.6826448440551758,0.5881619453430176,-0.0944828987121582
scan1,30,3,occluded_any,1043,4.564920425415039,3.556501865386963,-1.0084185600280762
scan1,30,3,occluded_majority,276,8.266396522521973,6.476535797119141,-1.789860725402832
scan1,30,3,large_disp_and_occluded,301,3.2209668159484863,2.5305440425872803,-0.690422773361206
scan1,30,3,boundary_and_occluded,851,5.458597660064697,4.226477146148682,-1.2321205139160156
scan1,31,3,full,13882,0.7411719560623169,0.5545348525047302,-0.18663710355758667
scan1,31,3,boundary,1389,5.054171085357666,3.495481014251709,-1.558690071105957
scan1,31,3,large_disparity,2777,2.3859922885894775,1.6675888299942017,-0.7184034585952759
scan1,31,3,occluded_any,950,6.0179595947265625,4.186183452606201,-1.8317761421203613
scan1,31,3,occluded_majority,243,12.202624320983887,8.040349960327148,-4.162274360656738
scan1,31,3,large_disp_and_occluded,553,8.908934593200684,5.9215779304504395,-2.987356662750244
scan1,31,3,boundary_and_occluded,848,6.636926651000977,4.559867858886719,-2.077058792114258
scan1,32,3,full,14037,0.7107140421867371,0.569542407989502,-0.1411716341972351
scan1,32,3,boundary,1404,4.659599304199219,3.646632432937622,-1.0129668712615967
scan1,32,3,large_disparity,2808,2.312227249145508,1.8215211629867554,-0.49070608615875244
scan1,32,3,occluded_any,970,5.605856418609619,4.384518146514893,-1.2213382720947266
scan1,32,3,occluded_majority,271,11.234367370605469,8.663256645202637,-2.571110725402832
scan1,32,3,large_disp_and_occluded,690,7.046863555908203,5.370891571044922,-1.6759719848632812
scan1,32,3,boundary_and_occluded,913,5.851933002471924,4.566036224365234,-1.2858967781066895
scan1,33,3,full,13997,0.6732594966888428,0.48059022426605225,-0.19266927242279053
scan1,33,3,boundary,1400,4.222960948944092,2.7280001640319824,-1.4949607849121094
scan1,33,3,large_disparity,2800,2.096398115158081,1.3648613691329956,-0.7315367460250854
scan1,33,3,occluded_any,880,5.787093162536621,3.5075395107269287,-2.2795536518096924
scan1,33,3,occluded_majority,258,12.793719291687012,6.959899425506592,-5.83381986618042
scan1,33,3,large_disp_and_occluded,658,6.9864349365234375,4.068504810333252,-2.9179301261901855
scan1,33,3,boundary_and_occluded,839,5.993231773376465,3.615410327911377,-2.377821445465088
scan1,34,3,full,13916,0.829287588596344,0.6043927669525146,-0.22489482164382935
scan1,34,3,boundary,1392,4.990060329437256,3.3979203701019287,-1.5921399593353271
scan1,34,3,large_disparity,2784,2.4554498195648193,1.7220925092697144,-0.733357310295105
scan1,34,3,occluded_any,891,6.529710292816162,4.4315338134765625,-2.0981764793395996
scan1,34,3,occluded_majority,294,12.506909370422363,8.151647567749023,-4.35526180267334
scan1,34,3,large_disp_and_occluded,607,8.546567916870117,5.620721340179443,-2.925846576690674
scan1,34,3,boundary_and_occluded,807,7.019595623016357,4.738680362701416,-2.2809152603149414
scan1,35,3,full,13675,0.6992663145065308,0.5524691343307495,-0.14679718017578125
scan1,35,3,boundary,1368,4.344167709350586,3.3520758152008057,-0.9920918941497803
scan1,35,3,large_disparity,2735,2.1733129024505615,1.6674703359603882,-0.5058425664901733
scan1,35,3,occluded_any,924,4.861683368682861,3.7818360328674316,-1.0798473358154297
scan1,35,3,occluded_majority,250,7.684547424316406,5.470332145690918,-2.2142152786254883
scan1,35,3,large_disp_and_occluded,515,7.557678699493408,5.665757656097412,-1.891921043395996
scan1,35,3,boundary_and_occluded,779,5.625848770141602,4.350821495056152,-1.2750272750854492
scan1,36,3,full,13031,0.7277332544326782,0.5545621514320374,-0.17317110300064087
scan1,36,3,boundary,1304,4.72571325302124,3.3151068687438965,-1.4106063842773438
scan1,36,3,large_disparity,2607,2.344630479812622,1.677276849746704,-0.667353630065918
scan1,36,3,occluded_any,1034,4.817041873931885,3.3761746883392334,-1.4408671855926514
scan1,36,3,occluded_majority,293,8.37558650970459,5.8780837059021,-2.4975028038024902
scan1,36,3,large_disp_and_occluded,676,6.519852161407471,4.52997350692749,-1.9898786544799805
scan1,36,3,boundary_and_occluded,849,5.708653450012207,3.970961332321167,-1.73769211769104
scan1,37,3,full,11887,0.8387833833694458,0.716947615146637,-0.12183576822280884
scan1,37,3,boundary,1189,5.509796142578125,4.5117082595825195,-0.9980878829956055
scan1,37,3,large_disparity,2378,2.7574596405029297,2.2398855686187744,-0.5175740718841553
scan1,37,3,occluded_any,1191,4.890265941619873,3.8804428577423096,-1.0098230838775635
scan1,37,3,occluded_majority,676,4.488256454467773,3.7451725006103516,-0.7430839538574219
scan1,37,3,large_disp_and_occluded,783,6.538179397583008,5.082465648651123,-1.4557137489318848
scan1,37,3,boundary_and_occluded,915,6.129148483276367,4.861414432525635,-1.2677340507507324
scan1,38,3,full,9770,0.837742030620575,0.7902689576148987,-0.04747307300567627
scan1,38,3,boundary,977,5.22952938079834,4.852558135986328,-0.3769712448120117
scan1,38,3,large_disparity,1954,1.4517090320587158,1.351393222808838,-0.10031580924987793
scan1,38,3,occluded_any,194,0.9985200762748718,1.076627492904663,0.07810741662979126
scan1,38,3,occluded_majority,149,0.9335642457008362,0.9523929953575134,0.018828749656677246
scan1,38,3,large_disp_and_occluded,91,1.2043577432632446,1.3795748949050903,0.1752171516418457
scan1,38,3,boundary_and_occluded,62,1.6507538557052612,1.8402020931243896,0.18944823741912842
scan1,39,3,full,10839,0.8197198510169983,0.689697265625,-0.1300225853919983
scan1,39,3,boundary,1084,4.509373188018799,3.5162808895111084,-0.9930922985076904
scan1,39,3,large_disparity,2168,2.2039566040039062,1.7272943258285522,-0.476662278175354
scan1,39,3,occluded_any,574,8.239718437194824,6.6611552238464355,-1.5785632133483887
scan1,39,3,occluded_majority,220,12.715598106384277,10.877820014953613,-1.837778091430664
scan1,39,3,large_disp_and_occluded,386,7.969616413116455,5.8833465576171875,-2.0862698554992676
scan1,39,3,boundary_and_occluded,367,9.122203826904297,6.975877285003662,-2.1463265419006348
scan1,40,3,full,11739,0.9104163646697998,0.7210901975631714,-0.18932616710662842
scan1,40,3,boundary,1174,5.289106369018555,3.9152660369873047,-1.37384033203125
scan1,40,3,large_disparity,2348,2.816208600997925,2.145554304122925,-0.670654296875
scan1,40,3,occluded_any,503,8.773898124694824,6.139923095703125,-2.633975028991699
scan1,40,3,occluded_majority,185,9.842240333557129,6.646447658538818,-3.1957926750183105
scan1,40,3,large_disp_and_occluded,456,9.295352935791016,6.479657173156738,-2.8156957626342773
scan1,40,3,boundary_and_occluded,323,13.163870811462402,9.135794639587402,-4.028076171875
scan1,41,3,full,12215,0.9878867864608765,0.7062503099441528,-0.28163647651672363
scan1,41,3,boundary,1222,5.608890533447266,3.8953280448913574,-1.7135624885559082
scan1,41,3,large_disparity,2443,2.979253053665161,2.0920119285583496,-0.8872411251068115
scan1,41,3,occluded_any,470,14.776801109313965,10.05988883972168,-4.716912269592285
scan1,41,3,occluded_majority,151,15.231579780578613,10.18333625793457,-5.048243522644043
scan1,41,3,large_disp_and_occluded,380,12.550747871398926,8.321112632751465,-4.229635238647461
scan1,41,3,boundary_and_occluded,336,14.410327911376953,9.635102272033691,-4.775225639343262
scan1,42,3,full,12440,0.9019294381141663,0.673964262008667,-0.22796517610549927
scan1,42,3,boundary,1244,4.787049770355225,3.0768673419952393,-1.7101824283599854
scan1,42,3,large_disparity,2488,2.531790018081665,1.6382803916931152,-0.8935096263885498
scan1,42,3,occluded_any,459,13.35190486907959,9.300272941589355,-4.051631927490234
scan1,42,3,occluded_majority,185,17.36857032775879,11.962697982788086,-5.405872344970703
scan1,42,3,large_disp_and_occluded,381,10.13845157623291,6.129058837890625,-4.009392738342285
scan1,42,3,boundary_and_occluded,322,12.424160957336426,7.700050354003906,-4.7241106033325195
scan1,43,3,full,12605,1.0059901475906372,0.7458200454711914,-0.2601701021194458
scan1,43,3,boundary,1261,5.396144866943359,3.2865052223205566,-2.1096396446228027
scan1,43,3,large_disparity,2521,2.8359851837158203,1.7928450107574463,-1.043140172958374
scan1,43,3,occluded_any,532,12.87144660949707,8.63809585571289,-4.23335075378418
scan1,43,3,occluded_majority,209,17.079313278198242,10.42048168182373,-6.658831596374512
scan1,43,3,large_disp_and_occluded,481,10.38864517211914,6.278347015380859,-4.110298156738281
scan1,43,3,boundary_and_occluded,413,12.591984748840332,7.674238204956055,-4.917746543884277
scan1,44,3,full,12668,1.1703572273254395,0.8484382629394531,-0.32191896438598633
scan1,44,3,boundary,1267,7.1100850105285645,4.6722636222839355,-2.437821388244629
scan1,44,3,large_disparity,2534,3.6455023288726807,2.444394826889038,-1.2011075019836426
scan1,44,3,occluded_any,512,14.403176307678223,9.62741470336914,-4.775761604309082
scan1,44,3,occluded_majority,168,21.304250717163086,13.664833068847656,-7.63941764831543
scan1,44,3,large_disp_and_occluded,475,13.335846900939941,8.658591270446777,-4.677255630493164
scan1,44,3,boundary_and_occluded,400,16.73356819152832,10.847695350646973,-5.885872840881348
scan1,45,3,full,12589,0.9948527216911316,0.7308524250984192,-0.2640002965927124
scan1,45,3,boundary,1259,5.913121700286865,3.738569498062134,-2.1745522022247314
scan1,45,3,large_disparity,2518,2.9767367839813232,1.9672620296478271,-1.009474754333496
scan1,45,3,occluded_any,505,15.311793327331543,10.030728340148926,-5.281064987182617
scan1,45,3,occluded_majority,148,20.6024227142334,13.513226509094238,-7.08919620513916
scan1,45,3,large_disp_and_occluded,413,12.365050315856934,7.670377254486084,-4.69467306137085
scan1,45,3,boundary_and_occluded,334,16.645160675048828,10.28846263885498,-6.356698036193848
scan1,46,3,full,12459,1.0461758375167847,0.7689933776855469,-0.2771824598312378
scan1,46,3,boundary,1246,5.843959331512451,3.8776564598083496,-1.9663028717041016
scan1,46,3,large_disparity,2492,1.8326756954193115,1.2731735706329346,-0.559502124786377
scan1,46,3,occluded_any,509,15.025551795959473,9.539551734924316,-5.486000061035156
scan1,46,3,occluded_majority,160,15.1497163772583,9.179742813110352,-5.969973564147949
scan1,46,3,large_disp_and_occluded,157,20.54938316345215,11.692830085754395,-8.856553077697754
scan1,46,3,boundary_and_occluded,330,17.043439865112305,10.612149238586426,-6.431290626525879
scan1,47,3,full,12049,1.1266510486602783,0.8992929458618164,-0.22735810279846191
scan1,47,3,boundary,1205,7.112305641174316,5.778761386871338,-1.3335442543029785
scan1,47,3,large_disparity,2410,0.9013330340385437,0.6385822296142578,-0.2627508044242859
scan1,47,3,occluded_any,592,14.278318405151367,10.592857360839844,-3.6854610443115234
scan1,47,3,occluded_majority,176,19.328407287597656,13.738167762756348,-5.590239524841309
scan1,47,3,large_disp_and_occluded,195,6.4553022384643555,3.302633285522461,-3.1526689529418945
scan1,47,3,boundary_and_occluded,340,20.460243225097656,16.29924201965332,-4.161001205444336
scan1,48,3,full,11227,1.106956124305725,0.9730547070503235,-0.1339014172554016
scan1,48,3,boundary,1123,7.79229736328125,6.5036301612854,-1.2886672019958496
scan1,48,3,large_disparity,2246,1.0946409702301025,0.9239083528518677,-0.17073261737823486
scan1,48,3,occluded_any,276,13.09807300567627,9.73685073852539,-3.361222267150879
scan1,48,3,occluded_majority,146,5.744735240936279,3.9531614780426025,-1.7915737628936768
scan1,48,3,large_disp_and_occluded,78,15.901432991027832,11.946731567382812,-3.9547014236450195
scan1,48,3,boundary_and_occluded,142,24.456348419189453,18.248979568481445,-6.207368850708008
scan4,0,3,full,18045,4.988189220428467,4.287756443023682,-0.7004327774047852
scan4,0,3,boundary,1805,21.53179168701172,19.166824340820312,-2.3649673461914062
scan4,0,3,large_disparity,3609,12.609904289245605,9.916924476623535,-2.6929798126220703
scan4,0,3,occluded_any,3958,11.791741371154785,10.86150074005127,-0.9302406311035156
scan4,0,3,occluded_majority,2046,10.157198905944824,11.063246726989746,0.9060478210449219
scan4,0,3,large_disp_and_occluded,1442,21.33794403076172,16.764169692993164,-4.573774337768555
scan4,0,3,boundary_and_occluded,936,25.82750129699707,24.450246810913086,-1.3772544860839844
scan4,1,3,full,19272,3.9082818031311035,3.0824570655822754,-0.8258247375488281
scan4,1,3,boundary,1928,18.18490982055664,17.3701229095459,-0.8147869110107422
scan4,1,3,large_disparity,3855,11.761306762695312,7.182493686676025,-4.578813076019287
scan4,1,3,occluded_any,4091,9.405892372131348,7.627913951873779,-1.7779784202575684
scan4,1,3,occluded_majority,2163,10.50199031829834,9.139902114868164,-1.3620882034301758
scan4,1,3,large_disp_and_occluded,1345,16.95757484436035,11.307844161987305,-5.649730682373047
scan4,1,3,boundary_and_occluded,1212,20.790571212768555,19.12355613708496,-1.6670150756835938
scan4,2,3,full,18926,5.983061790466309,5.389904499053955,-0.5931572914123535
scan4,2,3,boundary,1893,23.532100677490234,22.041200637817383,-1.4909000396728516
scan4,2,3,large_disparity,3786,21.600143432617188,18.24721336364746,-3.3529300689697266
scan4,2,3,occluded_any,3603,10.934759140014648,9.883408546447754,-1.0513505935668945
scan4,2,3,occluded_majority,1780,17.602054595947266,15.824162483215332,-1.7778921127319336
scan4,2,3,large_disp_and_occluded,1415,17.137544631958008,14.572413444519043,-2.565131187438965
scan4,2,3,boundary_and_occluded,1110,29.273826599121094,26.380632400512695,-2.8931941986083984
scan4,3,3,full,18284,4.463225841522217,4.098759174346924,-0.36446666717529297
scan4,3,3,boundary,1829,25.697473526000977,24.902496337890625,-0.7949771881103516
scan4,3,3,large_disparity,3657,14.290433883666992,12.37678050994873,-1.9136533737182617
scan4,3,3,occluded_any,2713,22.56026268005371,22.204919815063477,-0.3553428649902344
scan4,3,3,occluded_majority,1495,31.44521141052246,29.800188064575195,-1.6450233459472656
scan4,3,3,large_disp_and_occluded,891,52.997169494628906,48.179012298583984,-4.818157196044922
scan4,3,3,boundary_and_occluded,1158,33.112342834472656,34.125553131103516,1.0132102966308594
scan4,4,3,full,15464,4.948666095733643,5.168383598327637,0.21971750259399414
scan4,4,3,boundary,1547,31.671817779541016,32.18308639526367,0.5112686157226562
scan4,4,3,large_disparity,3093,5.427398204803467,9.309646606445312,3.8822484016418457
scan4,4,3,occluded_any,2400,13.691396713256836,21.149471282958984,7.458074569702148
scan4,4,3,occluded_majority,1217,22.533693313598633,37.730194091796875,15.196500778198242
scan4,4,3,large_disp_and_occluded,1351,11.59554672241211,20.10553550720215,8.509988784790039
scan4,4,3,boundary_and_occluded,776,29.857587814331055,43.05389404296875,13.196306228637695
scan4,5,3,full,15266,9.157707214355469,6.71535587310791,-2.4423513412475586
scan4,5,3,boundary,1527,36.89732360839844,33.6544303894043,-3.2428932189941406
scan4,5,3,large_disparity,3054,29.015731811523438,17.818832397460938,-11.1968994140625
scan4,5,3,occluded_any,2550,40.96409606933594,28.99507713317871,-11.969018936157227
scan4,5,3,occluded_majority,1453,51.6485595703125,30.866085052490234,-20.782474517822266
scan4,5,3,large_disp_and_occluded,1310,65.64124298095703,39.90901565551758,-25.732227325439453
scan4,5,3,boundary_and_occluded,969,47.64948272705078,40.7338752746582,-6.915607452392578
scan4,6,3,full,17303,6.125762462615967,6.600538730621338,0.4747762680053711
scan4,6,3,boundary,1731,33.04024124145508,35.31406021118164,2.2738189697265625
scan4,6,3,large_disparity,3461,22.86948585510254,24.68124771118164,1.8117618560791016
scan4,6,3,occluded_any,3015,27.35724449157715,28.49129867553711,1.134054183959961
scan4,6,3,occluded_majority,1506,37.08645248413086,38.371978759765625,1.2855262756347656
scan4,6,3,large_disp_and_occluded,1380,50.1280632019043,52.008209228515625,1.8801460266113281
scan4,6,3,boundary_and_occluded,1208,41.58436965942383,44.2244873046875,2.640117645263672
scan4,7,3,full,19036,4.203918933868408,3.7590343952178955,-0.4448845386505127
scan4,7,3,boundary,1904,26.494916915893555,24.389366149902344,-2.105550765991211
scan4,7,3,large_disparity,3808,13.307221412658691,10.354768753051758,-2.9524526596069336
scan4,7,3,occluded_any,3248,18.822744369506836,15.549564361572266,-3.2731800079345703
scan4,7,3,occluded_majority,1779,26.54927635192871,22.15989112854004,-4.389385223388672
scan4,7,3,large_disp_and_occluded,1294,33.21050262451172,22.727773666381836,-10.482728958129883
scan4,7,3,boundary_and_occluded,1333,34.49658203125,31.522727966308594,-2.9738540649414062
scan4,8,3,full,18597,4.276315689086914,7.280394554138184,3.0040788650512695
scan4,8,3,boundary,1860,19.349294662475586,25.00068473815918,5.651390075683594
scan4,8,3,large_disparity,3720,13.792067527770996,28.209529876708984,14.417462348937988
scan4,8,3,occluded_any,3031,11.493800163269043,17.21101188659668,5.717211723327637
scan4,8,3,occluded_majority,1652,14.461453437805176,19.4158935546875,4.954440116882324
scan4,8,3,large_disp_and_occluded,1201,16.647119522094727,29.42327117919922,12.776151657104492
scan4,8,3,boundary_and_occluded,1152,23.80918312072754,30.78660774230957,6.977424621582031
scan4,9,3,full,18490,5.596874237060547,4.204599857330322,-1.3922743797302246
scan4,9,3,boundary,1849,18.92705535888672,17.534690856933594,-1.392364501953125
scan4,9,3,large_disparity,3698,18.967449188232422,12.670193672180176,-6.297255516052246
scan4,9,3,occluded_any,3858,11.099438667297363,9.787893295288086,-1.3115453720092773
scan4,9,3,occluded_majority,2148,14.886534690856934,13.541086196899414,-1.3454484939575195
scan4,9,3,large_disp_and_occluded,1451,18.379362106323242,15.483095169067383,-2.8962669372558594
scan4,9,3,boundary_and_occluded,1225,22.376482009887695,20.849607467651367,-1.5268745422363281
scan4,10,3,full,18287,7.193495750427246,5.738784313201904,-1.4547114372253418
scan4,10,3,boundary,1829,33.508182525634766,24.996606826782227,-8.511575698852539
scan4,10,3,large_disparity,3658,23.246938705444336,18.818845748901367,-4.428092956542969
scan4,10,3,occluded_any,3713,22.59613609313965,18.4201602935791,-4.175975799560547
scan4,10,3,occluded_majority,1804,29.48527717590332,22.442232131958008,-7.0430450439453125
scan4,10,3,large_disp_and_occluded,1563,42.138916015625,32.67319107055664,-9.46572494506836
scan4,10,3,boundary_and_occluded,1102,43.26860427856445,33.010643005371094,-10.25796127319336
scan4,11,3,full,16705,25.299070358276367,17.754470825195312,-7.544599533081055
scan4,11,3,boundary,1671,82.42158508300781,72.81758117675781,-9.60400390625
scan4,11,3,large_disparity,3341,114.82756042480469,77.18657684326172,-37.64098358154297
scan4,11,3,occluded_any,3277,54.97781753540039,60.95648193359375,5.978664398193359
scan4,11,3,occluded_majority,2103,40.900108337402344,46.37086868286133,5.470760345458984
scan4,11,3,large_disp_and_occluded,1041,152.68191528320312,171.23460388183594,18.552688598632812
scan4,11,3,boundary_and_occluded,932,100.07306671142578,94.95481872558594,-5.118247985839844
scan4,12,3,full,17848,15.590575218200684,11.041145324707031,-4.549429893493652
scan4,12,3,boundary,1785,47.28935241699219,41.84876251220703,-5.440589904785156
scan4,12,3,large_disparity,3570,63.825439453125,43.855552673339844,-19.969886779785156
scan4,12,3,occluded_any,4445,35.551292419433594,38.596412658691406,3.0451202392578125
scan4,12,3,occluded_majority,2587,35.737979888916016,31.36392593383789,-4.374053955078125
scan4,12,3,large_disp_and_occluded,1554,82.72876739501953,94.26197814941406,11.533210754394531
scan4,12,3,boundary_and_occluded,1225,58.2491569519043,55.402042388916016,-2.8471145629882812
scan4,13,3,full,17411,11.002928733825684,3.6270036697387695,-7.375925064086914
scan4,13,3,boundary,1742,29.79097557067871,17.74725914001465,-12.043716430664062
scan4,13,3,large_disparity,3483,43.4410400390625,7.990817070007324,-35.450222969055176
scan4,13,3,occluded_any,3700,19.374828338623047,9.617461204528809,-9.757367134094238
scan4,13,3,occluded_majority,2381,22.347768783569336,11.120967864990234,-11.226800918579102
scan4,13,3,large_disp_and_occluded,1130,44.60298156738281,15.343255996704102,-29.25972557067871
scan4,13,3,boundary_and_occluded,1114,35.51322937011719,21.045419692993164,-14.467809677124023
scan4,14,3,full,16441,7.216156005859375,4.212315082550049,-3.003840923309326
scan4,14,3,boundary,1645,28.198867797851562,17.91868019104004,-10.280187606811523
scan4,14,3,large_disparity,3289,26.57011604309082,12.586183547973633,-13.983932495117188
scan4,14,3,occluded_any,2824,18.889158248901367,12.392464637756348,-6.4966936111450195
scan4,14,3,occluded_majority,1585,27.56672477722168,16.753070831298828,-10.813653945922852
scan4,14,3,large_disp_and_occluded,983,41.123531341552734,24.95408821105957,-16.169443130493164
scan4,14,3,boundary_and_occluded,968,35.52650451660156,20.89250373840332,-14.634000778198242
scan4,15,3,full,15667,2.852581262588501,3.311004161834717,0.4584228992462158
scan4,15,3,boundary,1567,16.307157516479492,16.20153045654297,-0.10562705993652344
scan4,15,3,large_disparity,3134,6.4225006103515625,9.320303916931152,2.89780330657959
scan4,15,3,occluded_any,2892,8.966230392456055,10.649497985839844,1.683267593383789
scan4,15,3,occluded_majority,1156,13.246602058410645,13.803549766540527,0.5569477081298828
scan4,15,3,large_disp_and_occluded,1258,11.017921447753906,16.30068588256836,5.282764434814453
scan4,15,3,boundary_and_occluded,1038,18.136768341064453,18.360437393188477,0.22366905212402344
scan4,16,3,full,16339,4.143367767333984,2.7212047576904297,-1.4221630096435547
scan4,16,3,boundary,1634,21.532106399536133,16.774730682373047,-4.757375717163086
scan4,16,3,large_disparity,3268,12.039295196533203,5.086718559265137,-6.952576637268066
scan4,16,3,occluded_any,2850,16.58230209350586,10.30862045288086,-6.273681640625
scan4,16,3,occluded_majority,1271,23.236221313476562,16.180797576904297,-7.055423736572266
scan4,16,3,large_disp_and_occluded,1261,24.54658317565918,11.38957691192627,-13.15700626373291
scan4,16,3,boundary_and_occluded,1092,26.5147705078125,19.38098907470703,-7.133781433105469
scan4,17,3,full,15806,5.516222953796387,11.73629379272461,6.220070838928223
scan4,17,3,boundary,1581,29.935436248779297,39.212799072265625,9.277362823486328
scan4,17,3,large_disparity,3162,18.2354679107666,49.47106170654297,31.235593795776367
scan4,17,3,occluded_any,2688,24.070905685424805,54.79811477661133,30.727209091186523
scan4,17,3,occluded_majority,1272,32.018436431884766,52.77263259887695,20.754196166992188
scan4,17,3,large_disp_and_occluded,1387,35.93922805786133,95.60079193115234,59.661563873291016
scan4,17,3,boundary_and_occluded,1120,36.167144775390625,47.93999481201172,11.772850036621094
scan4,18,3,full,14354,9.681800842285156,9.333914756774902,-0.3478860855102539
scan4,18,3,boundary,1436,59.89800262451172,50.1409912109375,-9.757011413574219
scan4,18,3,large_disparity,2871,39.386009216308594,37.52125930786133,-1.8647499084472656
scan4,18,3,occluded_any,2299,51.90951156616211,50.31000518798828,-1.5995063781738281
scan4,18,3,occluded_majority,1300,85.73152923583984,83.59937286376953,-2.1321563720703125
scan4,18,3,large_disp_and_occluded,1350,81.27146911621094,78.25029754638672,-3.0211715698242188
scan4,18,3,boundary_and_occluded,1027,77.81880187988281,64.29541015625,-13.523391723632812
scan4,19,3,full,11791,4.8415374755859375,4.2252607345581055,-0.616276741027832
scan4,19,3,boundary,1180,28.61216163635254,25.697162628173828,-2.914999008178711
scan4,19,3,large_disparity,2359,11.446183204650879,9.624197006225586,-1.821986198425293
scan4,19,3,occluded_any,1437,23.945972442626953,19.45709991455078,-4.488872528076172
scan4,19,3,occluded_majority,955,30.58962059020996,24.32699203491211,-6.262628555297852
scan4,19,3,large_disp_and_occluded,672,36.28498077392578,29.06277084350586,-7.222209930419922
scan4,19,3,boundary_and_occluded,707,35.033226013183594,30.075973510742188,-4.957252502441406
scan4,20,3,full,12780,4.343211650848389,4.520232200622559,0.17702054977416992
scan4,20,3,boundary,1278,28.43868637084961,29.452428817749023,1.013742446899414
scan4,20,3,large_disparity,2556,9.4088134765625,11.170228958129883,1.7614154815673828
scan4,20,3,occluded_any,1659,22.706972122192383,24.688186645507812,1.9812145233154297
scan4,20,3,occluded_majority,991,29.589784622192383,33.39084243774414,3.801057815551758
scan4,20,3,large_disp_and_occluded,794,28.872657775878906,34.56104278564453,5.688385009765625
scan4,20,3,boundary_and_occluded,891,33.51872634887695,35.360923767089844,1.8421974182128906
scan4,21,3,full,13561,7.864973068237305,4.68986177444458,-3.1751112937927246
scan4,21,3,boundary,1357,35.565216064453125,27.508045196533203,-8.057170867919922
scan4,21,3,large_disparity,2713,27.640745162963867,12.532049179077148,-15.108695983886719
scan4,21,3,occluded_any,2012,44.20748519897461,22.921253204345703,-21.286231994628906
scan4,21,3,occluded_majority,1115,61.942138671875,31.076948165893555,-30.865190505981445
scan4,21,3,large_disp_and_occluded,1016,72.63264465332031,32.190696716308594,-40.44194793701172
scan4,21,3,boundary_and_occluded,918,44.298133850097656,33.025657653808594,-11.272476196289062
scan4,22,3,full,13574,4.686429977416992,3.0266835689544678,-1.6597464084625244
scan4,22,3,boundary,1358,23.63235855102539,17.834426879882812,-5.797931671142578
scan4,22,3,large_disparity,2715,13.276834487915039,5.2156291007995605,-8.061205387115479
scan4,22,3,occluded_any,2363,17.073307037353516,10.929973602294922,-6.143333435058594
scan4,22,3,occluded_majority,1337,18.38646697998047,12.482792854309082,-5.903674125671387
scan4,22,3,large_disp_and_occluded,1054,25.134254455566406,12.140881538391113,-12.993372917175293
scan4,22,3,boundary_and_occluded,923,26.603971481323242,18.785930633544922,-7.81804084777832
scan4,23,3,full,13073,4.715212821960449,3.0451772212982178,-1.6700356006622314
scan4,23,3,boundary,1308,24.872901916503906,18.431991577148438,-6.440910339355469
scan4,23,3,large_disparity,2615,13.005393028259277,4.9708356857299805,-8.034557342529297
scan4,23,3,occluded_any,2464,16.297779083251953,9.044367790222168,-7.253411293029785
scan4,23,3,occluded_majority,1262,22.50215721130371,12.127941131591797,-10.374216079711914
scan4,23,3,large_disp_and_occluded,1045,25.644153594970703,10.056711196899414,-15.587442398071289
scan4,23,3,boundary_and_occluded,896,27.376617431640625,18.192548751831055,-9.18406867980957
scan4,24,3,full,13428,7.417114734649658,3.3410067558288574,-4.076107978820801
scan4,24,3,boundary,1343,31.094280242919922,15.87789535522461,-15.216384887695312
scan4,24,3,large_disparity,2686,26.847362518310547,7.247689247131348,-19.5996732711792
scan4,24,3,occluded_any,2749,14.640192985534668,9.347355842590332,-5.292837142944336
scan4,24,3,occluded_majority,1377,19.855083465576172,10.295343399047852,-9.55974006652832
scan4,24,3,large_disp_and_occluded,1065,25.775224685668945,13.475076675415039,-12.300148010253906
scan4,24,3,boundary_and_occluded,874,33.69966125488281,16.656566619873047,-17.043094635009766
scan4,25,3,full,14314,11.510886192321777,4.531004428863525,-6.979881763458252
scan4,25,3,boundary,1432,35.86078643798828,22.00689125061035,-13.85389518737793
scan4,25,3,large_disparity,2863,47.738887786865234,13.318947792053223,-34.41993999481201
scan4,25,3,occluded_any,3144,19.401329040527344,10.8018798828125,-8.599449157714844
scan4,25,3,occluded_majority,1565,27.06396484375,14.933073043823242,-12.130891799926758
scan4,25,3,large_disp_and_occluded,1214,40.3736686706543,18.841690063476562,-21.531978607177734
scan4,25,3,boundary_and_occluded,934,41.82408905029297,24.66579246520996,-17.158296585083008
scan4,26,3,full,14595,17.05274772644043,7.1681623458862305,-9.8845853805542
scan4,26,3,boundary,1460,51.248348236083984,34.40094757080078,-16.847400665283203
scan4,26,3,large_disparity,2919,74.05697631835938,24.97573471069336,-49.081241607666016
scan4,26,3,occluded_any,3610,33.83618927001953,17.999755859375,-15.836433410644531
scan4,26,3,occluded_majority,1860,42.78416442871094,26.4239559173584,-16.36020851135254
scan4,26,3,large_disp_and_occluded,1643,64.31561279296875,30.05794906616211,-34.25766372680664
scan4,26,3,boundary_and_occluded,974,61.269954681396484,41.48416519165039,-19.785789489746094
scan4,27,3,full,14259,18.59736442565918,8.877973556518555,-9.719390869140625
scan4,27,3,boundary,1426,64.90486145019531,44.53064727783203,-20.37421417236328
scan4,27,3,large_disparity,2852,80.8677978515625,34.06517791748047,-46.80261993408203
scan4,27,3,occluded_any,3068,41.50291442871094,26.021087646484375,-15.481826782226562
scan4,27,3,occluded_majority,1403,56.1817626953125,42.24913024902344,-13.932632446289062
scan4,27,3,large_disp_and_occluded,1196,91.38063049316406,55.0647087097168,-36.315921783447266
scan4,27,3,boundary_and_occluded,1011,74.26434326171875,53.214599609375,-21.04974365234375
scan4,28,3,full,10674,14.42029094696045,15.684136390686035,1.263845443725586
scan4,28,3,boundary,1068,78.9777603149414,80.12760162353516,1.14984130859375
scan4,28,3,large_disparity,2135,57.68593215942383,65.69078063964844,8.00484848022461
scan4,28,3,occluded_any,2106,64.09869384765625,70.16780853271484,6.069114685058594
scan4,28,3,occluded_majority,1463,81.92106628417969,87.40430450439453,5.483238220214844
scan4,28,3,large_disp_and_occluded,937,127.20806121826172,143.61886596679688,16.410804748535156
scan4,28,3,boundary_and_occluded,708,111.2616195678711,113.98225402832031,2.7206344604492188
scan4,29,3,full,11221,15.991602897644043,11.468957901000977,-4.522644996643066
scan4,29,3,boundary,1123,60.325035095214844,48.06147766113281,-12.263557434082031
scan4,29,3,large_disparity,2245,64.42133331298828,43.60175323486328,-20.819580078125
scan4,29,3,occluded_any,2885,54.94572067260742,38.19734191894531,-16.74837875366211
scan4,29,3,occluded_majority,1437,69.6443099975586,49.19561004638672,-20.448699951171875
scan4,29,3,large_disp_and_occluded,1329,105.6785659790039,71.90664672851562,-33.77191925048828
scan4,29,3,boundary_and_occluded,817,74.44231414794922,58.476593017578125,-15.965721130371094
scan4,30,3,full,11395,15.658461570739746,7.277723789215088,-8.380737781524658
scan4,30,3,boundary,1140,49.84347152709961,36.085880279541016,-13.757591247558594
scan4,30,3,large_disparity,2279,63.86699295043945,23.718053817749023,-40.14893913269043
scan4,30,3,occluded_any,2988,44.12430953979492,19.07611083984375,-25.048198699951172
scan4,30,3,occluded_majority,1355,45.93717575073242,26.543092727661133,-19.39408302307129
scan4,30,3,large_disp_and_occluded,1386,82.75646209716797,31.035917282104492,-51.72054481506348
scan4,30,3,boundary_and_occluded,788,59.78390884399414,42.578338623046875,-17.205570220947266
scan4,31,3,full,11233,12.337749481201172,6.2257399559021,-6.112009525299072
scan4,31,3,boundary,1124,40.237815856933594,28.554475784301758,-11.683340072631836
scan4,31,3,large_disparity,2247,47.671897888183594,17.34004783630371,-30.331850051879883
scan4,31,3,occluded_any,2969,29.448453903198242,14.939531326293945,-14.508922576904297
scan4,31,3,occluded_majority,1306,37.20371627807617,20.635976791381836,-16.567739486694336
scan4,31,3,large_disp_and_occluded,1357,52.66492462158203,21.50638198852539,-31.15854263305664
scan4,31,3,boundary_and_occluded,735,45.5017204284668,31.721712112426758,-13.780008316040039
scan4,32,3,full,10651,8.198962211608887,5.692379474639893,-2.506582736968994
scan4,32,3,boundary,1066,38.06093215942383,23.101953506469727,-14.958978652954102
scan4,32,3,large_disparity,2131,27.473207473754883,14.892802238464355,-12.580405235290527
scan4,32,3,occluded_any,2727,18.281982421875,14.1368408203125,-4.1451416015625
scan4,32,3,occluded_majority,1213,28.388519287109375,18.503265380859375,-9.88525390625
scan4,32,3,large_disp_and_occluded,1235,29.50480842590332,20.848873138427734,-8.655935287475586
scan4,32,3,boundary_and_occluded,698,41.677520751953125,23.221908569335938,-18.455612182617188
scan4,33,3,full,10278,6.75884485244751,4.744969367980957,-2.0138754844665527
scan4,33,3,boundary,1028,35.60209274291992,25.29167366027832,-10.310419082641602
scan4,33,3,large_disparity,2056,18.535829544067383,9.578402519226074,-8.957427024841309
scan4,33,3,occluded_any,2361,18.241533279418945,12.758188247680664,-5.483345031738281
scan4,33,3,occluded_majority,1120,28.981491088867188,16.949522018432617,-12.03196907043457
scan4,33,3,large_disp_and_occluded,1096,24.47859001159668,14.716912269592285,-9.761677742004395
scan4,33,3,boundary_and_occluded,756,35.11323928833008,24.594493865966797,-10.518745422363281
scan4,34,3,full,10666,4.4033074378967285,4.144808769226074,-0.2584986686706543
scan4,34,3,boundary,1067,23.04612922668457,23.683717727661133,0.6375885009765625
scan4,34,3,large_disparity,2134,7.551018238067627,7.370469570159912,-0.18054866790771484
scan4,34,3,occluded_any,2050,15.906844139099121,14.77560806274414,-1.1312360763549805
scan4,34,3,occluded_majority,1005,20.435911178588867,17.17774772644043,-3.2581634521484375
scan4,34,3,large_disp_and_occluded,825,17.22907829284668,16.801279067993164,-0.4277992248535156
scan4,34,3,boundary_and_occluded,829,24.400527954101562,24.968568801879883,0.5680408477783203
scan4,35,3,full,10986,4.872163772583008,4.944451808929443,0.07228803634643555
scan4,35,3,boundary,1099,26.95679473876953,27.436113357543945,0.47931861877441406
scan4,35,3,large_disparity,2198,6.759687423706055,10.4562349319458,3.696547508239746
scan4,35,3,occluded_any,1710,18.941490173339844,21.51319122314453,2.5717010498046875
scan4,35,3,occluded_majority,825,24.313796997070312,26.731672286987305,2.417875289916992
scan4,35,3,large_disp_and_occluded,620,21.071395874023438,33.779354095458984,12.707958221435547
scan4,35,3,boundary_and_occluded,744,29.9827938079834,31.638656616210938,1.655862808227539
scan4,36,3,full,11159,5.278724193572998,4.730993270874023,-0.5477309226989746
scan4,36,3,boundary,1116,31.0968017578125,24.886871337890625,-6.209930419921875
scan4,36,3,large_disparity,2232,9.77413272857666,6.956770420074463,-2.8173623085021973
scan4,36,3,occluded_any,1583,24.632884979248047,20.133075714111328,-4.499809265136719
scan4,36,3,occluded_majority,764,38.4571647644043,30.25859260559082,-8.198572158813477
scan4,36,3,large_disp_and_occluded,634,32.35427474975586,23.181184768676758,-9.173089981079102
scan4,36,3,boundary_and_occluded,732,37.670589447021484,29.520328521728516,-8.150260925292969
scan4,37,3,full,10791,4.841804504394531,4.040841102600098,-0.8009634017944336
scan4,37,3,boundary,1080,20.802875518798828,17.764726638793945,-3.038148880004883
scan4,37,3,large_disparity,2159,6.639557361602783,5.4689860343933105,-1.1705713272094727
scan4,37,3,occluded_any,1607,19.13150405883789,15.285697937011719,-3.845806121826172
scan4,37,3,occluded_majority,793,24.786151885986328,19.74735450744629,-5.038797378540039
scan4,37,3,large_disp_and_occluded,772,17.312639236450195,14.226759910583496,-3.085879325866699
scan4,37,3,boundary_and_occluded,691,24.776479721069336,20.35901641845703,-4.417463302612305
scan4,38,3,full,8813,8.773357391357422,6.85722541809082,-1.9161319732666016
scan4,38,3,boundary,882,42.41978454589844,33.794620513916016,-8.625164031982422
scan4,38,3,large_disparity,1763,31.888385772705078,21.22551155090332,-10.662874221801758
scan4,38,3,occluded_any,1190,47.8185920715332,32.508949279785156,-15.309642791748047
scan4,38,3,occluded_majority,841,61.17388916015625,40.09197235107422,-21.08191680908203
scan4,38,3,large_disp_and_occluded,668,75.07527160644531,47.50703430175781,-27.5682373046875
scan4,38,3,boundary_and_occluded,453,68.65824890136719,49.25126647949219,-19.406982421875
scan4,39,3,full,8993,5.278554439544678,4.787021636962891,-0.4915328025817871
scan4,39,3,boundary,900,26.87700080871582,25.131196975708008,-1.7458038330078125
scan4,39,3,large_disparity,1799,12.329049110412598,10.24328327178955,-2.085765838623047
scan4,39,3,occluded_any,1279,22.99005889892578,19.220964431762695,-3.769094467163086
scan4,39,3,occluded_majority,662,34.782222747802734,28.626401901245117,-6.155820846557617
scan4,39,3,large_disp_and_occluded,612,31.01442527770996,25.787282943725586,-5.227142333984375
scan4,39,3,boundary_and_occluded,549,32.2515869140625,27.50216293334961,-4.749423980712891
scan4,40,3,full,9057,5.107318878173828,4.398902893066406,-0.7084159851074219
scan4,40,3,boundary,906,28.441816329956055,23.57866859436035,-4.863147735595703
scan4,40,3,large_disparity,1812,11.483443260192871,8.291924476623535,-3.191518783569336
scan4,40,3,occluded_any,1320,22.082481384277344,16.425514221191406,-5.6569671630859375
scan4,40,3,occluded_majority,672,32.71364212036133,23.141258239746094,-9.572383880615234
scan4,40,3,large_disp_and_occluded,529,33.23810577392578,22.453081130981445,-10.785024642944336
scan4,40,3,boundary_and_occluded,549,37.21019744873047,27.395004272460938,-9.815193176269531
scan4,41,3,full,8627,7.055941104888916,6.716586112976074,-0.3393549919128418
scan4,41,3,boundary,863,36.12702941894531,30.710186004638672,-5.416843414306641
scan4,41,3,large_disparity,1726,11.567801475524902,9.050065040588379,-2.5177364349365234
scan4,41,3,occluded_any,1288,27.987720489501953,24.341129302978516,-3.6465911865234375
scan4,41,3,occluded_majority,615,39.326255798339844,31.518198013305664,-7.80805778503418
scan4,41,3,large_disp_and_occluded,495,33.09190368652344,23.582345962524414,-9.509557723999023
scan4,41,3,boundary_and_occluded,520,44.4208984375,36.73788833618164,-7.683010101318359
scan4,42,3,full,8168,7.9861578941345215,7.621077537536621,-0.3650803565979004
scan4,42,3,boundary,817,42.72281265258789,38.29085922241211,-4.431953430175781
scan4,42,3,large_disparity,1634,10.711267471313477,5.999076843261719,-4.712190628051758
scan4,42,3,occluded_any,1433,28.2990779876709,24.589094161987305,-3.7099838256835938
scan4,42,3,occluded_majority,720,35.902320861816406,26.516530990600586,-9.38578987121582
scan4,42,3,large_disp_and_occluded,492,30.282270431518555,16.877227783203125,-13.40504264831543
scan4,42,3,boundary_and_occluded,535,49.26139831542969,42.358455657958984,-6.902942657470703
scan4,43,3,full,7800,8.671989440917969,7.935269832611084,-0.7367196083068848
scan4,43,3,boundary,780,46.58742904663086,42.26081848144531,-4.326610565185547
scan4,43,3,large_disparity,1560,23.778715133666992,19.35523796081543,-4.4234771728515625
scan4,43,3,occluded_any,1654,26.683046340942383,22.757774353027344,-3.925271987915039
scan4,43,3,occluded_majority,761,35.166664123535156,28.10898780822754,-7.057676315307617
scan4,43,3,large_disp_and_occluded,737,40.09333419799805,32.07725524902344,-8.01607894897461
scan4,43,3,boundary_and_occluded,556,53.78472137451172,44.18296813964844,-9.601753234863281
scan4,44,3,full,7962,12.007782936096191,8.083218574523926,-3.9245643615722656
scan4,44,3,boundary,797,63.581443786621094,42.320316314697266,-21.261127471923828
scan4,44,3,large_disparity,1593,40.36093521118164,20.446027755737305,-19.914907455444336
scan4,44,3,occluded_any,2058,31.02392578125,18.832765579223633,-12.191160202026367
scan4,44,3,occluded_majority,964,49.98703384399414,29.544349670410156,-20.442684173583984
scan4,44,3,large_disp_and_occluded,878,58.01945877075195,30.496047973632812,-27.52341079711914
scan4,44,3,boundary_and_occluded,516,71.29779815673828,43.30130386352539,-27.99649429321289
scan4,45,3,full,8192,11.187864303588867,10.147123336791992,-1.040740966796875
scan4,45,3,boundary,820,64.68663024902344,56.13627243041992,-8.550357818603516
scan4,45,3,large_disparity,1639,36.727577209472656,33.309085845947266,-3.4184913635253906
scan4,45,3,occluded_any,1851,25.706159591674805,22.519664764404297,-3.186494827270508
scan4,45,3,occluded_majority,826,34.23516845703125,29.816287994384766,-4.418880462646484
scan4,45,3,large_disp_and_occluded,706,48.74192810058594,43.892784118652344,-4.849143981933594
scan4,45,3,boundary_and_occluded,491,66.36981964111328,56.390228271484375,-9.979591369628906
scan4,46,3,full,8445,13.678693771362305,12.19537353515625,-1.4833202362060547
scan4,46,3,boundary,845,73.98772430419922,61.461524963378906,-12.526199340820312
scan4,46,3,large_disparity,1689,48.13521194458008,42.6365852355957,-5.498626708984375
scan4,46,3,occluded_any,1847,44.625732421875,38.13468933105469,-6.4910430908203125
scan4,46,3,occluded_majority,871,58.03108596801758,48.00837707519531,-10.022708892822266
scan4,46,3,large_disp_and_occluded,677,94.85475158691406,81.7416763305664,-13.113075256347656
scan4,46,3,boundary_and_occluded,542,91.8239517211914,76.49380493164062,-15.330146789550781
scan4,47,3,full,8690,12.40071964263916,11.980862617492676,-0.4198570251464844
scan4,47,3,boundary,869,82.44917297363281,80.06118774414062,-2.3879852294921875
scan4,47,3,large_disparity,1738,41.214271545410156,40.616554260253906,-0.59771728515625
scan4,47,3,occluded_any,1879,44.78274917602539,43.35432815551758,-1.4284210205078125
scan4,47,3,occluded_majority,974,56.77545166015625,51.43227767944336,-5.343173980712891
scan4,47,3,large_disp_and_occluded,626,102.01988983154297,102.29236602783203,0.2724761962890625
scan4,47,3,boundary_and_occluded,605,99.42265319824219,97.19255828857422,-2.2300949096679688
scan4,48,3,full,8809,9.764945983886719,8.637161254882812,-1.1277847290039062
scan4,48,3,boundary,881,53.4720344543457,51.869991302490234,-1.6020431518554688
scan4,48,3,large_disparity,1762,30.50364112854004,28.063783645629883,-2.4398574829101562
scan4,48,3,occluded_any,1625,39.23345184326172,34.49394226074219,-4.739509582519531
scan4,48,3,occluded_majority,994,50.25027084350586,43.22881317138672,-7.021457672119141
scan4,48,3,large_disp_and_occluded,511,93.89550018310547,86.46488952636719,-7.430610656738281
scan4,48,3,boundary_and_occluded,495,75.96758270263672,75.6623306274414,-0.3052520751953125
scan9,0,3,full,16565,2.5084750652313232,2.5377519130706787,0.02927684783935547
scan9,0,3,boundary,1657,9.427127838134766,10.003133773803711,0.5760059356689453
scan9,0,3,large_disparity,3313,4.5470428466796875,4.8533453941345215,0.306302547454834
scan9,0,3,occluded_any,1498,5.578458786010742,7.269369602203369,1.690910816192627
scan9,0,3,occluded_majority,864,7.349809646606445,10.136734962463379,2.7869253158569336
scan9,0,3,large_disp_and_occluded,225,5.3410186767578125,12.14602279663086,6.805004119873047
scan9,0,3,boundary_and_occluded,518,9.318707466125488,12.953303337097168,3.6345958709716797
scan9,1,3,full,18072,1.8868927955627441,1.7700681686401367,-0.11682462692260742
scan9,1,3,boundary,1808,8.859363555908203,7.894633769989014,-0.9647297859191895
scan9,1,3,large_disparity,3615,3.305467367172241,3.071167469024658,-0.234299898147583
scan9,1,3,occluded_any,2265,6.259613990783691,6.063971996307373,-0.19564199447631836
scan9,1,3,occluded_majority,970,10.48960018157959,9.814976692199707,-0.6746234893798828
scan9,1,3,large_disp_and_occluded,523,12.05882740020752,12.482918739318848,0.4240913391113281
scan9,1,3,boundary_and_occluded,1001,10.54843807220459,9.752790451049805,-0.7956476211547852
scan9,2,3,full,18383,1.9337575435638428,1.7563917636871338,-0.17736577987670898
scan9,2,3,boundary,1839,7.0506815910339355,6.147643566131592,-0.9030380249023438
scan9,2,3,large_disparity,3677,2.4200985431671143,2.3921256065368652,-0.027972936630249023
scan9,2,3,occluded_any,1553,6.44454288482666,4.634088516235352,-1.8104543685913086
scan9,2,3,occluded_majority,787,8.56558895111084,5.42172384262085,-3.1438651084899902
scan9,2,3,large_disp_and_occluded,315,9.403585433959961,6.3823065757751465,-3.0212788581848145
scan9,2,3,boundary_and_occluded,712,8.927434921264648,7.1990966796875,-1.7283382415771484
scan9,3,3,full,17797,3.29701828956604,1.9777833223342896,-1.3192349672317505
scan9,3,3,boundary,1780,8.745323181152344,7.7710652351379395,-0.9742579460144043
scan9,3,3,large_disparity,3560,9.779809951782227,3.108372211456299,-6.671437740325928
scan9,3,3,occluded_any,3499,4.781073570251465,3.8604676723480225,-0.9206058979034424
scan9,3,3,occluded_majority,1042,10.391180038452148,6.996677398681641,-3.394502639770508
scan9,3,3,large_disp_and_occluded,897,8.48898696899414,5.007652282714844,-3.481334686279297
scan9,3,3,boundary_and_occluded,1000,8.7499418258667,8.8622407913208,0.11229896545410156
scan9,4,3,full,13665,2.3189330101013184,2.26655912399292,-0.05237388610839844
scan9,4,3,boundary,1367,10.334249496459961,10.379892349243164,0.045642852783203125
scan9,4,3,large_disparity,2733,2.568446636199951,2.4083120822906494,-0.16013455390930176
scan9,4,3,occluded_any,1273,5.823389530181885,5.687848091125488,-0.13554143905639648
scan9,4,3,occluded_majority,777,6.596132755279541,5.493020057678223,-1.1031126976013184
scan9,4,3,large_disp_and_occluded,174,5.64078426361084,5.783032417297363,0.14224815368652344
scan9,4,3,boundary_and_occluded,330,9.223589897155762,10.447248458862305,1.223658561706543
scan9,5,3,full,13495,3.3475751876831055,2.3069093227386475,-1.040665864944458
scan9,5,3,boundary,1350,10.457103729248047,10.790427207946777,0.33332347869873047
scan9,5,3,large_disparity,2699,8.384977340698242,3.7763516902923584,-4.608625650405884
scan9,5,3,occluded_any,1995,6.220523834228516,6.666658878326416,0.4461350440979004
scan9,5,3,occluded_majority,739,7.753269195556641,6.549753665924072,-1.2035155296325684
scan9,5,3,large_disp_and_occluded,297,8.769987106323242,13.425148010253906,4.655160903930664
scan9,5,3,boundary_and_occluded,673,10.008882522583008,12.320338249206543,2.311455726623535
scan9,6,3,full,16776,1.8532646894454956,2.4347217082977295,0.5814570188522339
scan9,6,3,boundary,1678,7.678460121154785,8.107731819152832,0.4292716979980469
scan9,6,3,large_disparity,3356,2.1476261615753174,4.923624038696289,2.7759978771209717
scan9,6,3,occluded_any,3238,4.274170875549316,4.5937180519104,0.319547176361084
scan9,6,3,occluded_majority,1273,7.551821708679199,8.356756210327148,0.8049345016479492
scan9,6,3,large_disp_and_occluded,1099,4.204841613769531,5.511986255645752,1.3071446418762207
scan9,6,3,boundary_and_occluded,1028,8.661507606506348,8.695969581604004,0.03446197509765625
scan9,7,3,full,17910,1.8146857023239136,1.8185423612594604,0.003856658935546875
scan9,7,3,boundary,1791,8.446246147155762,7.421936511993408,-1.0243096351623535
scan9,7,3,large_disparity,3582,2.4515554904937744,2.899149179458618,0.44759368896484375
scan9,7,3,occluded_any,2420,6.420810699462891,5.409648895263672,-1.0111618041992188
scan9,7,3,occluded_majority,809,11.011874198913574,8.542220115661621,-2.469654083251953
scan9,7,3,large_disp_and_occluded,589,7.686800956726074,7.471462726593018,-0.21533823013305664
scan9,7,3,boundary_and_occluded,1194,9.58812141418457,8.078110694885254,-1.5100107192993164
scan9,8,3,full,18376,1.672400712966919,1.6036779880523682,-0.06872272491455078
scan9,8,3,boundary,1838,6.519464492797852,5.604072093963623,-0.9153923988342285
scan9,8,3,large_disparity,3676,3.1127631664276123,2.9721567630767822,-0.14060640335083008
scan9,8,3,occluded_any,2079,5.6655964851379395,4.843822956085205,-0.8217735290527344
scan9,8,3,occluded_majority,902,8.407369613647461,6.681397438049316,-1.7259721755981445
scan9,8,3,large_disp_and_occluded,676,7.850299835205078,5.944684982299805,-1.9056148529052734
scan9,8,3,boundary_and_occluded,1038,8.23289680480957,6.985983371734619,-1.2469134330749512
scan9,9,3,full,18277,1.6516644954681396,1.4621375799179077,-0.18952691555023193
scan9,9,3,boundary,1828,6.999739170074463,5.643942356109619,-1.3557968139648438
scan9,9,3,large_disparity,3656,2.675494432449341,2.501793146133423,-0.17370128631591797
scan9,9,3,occluded_any,1857,7.157542705535889,5.540663242340088,-1.6168794631958008
scan9,9,3,occluded_majority,895,11.742058753967285,8.812240600585938,-2.9298181533813477
scan9,9,3,large_disp_and_occluded,503,12.219720840454102,10.400288581848145,-1.819432258605957
scan9,9,3,boundary_and_occluded,972,9.111967086791992,6.9901204109191895,-2.1218466758728027
scan9,10,3,full,18198,1.7137176990509033,1.5462433099746704,-0.1674743890762329
scan9,10,3,boundary,1820,7.59397029876709,6.3983235359191895,-1.1956467628479004
scan9,10,3,large_disparity,3640,1.7639726400375366,1.5621665716171265,-0.20180606842041016
scan9,10,3,occluded_any,1749,6.789283752441406,5.786604404449463,-1.0026793479919434
scan9,10,3,occluded_majority,829,10.038400650024414,8.348016738891602,-1.6903839111328125
scan9,10,3,large_disp_and_occluded,319,6.041884422302246,5.3066840171813965,-0.7352004051208496
scan9,10,3,boundary_and_occluded,933,9.711590766906738,8.101829528808594,-1.6097612380981445
scan9,11,3,full,16584,1.837053894996643,1.7954472303390503,-0.04160666465759277
scan9,11,3,boundary,1659,7.968883037567139,7.574223518371582,-0.39465951919555664
scan9,11,3,large_disparity,3317,1.673771858215332,1.4831472635269165,-0.19062459468841553
scan9,11,3,occluded_any,1572,6.789248466491699,6.532008647918701,-0.25723981857299805
scan9,11,3,occluded_majority,890,9.51524543762207,9.205748558044434,-0.3094968795776367
scan9,11,3,large_disp_and_occluded,357,2.364199161529541,1.5660223960876465,-0.7981767654418945
scan9,11,3,boundary_and_occluded,743,10.975626945495605,10.237631797790527,-0.7379951477050781
scan9,12,3,full,18153,1.4756345748901367,1.2812458276748657,-0.194388747215271
scan9,12,3,boundary,1816,6.588327407836914,5.633031845092773,-0.9552955627441406
scan9,12,3,large_disparity,3631,1.8741756677627563,1.4754579067230225,-0.3987177610397339
scan9,12,3,occluded_any,2287,4.953646183013916,4.1648430824279785,-0.7888031005859375
scan9,12,3,occluded_majority,1087,6.519336700439453,5.565917491912842,-0.9534192085266113
scan9,12,3,large_disp_and_occluded,665,5.688207149505615,3.6415181159973145,-2.046689033508301
scan9,12,3,boundary_and_occluded,1121,7.704379558563232,6.69107723236084,-1.0133023262023926
scan9,13,3,full,18216,1.5214002132415771,1.4482125043869019,-0.07318770885467529
scan9,13,3,boundary,1822,7.107900142669678,6.104275226593018,-1.0036249160766602
scan9,13,3,large_disparity,3644,1.7089931964874268,2.016185998916626,0.3071928024291992
scan9,13,3,occluded_any,1862,5.920641899108887,5.057339668273926,-0.8633022308349609
scan9,13,3,occluded_majority,958,8.124488830566406,6.979020595550537,-1.1454682350158691
scan9,13,3,large_disp_and_occluded,464,5.969460487365723,7.1015849113464355,1.132124423980713
scan9,13,3,boundary_and_occluded,1054,8.139731407165527,6.799353122711182,-1.3403782844543457
scan9,14,3,full,17992,2.019984722137451,1.5951145887374878,-0.4248701333999634
scan9,14,3,boundary,1800,7.683220386505127,6.184286117553711,-1.498934268951416
scan9,14,3,large_disparity,3599,3.940574884414673,2.8046061992645264,-1.1359686851501465
scan9,14,3,occluded_any,1988,9.427535057067871,6.706861972808838,-2.720673084259033
scan9,14,3,occluded_majority,1169,13.470891952514648,9.405896186828613,-4.064995765686035
scan9,14,3,large_disp_and_occluded,587,14.944548606872559,9.969505310058594,-4.975043296813965
scan9,14,3,boundary_and_occluded,1090,9.999423027038574,7.815063953399658,-2.184359073638916
scan9,15,3,full,17921,1.5815805196762085,1.3904691934585571,-0.19111132621765137
scan9,15,3,boundary,1793,5.431138515472412,4.811583042144775,-0.6195554733276367
scan9,15,3,large_disparity,3585,2.8425912857055664,2.43190860748291,-0.41068267822265625
scan9,15,3,occluded_any,2075,5.918883800506592,4.640015125274658,-1.2788686752319336
scan9,15,3,occluded_majority,958,8.91772174835205,6.789284706115723,-2.128437042236328
scan9,15,3,large_disp_and_occluded,718,8.243977546691895,5.806845188140869,-2.4371323585510254
scan9,15,3,boundary_and_occluded,1095,6.663717269897461,5.898085594177246,-0.7656316757202148
scan9,16,3,full,17315,1.6132508516311646,1.5665647983551025,-0.04668605327606201
scan9,16,3,boundary,1732,6.360733509063721,5.9593915939331055,-0.40134191513061523
scan9,16,3,large_disparity,3463,2.70552134513855,2.616468906402588,-0.08905243873596191
scan9,16,3,occluded_any,2357,5.628628253936768,5.315929889678955,-0.3126983642578125
scan9,16,3,occluded_majority,1093,8.589598655700684,8.192144393920898,-0.39745426177978516
scan9,16,3,large_disp_and_occluded,824,7.148386478424072,6.715649604797363,-0.432736873626709
scan9,16,3,boundary_and_occluded,1079,7.7129387855529785,7.275984287261963,-0.4369544982910156
scan9,17,3,full,16485,2.17175555229187,1.6490354537963867,-0.5227200984954834
scan9,17,3,boundary,1649,10.14305591583252,7.202345848083496,-2.9407100677490234
scan9,17,3,large_disparity,3297,3.682446002960205,1.953540563583374,-1.728905439376831
scan9,17,3,occluded_any,2424,8.01115608215332,5.381282329559326,-2.629873752593994
scan9,17,3,occluded_majority,1298,11.07363224029541,7.900521755218506,-3.1731104850769043
scan9,17,3,large_disp_and_occluded,685,11.654991149902344,5.1818695068359375,-6.473121643066406
scan9,17,3,boundary_and_occluded,1051,12.885652542114258,8.886066436767578,-3.9995861053466797
scan9,18,3,full,14288,2.9649498462677,2.3338983058929443,-0.6310515403747559
scan9,18,3,boundary,1429,11.448033332824707,9.762706756591797,-1.6853265762329102
scan9,18,3,large_disparity,2858,4.882265567779541,2.3284757137298584,-2.5537898540496826
scan9,18,3,occluded_any,1998,10.327008247375488,7.207221031188965,-3.1197872161865234
scan9,18,3,occluded_majority,811,13.03036117553711,9.756502151489258,-3.2738590240478516
scan9,18,3,large_disp_and_occluded,566,15.989692687988281,6.539971828460693,-9.449720859527588
scan9,18,3,boundary_and_occluded,767,14.612443923950195,13.105427742004395,-1.5070161819458008
scan9,19,3,full,11800,3.6760966777801514,4.746666431427002,1.0705697536468506
scan9,19,3,boundary,1180,14.847285270690918,11.567686080932617,-3.279599189758301
scan9,19,3,large_disparity,2360,6.7398858070373535,12.296563148498535,5.556677341461182
scan9,19,3,occluded_any,1287,13.593282699584961,11.447822570800781,-2.1454601287841797
scan9,19,3,occluded_majority,629,17.432109832763672,13.742790222167969,-3.689319610595703
scan9,19,3,large_disp_and_occluded,206,26.80271339416504,14.25615406036377,-12.54655933380127
scan9,19,3,boundary_and_occluded,479,19.077617645263672,13.927931785583496,-5.149685859680176
scan9,20,3,full,14099,3.4232614040374756,2.189952850341797,-1.2333085536956787
scan9,20,3,boundary,1410,15.42585563659668,9.719097137451172,-5.706758499145508
scan9,20,3,large_disparity,2820,6.762698650360107,2.060852289199829,-4.701846361160278
scan9,20,3,occluded_any,2149,12.137288093566895,7.5687713623046875,-4.568516731262207
scan9,20,3,occluded_majority,1026,18.797611236572266,12.206525802612305,-6.591085433959961
scan9,20,3,large_disp_and_occluded,527,17.663414001464844,4.195485591888428,-13.467928409576416
scan9,20,3,boundary_and_occluded,946,19.026596069335938,11.431520462036133,-7.595075607299805
scan9,21,3,full,15766,2.8157851696014404,2.220395803451538,-0.5953893661499023
scan9,21,3,boundary,1577,13.36571216583252,9.811025619506836,-3.5546865463256836
scan9,21,3,large_disparity,3154,4.405275821685791,2.883540630340576,-1.5217351913452148
scan9,21,3,occluded_any,2533,10.738391876220703,8.195905685424805,-2.5424861907958984
scan9,21,3,occluded_majority,1523,14.905267715454102,11.638465881347656,-3.2668018341064453
scan9,21,3,large_disp_and_occluded,630,11.747259140014648,7.453641891479492,-4.293617248535156
scan9,21,3,boundary_and_occluded,1230,15.326520919799805,11.479903221130371,-3.8466176986694336
scan9,22,3,full,16312,1.8322992324829102,1.5801255702972412,-0.25217366218566895
scan9,22,3,boundary,1632,7.382434368133545,6.081761360168457,-1.300673007965088
scan9,22,3,large_disparity,3263,3.512317657470703,3.0082056522369385,-0.5041120052337646
scan9,22,3,occluded_any,1832,8.070843696594238,6.1692399978637695,-1.9016036987304688
scan9,22,3,occluded_majority,1028,11.089595794677734,8.428418159484863,-2.661177635192871
scan9,22,3,large_disp_and_occluded,787,8.694663047790527,6.47223424911499,-2.222428798675537
scan9,22,3,boundary_and_occluded,960,10.190463066101074,8.15610408782959,-2.0343589782714844
scan9,23,3,full,16840,1.8617554903030396,1.4420086145401,-0.41974687576293945
scan9,23,3,boundary,1684,8.391740798950195,6.019587516784668,-2.3721532821655273
scan9,23,3,large_disparity,3368,4.004140377044678,2.91511607170105,-1.089024305343628
scan9,23,3,occluded_any,1839,9.418761253356934,6.234393119812012,-3.184368133544922
scan9,23,3,occluded_majority,941,12.360130310058594,8.319550514221191,-4.040579795837402
scan9,23,3,large_disp_and_occluded,907,11.408881187438965,7.326085090637207,-4.082796096801758
scan9,23,3,boundary_and_occluded,1052,10.65408706665039,7.648300647735596,-3.005786418914795
scan9,24,3,full,17237,1.6930227279663086,1.5140621662139893,-0.17896056175231934
scan9,24,3,boundary,1724,7.59992790222168,6.803952217102051,-0.7959756851196289
scan9,24,3,large_disparity,3448,3.3725855350494385,2.702054977416992,-0.6705305576324463
scan9,24,3,occluded_any,1750,9.066821098327637,7.552972316741943,-1.5138487815856934
scan9,24,3,occluded_majority,923,12.967732429504395,10.79390811920166,-2.1738243103027344
scan9,24,3,large_disp_and_occluded,855,10.049359321594238,7.624190330505371,-2.425168991088867
scan9,24,3,boundary_and_occluded,1093,9.750998497009277,8.513201713562012,-1.2377967834472656
scan9,25,3,full,17525,1.5058168172836304,1.3453513383865356,-0.16046547889709473
scan9,25,3,boundary,1753,6.901186466217041,5.7662153244018555,-1.1349711418151855
scan9,25,3,large_disparity,3505,2.320140838623047,2.001985549926758,-0.31815528869628906
scan9,25,3,occluded_any,1682,7.631688594818115,6.218725681304932,-1.4129629135131836
scan9,25,3,occluded_majority,809,11.008476257324219,8.752054214477539,-2.2564220428466797
scan9,25,3,large_disp_and_occluded,655,7.777462959289551,6.155330657958984,-1.6221323013305664
scan9,25,3,boundary_and_occluded,1064,9.177699089050293,7.7152018547058105,-1.4624972343444824
scan9,26,3,full,17555,1.7702275514602661,1.4402384757995605,-0.32998907566070557
scan9,26,3,boundary,1756,8.631938934326172,6.851571559906006,-1.780367374420166
scan9,26,3,large_disparity,3511,3.211160659790039,1.7937772274017334,-1.4173834323883057
scan9,26,3,occluded_any,1953,9.002856254577637,5.950654029846191,-3.0522022247314453
scan9,26,3,occluded_majority,818,13.891735076904297,8.657835960388184,-5.233899116516113
scan9,26,3,large_disp_and_occluded,704,10.993453979492188,4.452143669128418,-6.5413103103637695
scan9,26,3,boundary_and_occluded,1131,11.554755210876465,8.168566703796387,-3.386188507080078
scan9,27,3,full,17008,1.8699297904968262,1.433257818222046,-0.4366719722747803
scan9,27,3,boundary,1701,9.132862091064453,6.78497314453125,-2.347888946533203
scan9,27,3,large_disparity,3402,1.0941720008850098,1.030171275138855,-0.06400072574615479
scan9,27,3,occluded_any,2037,8.405900001525879,5.502669334411621,-2.903230667114258
scan9,27,3,occluded_majority,902,12.030898094177246,7.6305341720581055,-4.400363922119141
scan9,27,3,large_disp_and_occluded,349,2.9219906330108643,2.3697285652160645,-0.5522620677947998
scan9,27,3,boundary_and_occluded,1139,10.842923164367676,7.699171543121338,-3.143751621246338
scan9,28,3,full,14394,2.2604682445526123,2.23783802986145,-0.02263021469116211
scan9,28,3,boundary,1440,11.850409507751465,11.118908882141113,-0.7315006256103516
scan9,28,3,large_disparity,2879,4.751018047332764,4.446502208709717,-0.3045158386230469
scan9,28,3,occluded_any,1350,12.527497291564941,11.654289245605469,-0.8732080459594727
scan9,28,3,occluded_majority,912,15.953466415405273,14.654457092285156,-1.2990093231201172
scan9,28,3,large_disp_and_occluded,668,16.114213943481445,14.497490882873535,-1.6167230606079102
scan9,28,3,boundary_and_occluded,823,16.634065628051758,15.320454597473145,-1.3136110305786133
scan9,29,3,full,15854,1.9304369688034058,1.6869386434555054,-0.2434983253479004
scan9,29,3,boundary,1586,10.016401290893555,8.370314598083496,-1.6460866928100586
scan9,29,3,large_disparity,3171,4.015608787536621,3.6202492713928223,-0.39535951614379883
scan9,29,3,occluded_any,2012,8.703475952148438,7.274714946746826,-1.4287610054016113
scan9,29,3,occluded_majority,904,14.798590660095215,12.687926292419434,-2.1106643676757812
scan9,29,3,large_disp_and_occluded,781,12.770439147949219,11.539608001708984,-1.2308311462402344
scan9,29,3,boundary_and_occluded,1097,12.200060844421387,10.029825210571289,-2.1702356338500977
scan9,30,3,full,16441,1.6859501600265503,1.4904686212539673,-0.195481538772583
scan9,30,3,boundary,1645,9.065279960632324,7.765392780303955,-1.2998871803283691
scan9,30,3,large_disparity,3289,2.832460880279541,2.4653444290161133,-0.36711645126342773
scan9,30,3,occluded_any,1613,9.222127914428711,7.8069868087768555,-1.4151411056518555
scan9,30,3,occluded_majority,773,13.634235382080078,11.280850410461426,-2.3533849716186523
scan9,30,3,large_disp_and_occluded,686,8.845192909240723,7.851480007171631,-0.9937129020690918
scan9,30,3,boundary_and_occluded,1059,11.501274108886719,9.794617652893066,-1.7066564559936523
scan9,31,3,full,16608,1.6613517999649048,1.3911625146865845,-0.2701892852783203
scan9,31,3,boundary,1661,9.132355690002441,7.070873260498047,-2.0614824295043945
scan9,31,3,large_disparity,3322,4.459272384643555,3.2932252883911133,-1.1660470962524414
scan9,31,3,occluded_any,1325,11.280633926391602,8.5906343460083,-2.689999580383301
scan9,31,3,occluded_majority,668,16.554107666015625,12.272765159606934,-4.281342506408691
scan9,31,3,large_disp_and_occluded,689,16.028732299804688,11.058876991271973,-4.969855308532715
scan9,31,3,boundary_and_occluded,925,14.019640922546387,10.720376014709473,-3.299264907836914
scan9,32,3,full,16765,1.7738761901855469,1.4720567464828491,-0.30181944370269775
scan9,32,3,boundary,1677,9.88353443145752,7.862977981567383,-2.0205564498901367
scan9,32,3,large_disparity,3353,5.026013374328613,3.889857292175293,-1.1361560821533203
scan9,32,3,occluded_any,1282,13.22989273071289,10.080057144165039,-3.1498355865478516
scan9,32,3,occluded_majority,648,17.712875366210938,13.43725299835205,-4.275622367858887
scan9,32,3,large_disp_and_occluded,700,19.489276885986328,14.445192337036133,-5.044084548950195
scan9,32,3,boundary_and_occluded,888,15.78630542755127,12.202958106994629,-3.5833473205566406
scan9,33,3,full,16304,1.7188684940338135,1.411625623703003,-0.30724287033081055
scan9,33,3,boundary,1631,9.003303527832031,6.867635726928711,-2.1356678009033203
scan9,33,3,large_disparity,3261,4.534794807434082,3.3962972164154053,-1.1384975910186768
scan9,33,3,occluded_any,1378,11.656001091003418,8.574319839477539,-3.081681251525879
scan9,33,3,occluded_majority,677,16.944368362426758,12.418658256530762,-4.525710105895996
scan9,33,3,large_disp_and_occluded,804,14.864527702331543,10.514835357666016,-4.349692344665527
scan9,33,3,boundary_and_occluded,904,13.918577194213867,10.30783462524414,-3.6107425689697266
scan9,34,3,full,15393,1.8868682384490967,1.586798071861267,-0.3000701665878296
scan9,34,3,boundary,1540,10.496903419494629,8.408570289611816,-2.0883331298828125
scan9,34,3,large_disparity,3079,4.438204765319824,3.667881727218628,-0.7703230381011963
scan9,34,3,occluded_any,1456,11.645108222961426,9.205778121948242,-2.4393301010131836
scan9,34,3,occluded_majority,827,16.563884735107422,13.005922317504883,-3.557962417602539
scan9,34,3,large_disp_and_occluded,788,13.352903366088867,10.571219444274902,-2.781683921813965
scan9,34,3,boundary_and_occluded,963,14.735433578491211,11.59555721282959,-3.139876365661621
scan9,35,3,full,14618,2.3403451442718506,1.8548126220703125,-0.4855325222015381
scan9,35,3,boundary,1462,12.569613456726074,8.378364562988281,-4.191248893737793
scan9,35,3,large_disparity,2924,5.9610137939453125,4.368245601654053,-1.5927681922912598
scan9,35,3,occluded_any,1602,12.515424728393555,8.468080520629883,-4.047344207763672
scan9,35,3,occluded_majority,667,20.72958755493164,13.512657165527344,-7.216930389404297
scan9,35,3,large_disp_and_occluded,799,15.64678955078125,9.586433410644531,-6.060356140136719
scan9,35,3,boundary_and_occluded,938,16.500774383544922,10.844465255737305,-5.656309127807617
scan9,36,3,full,13902,3.285628080368042,2.1108250617980957,-1.1748030185699463
scan9,36,3,boundary,1391,18.03556251525879,10.23613452911377,-7.7994279861450195
scan9,36,3,large_disparity,2781,6.818322658538818,3.858945846557617,-2.959376811981201
scan9,36,3,occluded_any,1975,15.208045959472656,8.20889949798584,-6.999146461486816
scan9,36,3,occluded_majority,764,25.106698989868164,13.634735107421875,-11.471963882446289
scan9,36,3,large_disp_and_occluded,553,23.48584747314453,11.201854705810547,-12.283992767333984
scan9,36,3,boundary_and_occluded,1048,21.20670509338379,11.8382568359375,-9.368448257446289
scan9,37,3,full,12305,3.266087770462036,2.850731372833252,-0.4153563976287842
scan9,37,3,boundary,1231,16.390336990356445,13.60833740234375,-2.7819995880126953
scan9,37,3,large_disparity,2461,6.213554859161377,5.028768539428711,-1.184786319732666
scan9,37,3,occluded_any,2245,11.459287643432617,7.695919990539551,-3.7633676528930664
scan9,37,3,occluded_majority,974,15.629615783691406,11.967913627624512,-3.6617021560668945
scan9,37,3,large_disp_and_occluded,608,19.593185424804688,9.344827651977539,-10.248357772827148
scan9,37,3,boundary_and_occluded,815,20.689178466796875,14.634126663208008,-6.055051803588867
scan9,38,3,full,9091,4.4641265869140625,3.861034870147705,-0.6030917167663574
scan9,38,3,boundary,910,18.901548385620117,16.67667579650879,-2.224872589111328
scan9,38,3,large_disparity,1819,5.571601390838623,5.4016289710998535,-0.16997241973876953
scan9,38,3,occluded_any,789,16.39396858215332,14.784599304199219,-1.6093692779541016
scan9,38,3,occluded_majority,543,14.671673774719238,15.468246459960938,0.7965726852416992
scan9,38,3,large_disp_and_occluded,148,17.865947723388672,7.91160774230957,-9.954339981079102
scan9,38,3,boundary_and_occluded,414,21.997360229492188,19.05426597595215,-2.943094253540039
scan9,39,3,full,11255,2.862123966217041,2.1659252643585205,-0.6961987018585205
scan9,39,3,boundary,1126,17.755199432373047,10.876272201538086,-6.878927230834961
scan9,39,3,large_disparity,2251,3.7207021713256836,2.4471397399902344,-1.2735624313354492
scan9,39,3,occluded_any,1614,10.874059677124023,6.465981483459473,-4.408078193664551
scan9,39,3,occluded_majority,630,15.461467742919922,9.227561950683594,-6.233905792236328
scan9,39,3,large_disp_and_occluded,503,11.671092987060547,5.531705379486084,-6.139387607574463
scan9,39,3,boundary_and_occluded,725,20.85884666442871,11.737138748168945,-9.121707916259766
scan9,40,3,full,12403,2.555305004119873,1.8221678733825684,-0.7331371307373047
scan9,40,3,boundary,1241,15.286078453063965,9.464530944824219,-5.821547508239746
scan9,40,3,large_disparity,2481,6.901638507843018,4.223341941833496,-2.6782965660095215
scan9,40,3,occluded_any,1560,11.99725341796875,7.8822102546691895,-4.1150431632995605
scan9,40,3,occluded_majority,573,21.331138610839844,12.824258804321289,-8.506879806518555
scan9,40,3,large_disp_and_occluded,693,17.91697883605957,11.091567039489746,-6.825411796569824
scan9,40,3,boundary_and_occluded,938,17.381513595581055,10.959510803222656,-6.422002792358398
scan9,41,3,full,13250,1.9136677980422974,1.5156341791152954,-0.39803361892700195
scan9,41,3,boundary,1325,11.609636306762695,8.206744194030762,-3.4028921127319336
scan9,41,3,large_disparity,2650,5.448634147644043,3.7866945266723633,-1.6619396209716797
scan9,41,3,occluded_any,1065,12.031681060791016,8.418024063110352,-3.613656997680664
scan9,41,3,occluded_majority,416,21.609403610229492,14.16612434387207,-7.443279266357422
scan9,41,3,large_disp_and_occluded,546,18.543983459472656,12.125951766967773,-6.418031692504883
scan9,41,3,boundary_and_occluded,650,17.927038192749023,12.29472827911377,-5.632309913635254
scan9,42,3,full,14465,1.7172956466674805,1.4097687005996704,-0.30752694606781006
scan9,42,3,boundary,1447,9.35822582244873,6.847293853759766,-2.510931968688965
scan9,42,3,large_disparity,2893,4.608110427856445,3.249879837036133,-1.3582305908203125
scan9,42,3,occluded_any,885,13.330078125,9.702296257019043,-3.627781867980957
scan9,42,3,occluded_majority,427,21.397907257080078,15.042149543762207,-6.355757713317871
scan9,42,3,large_disp_and_occluded,459,20.54793930053711,13.667790412902832,-6.880148887634277
scan9,42,3,boundary_and_occluded,638,16.185693740844727,11.419744491577148,-4.765949249267578
scan9,43,3,full,15572,1.6289176940917969,1.232597827911377,-0.3963198661804199
scan9,43,3,boundary,1558,8.859127044677734,5.6473846435546875,-3.211742401123047
scan9,43,3,large_disparity,3115,3.8204996585845947,2.4034693241119385,-1.4170303344726562
scan9,43,3,occluded_any,953,13.2167329788208,8.493509292602539,-4.723223686218262
scan9,43,3,occluded_majority,500,17.9262638092041,11.108205795288086,-6.818058013916016
scan9,43,3,large_disp_and_occluded,457,18.689111709594727,10.793695449829102,-7.895416259765625
scan9,43,3,boundary_and_occluded,649,16.659910202026367,10.372580528259277,-6.28732967376709
scan9,44,3,full,15969,1.4581525325775146,1.2966498136520386,-0.16150271892547607
scan9,44,3,boundary,1597,7.126757621765137,6.047216415405273,-1.0795412063598633
scan9,44,3,large_disparity,3194,3.5894954204559326,2.954310417175293,-0.6351850032806396
scan9,44,3,occluded_any,824,12.866641998291016,10.514842987060547,-2.3517990112304688
scan9,44,3,occluded_majority,417,19.217784881591797,15.250049591064453,-3.9677352905273438
scan9,44,3,large_disp_and_occluded,450,18.72480010986328,14.590429306030273,-4.134370803833008
scan9,44,3,boundary_and_occluded,606,14.217464447021484,11.850515365600586,-2.3669490814208984
scan9,45,3,full,15847,1.5187089443206787,1.3236486911773682,-0.19506025314331055
scan9,45,3,boundary,1585,7.691492557525635,6.18488073348999,-1.5066118240356445
scan9,45,3,large_disparity,3170,3.3323769569396973,2.333702802658081,-0.9986741542816162
scan9,45,3,occluded_any,806,14.64052677154541,11.479007720947266,-3.1615190505981445
scan9,45,3,occluded_majority,339,24.69720458984375,17.273099899291992,-7.424104690551758
scan9,45,3,large_disp_and_occluded,317,22.689485549926758,14.619510650634766,-8.069974899291992
scan9,45,3,boundary_and_occluded,623,14.950236320495605,12.18554973602295,-2.7646865844726562
scan9,46,3,full,15698,1.5385332107543945,1.3275169134140015,-0.21101629734039307
scan9,46,3,boundary,1570,8.354013442993164,6.660638809204102,-1.6933746337890625
scan9,46,3,large_disparity,3140,2.448073625564575,1.9766547679901123,-0.4714188575744629
scan9,46,3,occluded_any,1032,11.1721830368042,8.813252449035645,-2.3589305877685547
scan9,46,3,occluded_majority,427,17.649911880493164,13.63746166229248,-4.012450218200684
scan9,46,3,large_disp_and_occluded,290,13.990887641906738,10.550350189208984,-3.440537452697754
scan9,46,3,boundary_and_occluded,811,12.938591003417969,10.13790512084961,-2.8006858825683594
scan9,47,3,full,15228,1.6671801805496216,1.386422872543335,-0.2807573080062866
scan9,47,3,boundary,1523,9.181062698364258,7.203210830688477,-1.9778518676757812
scan9,47,3,large_disparity,3046,2.248629093170166,1.7527573108673096,-0.49587178230285645
scan9,47,3,occluded_any,1275,9.55168628692627,6.903146266937256,-2.6485400199890137
scan9,47,3,occluded_majority,555,14.739014625549316,10.682126998901367,-4.056887626647949
scan9,47,3,large_disp_and_occluded,408,9.28844928741455,6.294285297393799,-2.994163990020752
scan9,47,3,boundary_and_occluded,854,13.171278953552246,9.41888427734375,-3.752394676208496
scan9,48,3,full,13968,1.7813081741333008,1.5727620124816895,-0.20854616165161133
scan9,48,3,boundary,1397,9.957229614257812,7.970539569854736,-1.9866900444030762
scan9,48,3,large_disparity,2794,3.1604278087615967,2.3859798908233643,-0.7744479179382324
scan9,48,3,occluded_any,850,10.53183364868164,8.275233268737793,-2.2566003799438477
scan9,48,3,occluded_majority,403,14.473296165466309,10.331314086914062,-4.141982078552246
scan9,48,3,large_disp_and_occluded,362,13.365846633911133,9.154958724975586,-4.210887908935547
scan9,48,3,boundary_and_occluded,639,13.31417465209961,10.298810958862305,-3.0153636932373047
scan10,0,3,full,19021,1.6352523565292358,1.3053677082061768,-0.3298846483230591
scan10,0,3,boundary,1903,5.426084518432617,5.661045074462891,0.23496055603027344
scan10,0,3,large_disparity,3805,1.6388477087020874,1.2765413522720337,-0.3623063564300537
scan10,0,3,occluded_any,94,5.106095314025879,8.511865615844727,3.4057703018188477
scan10,0,3,occluded_majority,67,4.0554656982421875,5.402573108673096,1.3471074104309082
scan10,0,3,large_disp_and_occluded,4,8.535308837890625,37.75883483886719,29.223526000976562
scan10,0,3,boundary_and_occluded,94,5.106095314025879,8.511865615844727,3.4057703018188477
scan10,1,3,full,20096,1.0314332246780396,1.3246173858642578,0.29318416118621826
scan10,1,3,boundary,2010,3.6650278568267822,4.518235683441162,0.8532078266143799
scan10,1,3,large_disparity,4020,1.3589279651641846,3.423968553543091,2.0650405883789062
scan10,1,3,occluded_any,1165,5.680314540863037,8.047175407409668,2.366860866546631
scan10,1,3,occluded_majority,238,13.173578262329102,16.784332275390625,3.6107540130615234
scan10,1,3,large_disp_and_occluded,227,9.253988265991211,26.43435287475586,17.18036460876465
scan10,1,3,boundary_and_occluded,835,6.895766258239746,9.072998046875,2.177231788635254
scan10,2,3,full,20208,1.3235491514205933,2.4200336933135986,1.0964845418930054
scan10,2,3,boundary,2021,3.4215519428253174,5.680898189544678,2.2593462467193604
scan10,2,3,large_disparity,4042,2.7418906688690186,8.1915283203125,5.4496376514434814
scan10,2,3,occluded_any,373,7.835023880004883,21.025493621826172,13.190469741821289
scan10,2,3,occluded_majority,217,9.50655460357666,26.47707176208496,16.9705171585083
scan10,2,3,large_disp_and_occluded,132,11.912430763244629,51.477474212646484,39.565043449401855
scan10,2,3,boundary_and_occluded,274,8.451445579528809,19.23178482055664,10.780339241027832
scan10,3,3,full,19410,1.2176501750946045,1.540258765220642,0.3226085901260376
scan10,3,3,boundary,1941,4.648584365844727,5.114841461181641,0.46625709533691406
scan10,3,3,large_disparity,3882,1.6034386157989502,3.3679122924804688,1.7644736766815186
scan10,3,3,occluded_any,1918,3.8348498344421387,4.352941513061523,0.5180916786193848
scan10,3,3,occluded_majority,572,8.850617408752441,10.596375465393066,1.745758056640625
scan10,3,3,large_disp_and_occluded,556,4.004436492919922,5.575493335723877,1.571056842803955
scan10,3,3,boundary_and_occluded,351,15.997415542602539,19.086017608642578,3.088602066040039
scan10,4,3,full,16155,1.2587809562683105,1.8500583171844482,0.5912773609161377
scan10,4,3,boundary,1616,5.554738998413086,5.800574779510498,0.2458357810974121
scan10,4,3,large_disparity,3231,2.0023553371429443,4.456527233123779,2.454171895980835
scan10,4,3,occluded_any,622,7.250420093536377,8.883085250854492,1.6326651573181152
scan10,4,3,occluded_majority,120,2.9223763942718506,3.631218910217285,0.7088425159454346
scan10,4,3,large_disp_and_occluded,392,8.073375701904297,9.765471458435059,1.6920957565307617
scan10,4,3,boundary_and_occluded,260,13.08409595489502,17.24321174621582,4.159115791320801
scan10,5,3,full,16152,1.6345503330230713,1.4239357709884644,-0.21061456203460693
scan10,5,3,boundary,1616,6.392592430114746,6.792418956756592,0.3998265266418457
scan10,5,3,large_disparity,3231,2.394839286804199,2.690836191177368,0.29599690437316895
scan10,5,3,occluded_any,286,9.526891708374023,9.465095520019531,-0.06179618835449219
scan10,5,3,occluded_majority,177,8.620380401611328,8.140894889831543,-0.47948551177978516
scan10,5,3,large_disp_and_occluded,62,1.0419114828109741,1.0945719480514526,0.052660465240478516
scan10,5,3,boundary_and_occluded,228,9.844459533691406,10.157108306884766,0.3126487731933594
scan10,6,3,full,19119,2.1644396781921387,1.9394209384918213,-0.22501873970031738
scan10,6,3,boundary,1912,7.5227861404418945,8.228860855102539,0.7060747146606445
scan10,6,3,large_disparity,3824,5.113404750823975,3.2691986560821533,-1.8442060947418213
scan10,6,3,occluded_any,2130,8.095905303955078,9.893882751464844,1.7979774475097656
scan10,6,3,occluded_majority,1376,9.929240226745605,14.238993644714355,4.30975341796875
scan10,6,3,large_disp_and_occluded,778,13.035588264465332,9.697856903076172,-3.33773136138916
scan10,6,3,boundary_and_occluded,329,33.54397964477539,39.707130432128906,6.163150787353516
scan10,7,3,full,20031,1.4380651712417603,1.0876879692077637,-0.3503772020339966
scan10,7,3,boundary,2004,6.08401346206665,3.2239913940429688,-2.8600220680236816
scan10,7,3,large_disparity,4007,3.0258312225341797,1.5616986751556396,-1.46413254737854
scan10,7,3,occluded_any,1923,5.551669120788574,3.131260395050049,-2.4204087257385254
scan10,7,3,occluded_majority,325,8.465036392211914,7.477527618408203,-0.9875087738037109
scan10,7,3,large_disp_and_occluded,561,6.8358283042907715,4.89262056350708,-1.9432077407836914
scan10,7,3,boundary_and_occluded,1272,7.768952369689941,4.024947166442871,-3.7440052032470703
scan10,8,3,full,19999,0.926189661026001,0.7578502297401428,-0.16833943128585815
scan10,8,3,boundary,2000,1.8832945823669434,1.6589570045471191,-0.22433757781982422
scan10,8,3,large_disparity,4000,1.3130781650543213,1.0966135263442993,-0.21646463871002197
scan10,8,3,occluded_any,521,3.187737464904785,3.006361961364746,-0.18137550354003906
scan10,8,3,occluded_majority,327,3.4991862773895264,3.291991710662842,-0.20719456672668457
scan10,8,3,large_disp_and_occluded,170,2.911973714828491,2.943539619445801,0.03156590461730957
scan10,8,3,boundary_and_occluded,363,4.020963668823242,3.776876211166382,-0.24408745765686035
scan10,9,3,full,19677,1.2099945545196533,1.1614720821380615,-0.0485224723815918
scan10,9,3,boundary,1968,2.3507323265075684,1.8567644357681274,-0.4939678907394409
scan10,9,3,large_disparity,3936,2.930196762084961,2.8568642139434814,-0.07333254814147949
scan10,9,3,occluded_any,505,4.881094455718994,4.194214820861816,-0.6868796348571777
scan10,9,3,occluded_majority,260,6.127615928649902,4.969340801239014,-1.1582751274108887
scan10,9,3,large_disp_and_occluded,178,6.4720611572265625,5.132728576660156,-1.3393325805664062
scan10,9,3,boundary_and_occluded,397,5.477246284484863,4.589000225067139,-0.8882460594177246
scan10,10,3,full,20027,1.096993327140808,1.5468101501464844,0.44981682300567627
scan10,10,3,boundary,2003,3.395958662033081,6.625018119812012,3.2290594577789307
scan10,10,3,large_disparity,4006,1.732232689857483,2.504568338394165,0.7723356485366821
scan10,10,3,occluded_any,342,6.877981662750244,11.084625244140625,4.206643581390381
scan10,10,3,occluded_majority,189,6.220612525939941,8.785231590270996,2.5646190643310547
scan10,10,3,large_disp_and_occluded,82,11.074742317199707,7.260705947875977,-3.8140363693237305
scan10,10,3,boundary_and_occluded,309,7.305642604827881,11.876705169677734,4.5710625648498535
scan10,11,3,full,17641,3.1248514652252197,1.8977175951004028,-1.227133870124817
scan10,11,3,boundary,1765,20.35515594482422,8.682284355163574,-11.672871589660645
scan10,11,3,large_disparity,3529,9.769497871398926,3.8105385303497314,-5.958959341049194
scan10,11,3,occluded_any,259,25.764060974121094,7.0176215171813965,-18.746439456939697
scan10,11,3,occluded_majority,228,24.40030860900879,7.02606201171875,-17.37424659729004
scan10,11,3,large_disp_and_occluded,161,33.068294525146484,3.007474422454834,-30.06082010269165
scan10,11,3,boundary_and_occluded,239,26.948566436767578,6.665706157684326,-20.282860279083252
scan10,12,3,full,18974,2.0027670860290527,1.430678367614746,-0.5720887184143066
scan10,12,3,boundary,1898,11.77161979675293,6.694077014923096,-5.077542781829834
scan10,12,3,large_disparity,3795,4.101778984069824,1.8174536228179932,-2.284325361251831
scan10,12,3,occluded_any,1928,9.224898338317871,6.079065799713135,-3.1458325386047363
scan10,12,3,occluded_majority,623,14.776226043701172,10.211137771606445,-4.565088272094727
scan10,12,3,large_disp_and_occluded,668,10.522825241088867,2.77774977684021,-7.745075464248657
scan10,12,3,boundary_and_occluded,1050,15.356902122497559,9.90922737121582,-5.447674751281738
scan10,13,3,full,18984,1.156650424003601,1.9857174158096313,0.8290669918060303
scan10,13,3,boundary,1899,2.12382173538208,3.1441311836242676,1.0203094482421875
scan10,13,3,large_disparity,3797,2.6555099487304688,6.792468547821045,4.136958599090576
scan10,13,3,occluded_any,531,4.180322647094727,6.6955885887146,2.515265941619873
scan10,13,3,occluded_majority,333,4.76035737991333,8.252601623535156,3.492244243621826
scan10,13,3,large_disp_and_occluded,195,5.292358875274658,12.738593101501465,7.446234226226807
scan10,13,3,boundary_and_occluded,416,4.346264839172363,7.645905494689941,3.299640655517578
scan10,14,3,full,19083,0.9208691120147705,0.8680797815322876,-0.05278933048248291
scan10,14,3,boundary,1909,1.64576256275177,1.459471344947815,-0.18629121780395508
scan10,14,3,large_disparity,3817,1.1915518045425415,1.2944079637527466,0.10285615921020508
scan10,14,3,occluded_any,528,2.8354926109313965,2.7438032627105713,-0.0916893482208252
scan10,14,3,occluded_majority,383,3.0624215602874756,3.0458359718322754,-0.016585588455200195
scan10,14,3,large_disp_and_occluded,231,2.6863980293273926,2.597468614578247,-0.08892941474914551
scan10,14,3,boundary_and_occluded,450,3.0422286987304688,2.905799627304077,-0.1364290714263916
scan10,15,3,full,19673,0.8985430598258972,0.8697807788848877,-0.02876228094100952
scan10,15,3,boundary,1968,1.5581318140029907,1.6568645238876343,0.09873270988464355
scan10,15,3,large_disparity,3935,1.2979105710983276,1.2515424489974976,-0.04636812210083008
scan10,15,3,occluded_any,594,2.57252836227417,3.140073776245117,0.5675454139709473
scan10,15,3,occluded_majority,406,2.8539485931396484,3.460094928741455,0.6061463356018066
scan10,15,3,large_disp_and_occluded,223,2.9001128673553467,3.042116403579712,0.14200353622436523
scan10,15,3,boundary_and_occluded,451,2.933627128601074,3.7025911808013916,0.7689640522003174
scan10,16,3,full,19594,2.376519203186035,1.08391535282135,-1.292603850364685
scan10,16,3,boundary,1960,6.945562839508057,2.3864526748657227,-4.559110164642334
scan10,16,3,large_disparity,3919,7.940204620361328,1.9051859378814697,-6.035018682479858
scan10,16,3,occluded_any,1075,10.492941856384277,3.3407039642333984,-7.152237892150879
scan10,16,3,occluded_majority,355,18.00760269165039,5.437551021575928,-12.570051670074463
scan10,16,3,large_disp_and_occluded,326,24.017471313476562,4.847442150115967,-19.170029163360596
scan10,16,3,boundary_and_occluded,836,10.670130729675293,3.45238995552063,-7.217740774154663
scan10,17,3,full,19259,6.404805660247803,1.9953089952468872,-4.4094966650009155
scan10,17,3,boundary,1926,50.30665969848633,9.292526245117188,-41.01413345336914
scan10,17,3,large_disparity,3852,26.519237518310547,3.4126617908477783,-23.10657572746277
scan10,17,3,occluded_any,2334,20.035133361816406,9.901254653930664,-10.133878707885742
scan10,17,3,occluded_majority,780,20.12336540222168,24.68541145324707,4.562046051025391
scan10,17,3,large_disp_and_occluded,988,38.7945671081543,8.300280570983887,-30.49428653717041
scan10,17,3,boundary_and_occluded,839,49.20277404785156,18.20458984375,-30.998184204101562
scan10,18,3,full,17242,8.950191497802734,2.8908703327178955,-6.059321165084839
scan10,18,3,boundary,1725,66.61604309082031,13.135565757751465,-53.48047733306885
scan10,18,3,large_disparity,3449,38.65977096557617,8.531119346618652,-30.12865161895752
scan10,18,3,occluded_any,1848,30.5264835357666,9.18973445892334,-21.33674907684326
scan10,18,3,occluded_majority,180,59.30862808227539,30.485944747924805,-28.822683334350586
scan10,18,3,large_disp_and_occluded,1235,42.003753662109375,9.146406173706055,-32.85734748840332
scan10,18,3,boundary_and_occluded,688,64.80610656738281,20.066791534423828,-44.739315032958984
scan10,19,3,full,13579,9.307682991027832,3.126831531524658,-6.180851459503174
scan10,19,3,boundary,1358,60.0222053527832,23.81035041809082,-36.21185493469238
scan10,19,3,large_disparity,2716,41.039825439453125,9.786656379699707,-31.253169059753418
scan10,19,3,occluded_any,368,37.44508361816406,20.45103645324707,-16.994047164916992
scan10,19,3,occluded_majority,300,31.95711326599121,13.15965461730957,-18.79745864868164
scan10,19,3,large_disp_and_occluded,275,42.96507263183594,15.93757438659668,-27.027498245239258
scan10,19,3,boundary_and_occluded,355,38.543731689453125,20.936033248901367,-17.607698440551758
scan10,20,3,full,16023,10.596059799194336,2.81351900100708,-7.782540798187256
scan10,20,3,boundary,1603,51.89459228515625,17.6463565826416,-34.24823570251465
scan10,20,3,large_disparity,3205,45.98347854614258,8.242074966430664,-37.741403579711914
scan10,20,3,occluded_any,1436,39.58454895019531,13.523147583007812,-26.0614013671875
scan10,20,3,occluded_majority,776,35.6750602722168,16.607555389404297,-19.0675048828125
scan10,20,3,large_disp_and_occluded,734,68.94379425048828,17.977033615112305,-50.96676063537598
scan10,20,3,boundary_and_occluded,716,54.05843734741211,23.34386444091797,-30.71457290649414
scan10,21,3,full,17736,7.230510711669922,2.4194061756134033,-4.8111045360565186
scan10,21,3,boundary,1774,20.121234893798828,13.966157913208008,-6.15507698059082
scan10,21,3,large_disparity,3548,27.747026443481445,4.579556465148926,-23.16746997833252
scan10,21,3,occluded_any,2334,24.832294464111328,11.407366752624512,-13.424927711486816
scan10,21,3,occluded_majority,803,30.06477165222168,19.310104370117188,-10.754667282104492
scan10,21,3,large_disp_and_occluded,1033,38.37345886230469,10.155522346496582,-28.217936515808105
scan10,21,3,boundary_and_occluded,1225,25.941585540771484,18.386211395263672,-7.5553741455078125
scan10,22,3,full,18177,2.523017644882202,1.0713425874710083,-1.4516750574111938
scan10,22,3,boundary,1818,4.85861873626709,2.288008689880371,-2.5706100463867188
scan10,22,3,large_disparity,3636,9.187134742736816,2.126182794570923,-7.0609519481658936
scan10,22,3,occluded_any,723,8.373546600341797,3.7841756343841553,-4.589370965957642
scan10,22,3,occluded_majority,503,10.296008110046387,4.41403341293335,-5.881974697113037
scan10,22,3,large_disp_and_occluded,531,10.11082935333252,3.8857908248901367,-6.225038528442383
scan10,22,3,boundary_and_occluded,561,9.699729919433594,4.103056907653809,-5.596673011779785
scan10,23,3,full,18378,1.1326037645339966,1.05179762840271,-0.08080613613128662
scan10,23,3,boundary,1838,2.377324342727661,1.9355223178863525,-0.4418020248413086
scan10,23,3,large_disparity,3676,2.303004026412964,1.753617763519287,-0.5493862628936768
scan10,23,3,occluded_any,829,2.994598865509033,2.6128463745117188,-0.38175249099731445
scan10,23,3,occluded_majority,579,3.5579118728637695,3.0225493907928467,-0.5353624820709229
scan10,23,3,large_disp_and_occluded,501,3.8183507919311523,2.195971727371216,-1.6223790645599365
scan10,23,3,boundary_and_occluded,657,3.39597749710083,2.783693790435791,-0.6122837066650391
scan10,24,3,full,18097,0.90498286485672,0.7244864702224731,-0.18049639463424683
scan10,24,3,boundary,1810,1.450654149055481,1.5360314846038818,0.08537733554840088
scan10,24,3,large_disparity,3620,1.3943885564804077,1.1613582372665405,-0.2330303192138672
scan10,24,3,occluded_any,754,1.7083988189697266,1.7995333671569824,0.09113454818725586
scan10,24,3,occluded_majority,505,1.8630857467651367,1.9225280284881592,0.05944228172302246
scan10,24,3,large_disp_and_occluded,442,1.8211216926574707,1.807918667793274,-0.013203024864196777
scan10,24,3,boundary_and_occluded,685,1.7476835250854492,1.8564085960388184,0.10872507095336914
scan10,25,3,full,17396,0.88080233335495,0.9008228778839111,0.02002054452896118
scan10,25,3,boundary,1740,1.8648350238800049,1.7974499464035034,-0.06738507747650146
scan10,25,3,large_disparity,3480,1.8160806894302368,2.035845994949341,0.219765305519104
scan10,25,3,occluded_any,633,2.8554069995880127,2.8191678524017334,-0.0362391471862793
scan10,25,3,occluded_majority,410,3.2016055583953857,3.313769578933716,0.11216402053833008
scan10,25,3,large_disp_and_occluded,397,2.9167299270629883,2.7242212295532227,-0.19250869750976562
scan10,25,3,boundary_and_occluded,583,2.891364097595215,2.801375150680542,-0.08998894691467285
scan10,26,3,full,16924,1.3223377466201782,1.7069244384765625,0.3845866918563843
scan10,26,3,boundary,1693,4.768983364105225,3.300762414932251,-1.4682209491729736
scan10,26,3,large_disparity,3385,3.605527639389038,5.231449604034424,1.6259219646453857
scan10,26,3,occluded_any,1128,5.578790664672852,4.622673511505127,-0.9561171531677246
scan10,26,3,occluded_majority,398,9.371607780456543,6.4765753746032715,-2.8950324058532715
scan10,26,3,large_disp_and_occluded,485,8.773613929748535,6.950728416442871,-1.822885513305664
scan10,26,3,boundary_and_occluded,910,6.089826583862305,4.606183052062988,-1.4836435317993164
scan10,27,3,full,16180,3.026510000228882,1.8408865928649902,-1.1856234073638916
scan10,27,3,boundary,1618,17.286115646362305,9.38110637664795,-7.9050092697143555
scan10,27,3,large_disparity,3236,9.65417766571045,3.2998557090759277,-6.3543219566345215
scan10,27,3,occluded_any,1200,16.502683639526367,12.026862144470215,-4.475821495056152
scan10,27,3,occluded_majority,332,25.660680770874023,20.4446964263916,-5.215984344482422
scan10,27,3,large_disp_and_occluded,607,22.064708709716797,10.55109691619873,-11.513611793518066
scan10,27,3,boundary_and_occluded,536,28.014692306518555,22.500083923339844,-5.514608383178711
scan10,28,3,full,11923,2.995396852493286,2.508114814758301,-0.48728203773498535
scan10,28,3,boundary,1193,13.884413719177246,11.629459381103516,-2.2549543380737305
scan10,28,3,large_disparity,2385,9.989424705505371,8.478026390075684,-1.5113983154296875
scan10,28,3,occluded_any,332,22.35907745361328,14.22569751739502,-8.133379936218262
scan10,28,3,occluded_majority,175,22.711938858032227,13.51192569732666,-9.200013160705566
scan10,28,3,large_disp_and_occluded,255,20.54883575439453,12.93787956237793,-7.610956192016602
scan10,28,3,boundary_and_occluded,310,22.522045135498047,14.503328323364258,-8.018716812133789
scan10,29,3,full,12796,2.8449723720550537,1.9380863904953003,-0.9068859815597534
scan10,29,3,boundary,1280,12.78471851348877,10.28046989440918,-2.50424861907959
scan10,29,3,large_disparity,2560,8.997995376586914,5.478559970855713,-3.519435405731201
scan10,29,3,occluded_any,1418,15.847497940063477,11.941359519958496,-3.9061384201049805
scan10,29,3,occluded_majority,280,33.65803909301758,29.099218368530273,-4.558820724487305
scan10,29,3,large_disp_and_occluded,1019,15.764325141906738,9.943867683410645,-5.820457458496094
scan10,29,3,boundary_and_occluded,466,28.291723251342773,25.380767822265625,-2.9109554290771484
scan10,30,3,full,13541,1.2974417209625244,0.8498106002807617,-0.4476311206817627
scan10,30,3,boundary,1355,5.186637878417969,2.675558567047119,-2.5110793113708496
scan10,30,3,large_disparity,2709,3.5131211280822754,1.802761197090149,-1.7103599309921265
scan10,30,3,occluded_any,1138,5.052468776702881,2.854938507080078,-2.1975302696228027
scan10,30,3,occluded_majority,344,8.962946891784668,4.585842132568359,-4.377104759216309
scan10,30,3,large_disp_and_occluded,478,7.740314960479736,2.8360819816589355,-4.904232978820801
scan10,30,3,boundary_and_occluded,845,6.212213039398193,3.2125513553619385,-2.999661684036255
scan10,31,3,full,14128,0.8554052710533142,0.8155879378318787,-0.03981733322143555
scan10,31,3,boundary,1413,2.422248125076294,2.1790218353271484,-0.2432262897491455
scan10,31,3,large_disparity,2826,2.305784225463867,1.9093552827835083,-0.3964289426803589
scan10,31,3,occluded_any,562,3.5378100872039795,2.7533397674560547,-0.7844703197479248
scan10,31,3,occluded_majority,317,4.0775604248046875,3.38747239112854,-0.6900880336761475
scan10,31,3,large_disp_and_occluded,461,3.6226487159729004,2.846489667892456,-0.7761590480804443
scan10,31,3,boundary_and_occluded,514,3.6734800338745117,2.812368392944336,-0.8611116409301758
scan10,32,3,full,14762,0.6478149890899658,0.6707174181938171,0.02290242910385132
scan10,32,3,boundary,1477,1.715948224067688,1.7121299505233765,-0.0038182735443115234
scan10,32,3,large_disparity,2953,1.5048586130142212,1.479846715927124,-0.025011897087097168
scan10,32,3,occluded_any,637,1.7127783298492432,1.8641022443771362,0.15132391452789307
scan10,32,3,occluded_majority,393,1.8430970907211304,2.1441948413848877,0.3010977506637573
scan10,32,3,large_disp_and_occluded,471,1.8523160219192505,1.9616888761520386,0.10937285423278809
scan10,32,3,boundary_and_occluded,560,1.8051971197128296,1.9350899457931519,0.12989282608032227
scan10,33,3,full,15285,0.9051132798194885,0.7340501546859741,-0.1710631251335144
scan10,33,3,boundary,1529,2.4137825965881348,1.842410683631897,-0.5713719129562378
scan10,33,3,large_disparity,3057,2.329028606414795,1.492672085762024,-0.836356520652771
scan10,33,3,occluded_any,736,2.4617905616760254,2.323291540145874,-0.13849902153015137
scan10,33,3,occluded_majority,475,2.425015926361084,2.616955518722534,0.1919395923614502
scan10,33,3,large_disp_and_occluded,499,3.0861146450042725,2.31032133102417,-0.7757933139801025
scan10,33,3,boundary_and_occluded,592,2.5038139820098877,2.3967297077178955,-0.10708427429199219
scan10,34,3,full,14818,1.182360053062439,1.07164466381073,-0.11071538925170898
scan10,34,3,boundary,1482,3.1625590324401855,2.1498794555664062,-1.0126795768737793
scan10,34,3,large_disparity,2964,3.4611356258392334,2.632913827896118,-0.8282217979431152
scan10,34,3,occluded_any,658,4.727954387664795,2.9161629676818848,-1.8117914199829102
scan10,34,3,occluded_majority,427,5.165387153625488,3.5555131435394287,-1.6098740100860596
scan10,34,3,large_disp_and_occluded,541,5.4326958656311035,3.1388771533966064,-2.293818712234497
scan10,34,3,boundary_and_occluded,526,5.12908935546875,2.9690704345703125,-2.1600189208984375
scan10,35,3,full,14328,4.099764823913574,1.3821918964385986,-2.7175729274749756
scan10,35,3,boundary,1433,8.201091766357422,3.7645602226257324,-4.4365315437316895
scan10,35,3,large_disparity,2866,17.250051498413086,3.603811025619507,-13.646240472793579
scan10,35,3,occluded_any,892,11.251263618469238,4.840154647827148,-6.41110897064209
scan10,35,3,occluded_majority,342,19.46249008178711,7.866334915161133,-11.596155166625977
scan10,35,3,large_disp_and_occluded,529,17.448041915893555,6.742581367492676,-10.705460548400879
scan10,35,3,boundary_and_occluded,712,11.295783042907715,4.952948570251465,-6.34283447265625
scan10,36,3,full,13554,8.750510215759277,2.7904744148254395,-5.960035800933838
scan10,36,3,boundary,1356,21.29068374633789,13.569042205810547,-7.721641540527344
scan10,36,3,large_disparity,2711,37.34823226928711,8.564661026000977,-28.783571243286133
scan10,36,3,occluded_any,1906,34.57305145263672,12.88110065460205,-21.691950798034668
scan10,36,3,occluded_majority,271,42.29534912109375,25.010501861572266,-17.284847259521484
scan10,36,3,large_disp_and_occluded,1146,48.47200012207031,14.050430297851562,-34.42156982421875
scan10,36,3,boundary_and_occluded,654,38.51454544067383,25.437088012695312,-13.077457427978516
scan10,37,3,full,11977,8.4815034866333,2.9971396923065186,-5.484363794326782
scan10,37,3,boundary,1198,18.85599136352539,13.098489761352539,-5.757501602172852
scan10,37,3,large_disparity,2396,37.94879913330078,10.602416038513184,-27.346383094787598
scan10,37,3,occluded_any,1352,41.06049346923828,15.43521785736084,-25.62527561187744
scan10,37,3,occluded_majority,239,36.957489013671875,20.429811477661133,-16.527677536010742
scan10,37,3,large_disp_and_occluded,1144,46.21720504760742,16.180171966552734,-30.037033081054688
scan10,37,3,boundary_and_occluded,480,36.28712463378906,24.985103607177734,-11.302021026611328
scan10,38,3,full,8149,8.735553741455078,5.866368293762207,-2.869185447692871
scan10,38,3,boundary,815,51.049373626708984,43.09778594970703,-7.951587677001953
scan10,38,3,large_disparity,1630,39.321754455566406,25.233877182006836,-14.08787727355957
scan10,38,3,occluded_any,130,69.77555847167969,81.97240447998047,12.196846008300781
scan10,38,3,occluded_majority,74,72.1617660522461,92.2871322631836,20.1253662109375
scan10,38,3,large_disp_and_occluded,100,79.38191223144531,98.90970611572266,19.527793884277344
scan10,38,3,boundary_and_occluded,97,81.5220718383789,93.1697998046875,11.647727966308594
scan10,39,3,full,8929,10.590373992919922,5.976768493652344,-4.613605499267578
scan10,39,3,boundary,893,45.098140716552734,41.386070251464844,-3.7120704650878906
scan10,39,3,large_disparity,1786,46.270103454589844,22.44866180419922,-23.821441650390625
scan10,39,3,occluded_any,1024,52.190208435058594,26.915998458862305,-25.27420997619629
scan10,39,3,occluded_majority,345,73.2547378540039,53.86602020263672,-19.388717651367188
scan10,39,3,large_disp_and_occluded,920,56.93012619018555,29.075641632080078,-27.85448455810547
scan10,39,3,boundary_and_occluded,235,98.9853744506836,76.31261444091797,-22.672760009765625
scan10,40,3,full,9733,16.352327346801758,7.635173797607422,-8.717153549194336
scan10,40,3,boundary,974,99.341552734375,56.5999755859375,-42.7415771484375
scan10,40,3,large_disparity,1947,58.289634704589844,22.195594787597656,-36.09403991699219
scan10,40,3,occluded_any,1377,62.01551055908203,32.968048095703125,-29.047462463378906
scan10,40,3,occluded_majority,257,128.92196655273438,75.5787124633789,-53.34325408935547
scan10,40,3,large_disp_and_occluded,778,78.11964416503906,34.87154006958008,-43.248104095458984
scan10,40,3,boundary_and_occluded,673,95.72343444824219,59.986331939697266,-35.73710250854492
scan10,41,3,full,10597,5.639622211456299,1.9171266555786133,-3.7224955558776855
scan10,41,3,boundary,1060,31.262964248657227,10.164026260375977,-21.09893798828125
scan10,41,3,large_disparity,2120,23.918609619140625,6.6323747634887695,-17.286234855651855
scan10,41,3,occluded_any,398,34.48747253417969,13.014180183410645,-21.473292350769043
scan10,41,3,occluded_majority,208,43.521644592285156,16.711544036865234,-26.810100555419922
scan10,41,3,large_disp_and_occluded,370,37.01252746582031,13.900224685668945,-23.112302780151367
scan10,41,3,boundary_and_occluded,269,46.24675369262695,14.685458183288574,-31.56129550933838
scan10,42,3,full,11402,2.421649217605591,1.8605951070785522,-0.5610541105270386
scan10,42,3,boundary,1141,15.7371244430542,12.031655311584473,-3.7054691314697266
scan10,42,3,large_disparity,2281,9.248394966125488,7.2530364990234375,-1.9953584671020508
scan10,42,3,occluded_any,407,11.845606803894043,8.98685073852539,-2.8587560653686523
scan10,42,3,occluded_majority,273,10.131054878234863,6.895068168640137,-3.2359867095947266
scan10,42,3,large_disp_and_occluded,377,12.696889877319336,9.62304401397705,-3.073845863342285
scan10,42,3,boundary_and_occluded,289,15.379265785217285,11.839070320129395,-3.5401954650878906
scan10,43,3,full,12263,2.3499627113342285,1.0716676712036133,-1.2782950401306152
scan10,43,3,boundary,1227,15.184516906738281,5.693077087402344,-9.491439819335938
scan10,43,3,large_disparity,2453,7.420955181121826,2.803600788116455,-4.617354393005371
scan10,43,3,occluded_any,446,10.07529067993164,4.0094709396362305,-6.06581974029541
scan10,43,3,occluded_majority,334,10.018933296203613,3.6110587120056152,-6.407874584197998
scan10,43,3,large_disp_and_occluded,271,15.911495208740234,6.029664516448975,-9.88183069229126
scan10,43,3,boundary_and_occluded,329,12.968714714050293,5.023756980895996,-7.944957733154297
scan10,44,3,full,11820,1.2658004760742188,0.9447963833808899,-0.32100409269332886
scan10,44,3,boundary,1182,7.546746730804443,4.898914337158203,-2.6478323936462402
scan10,44,3,large_disparity,2364,3.928941011428833,2.659623622894287,-1.269317388534546
scan10,44,3,occluded_any,383,6.81892204284668,5.372424602508545,-1.4464974403381348
scan10,44,3,occluded_majority,272,6.256240367889404,5.542909145355225,-0.7133312225341797
scan10,44,3,large_disp_and_occluded,231,10.692819595336914,8.350774765014648,-2.3420448303222656
scan10,44,3,boundary_and_occluded,321,7.909114360809326,6.2090840339660645,-1.7000303268432617
scan10,45,3,full,10984,2.001871347427368,1.1859842538833618,-0.8158870935440063
scan10,45,3,boundary,1099,12.54881477355957,4.57122278213501,-7.9775919914245605
scan10,45,3,large_disparity,2197,7.525116920471191,3.9480996131896973,-3.577017307281494
scan10,45,3,occluded_any,333,13.433385848999023,4.930348873138428,-8.503036975860596
scan10,45,3,occluded_majority,215,12.255133628845215,5.0258612632751465,-7.229272365570068
scan10,45,3,large_disp_and_occluded,321,13.904775619506836,5.081122398376465,-8.823653221130371
scan10,45,3,boundary_and_occluded,299,14.791492462158203,5.334847927093506,-9.456644535064697
scan10,46,3,full,10296,2.0954434871673584,1.2924094200134277,-0.8030340671539307
scan10,46,3,boundary,1030,10.12956428527832,4.512718200683594,-5.616846084594727
scan10,46,3,large_disparity,2060,7.39437198638916,4.0737128257751465,-3.3206591606140137
scan10,46,3,occluded_any,549,9.282286643981934,3.7812891006469727,-5.500997543334961
scan10,46,3,occluded_majority,215,12.749849319458008,5.450201511383057,-7.299647808074951
scan10,46,3,large_disp_and_occluded,462,10.709696769714355,4.134571552276611,-6.575125217437744
scan10,46,3,boundary_and_occluded,285,14.236478805541992,5.465558052062988,-8.770920753479004
scan10,47,3,full,9532,2.904268503189087,2.8830878734588623,-0.02118062973022461
scan10,47,3,boundary,954,16.351491928100586,20.6479549407959,4.2964630126953125
scan10,47,3,large_disparity,1907,9.453777313232422,8.447553634643555,-1.0062236785888672
scan10,47,3,occluded_any,911,16.988306045532227,18.611988067626953,1.6236820220947266
scan10,47,3,occluded_majority,272,24.945995330810547,32.053504943847656,7.107509613037109
scan10,47,3,large_disp_and_occluded,654,15.398951530456543,13.603517532348633,-1.7954339981079102
scan10,47,3,boundary_and_occluded,488,24.504613876342773,31.33566665649414,6.831052780151367
scan10,48,3,full,9216,4.236724376678467,3.98325777053833,-0.2534666061401367
scan10,48,3,boundary,922,28.553863525390625,28.65326690673828,0.09940338134765625
scan10,48,3,large_disparity,1844,16.88713836669922,15.765326499938965,-1.121811866760254
scan10,48,3,occluded_any,347,40.19349670410156,39.2784423828125,-0.9150543212890625
scan10,48,3,occluded_majority,126,45.218875885009766,46.82571029663086,1.6068344116210938
scan10,48,3,large_disp_and_occluded,332,39.80350875854492,39.34687805175781,-0.4566307067871094
scan10,48,3,boundary_and_occluded,201,58.77556610107422,60.93659591674805,2.161029815673828
scan11,0,3,full,17554,17.474132537841797,15.692733764648438,-1.7813987731933594
scan11,0,3,boundary,1756,11.908388137817383,13.49433422088623,1.5859460830688477
scan11,0,3,large_disparity,3511,75.90353393554688,67.01358795166016,-8.889945983886719
scan11,0,3,occluded_any,1253,62.624969482421875,47.645362854003906,-14.979606628417969
scan11,0,3,occluded_majority,880,64.25997161865234,47.31245422363281,-16.94751739501953
scan11,0,3,large_disp_and_occluded,650,96.5323715209961,70.45304107666016,-26.079330444335938
scan11,0,3,boundary_and_occluded,531,16.663068771362305,16.996797561645508,0.3337287902832031
scan11,1,3,full,18038,13.689041137695312,14.003134727478027,0.31409358978271484
scan11,1,3,boundary,1804,11.122465133666992,10.832880020141602,-0.2895851135253906
scan11,1,3,large_disparity,3608,62.16082000732422,63.53715133666992,1.3763313293457031
scan11,1,3,occluded_any,1365,23.18632698059082,25.183792114257812,1.9974651336669922
scan11,1,3,occluded_majority,603,27.176746368408203,23.896678924560547,-3.2800674438476562
scan11,1,3,large_disp_and_occluded,521,47.71857833862305,51.72114944458008,4.002571105957031
scan11,1,3,boundary_and_occluded,775,18.06363868713379,17.66494369506836,-0.3986949920654297
scan11,2,3,full,17872,3.3356008529663086,3.3067593574523926,-0.028841495513916016
scan11,2,3,boundary,1788,7.9133195877075195,8.646109580993652,0.7327899932861328
scan11,2,3,large_disparity,3575,9.521730422973633,9.13930892944336,-0.38242149353027344
scan11,2,3,occluded_any,873,17.26221466064453,17.70314598083496,0.4409313201904297
scan11,2,3,occluded_majority,559,16.58757209777832,18.20832061767578,1.620748519897461
scan11,2,3,large_disp_and_occluded,415,24.536436080932617,23.902753829956055,-0.6336822509765625
scan11,2,3,boundary_and_occluded,623,12.139012336730957,13.17457389831543,1.0355615615844727
scan11,3,3,full,17359,13.048583030700684,9.70281982421875,-3.3457632064819336
scan11,3,3,boundary,1736,14.203277587890625,9.825303077697754,-4.377974510192871
scan11,3,3,large_disparity,3472,42.149635314941406,32.63471984863281,-9.514915466308594
scan11,3,3,occluded_any,2579,11.830850601196289,10.153177261352539,-1.67767333984375
scan11,3,3,occluded_majority,522,19.150800704956055,14.353669166564941,-4.797131538391113
scan11,3,3,large_disp_and_occluded,560,12.192375183105469,6.375152587890625,-5.817222595214844
scan11,3,3,boundary_and_occluded,1187,13.664395332336426,10.879253387451172,-2.785141944885254
scan11,4,3,full,15428,20.359800338745117,18.030467987060547,-2.3293323516845703
scan11,4,3,boundary,1543,20.122201919555664,17.45121192932129,-2.670989990234375
scan11,4,3,large_disparity,3086,25.375062942504883,38.794090270996094,13.419027328491211
scan11,4,3,occluded_any,777,54.47710037231445,59.7198371887207,5.24273681640625
scan11,4,3,occluded_majority,390,47.580169677734375,41.63911437988281,-5.9410552978515625
scan11,4,3,large_disp_and_occluded,160,26.575326919555664,21.431781768798828,-5.143545150756836
scan11,4,3,boundary_and_occluded,394,27.34507942199707,27.195119857788086,-0.14995956420898438
scan11,5,3,full,15038,12.635711669921875,8.428401947021484,-4.207309722900391
scan11,5,3,boundary,1504,14.209898948669434,13.572437286376953,-0.6374616622924805
scan11,5,3,large_disparity,3008,5.785744667053223,9.900259017944336,4.114514350891113
scan11,5,3,occluded_any,1345,25.091228485107422,19.737268447875977,-5.353960037231445
scan11,5,3,occluded_majority,371,27.773611068725586,21.681909561157227,-6.091701507568359
scan11,5,3,large_disp_and_occluded,213,14.998737335205078,11.55754566192627,-3.4411916732788086
scan11,5,3,boundary_and_occluded,908,15.923704147338867,17.032251358032227,1.1085472106933594
scan11,6,3,full,16518,8.221787452697754,7.962728977203369,-0.25905847549438477
scan11,6,3,boundary,1652,11.512748718261719,11.581482887268066,0.06873416900634766
scan11,6,3,large_disparity,3304,20.89765739440918,19.890913009643555,-1.006744384765625
scan11,6,3,occluded_any,1901,17.72112274169922,17.92068862915039,0.19956588745117188
scan11,6,3,occluded_majority,640,15.509137153625488,15.694755554199219,0.18561840057373047
scan11,6,3,large_disp_and_occluded,495,15.215465545654297,15.819811820983887,0.6043462753295898
scan11,6,3,boundary_and_occluded,812,17.290653228759766,17.484128952026367,0.19347572326660156
scan11,7,3,full,17301,9.882139205932617,7.516956806182861,-2.365182399749756
scan11,7,3,boundary,1731,8.623917579650879,7.5840373039245605,-1.0398802757263184
scan11,7,3,large_disparity,3461,38.904537200927734,28.288166046142578,-10.616371154785156
scan11,7,3,occluded_any,1257,23.534976959228516,15.549349784851074,-7.985627174377441
scan11,7,3,occluded_majority,444,23.649822235107422,15.904158592224121,-7.745663642883301
scan11,7,3,large_disp_and_occluded,457,44.36241912841797,23.2064208984375,-21.15599822998047
scan11,7,3,boundary_and_occluded,750,12.225051879882812,11.394538879394531,-0.8305130004882812
scan11,8,3,full,17176,3.9803223609924316,4.570084095001221,0.5897617340087891
scan11,8,3,boundary,1718,9.606764793395996,10.482490539550781,0.8757257461547852
scan11,8,3,large_disparity,3436,14.27021598815918,17.137144088745117,2.8669281005859375
scan11,8,3,occluded_any,1368,13.561300277709961,14.168097496032715,0.6067972183227539
scan11,8,3,occluded_majority,593,19.025211334228516,19.019868850708008,-0.0053424835205078125
scan11,8,3,large_disp_and_occluded,521,25.100662231445312,26.330400466918945,1.2297382354736328
scan11,8,3,boundary_and_occluded,866,14.169301986694336,13.983613014221191,-0.18568897247314453
scan11,9,3,full,17758,6.464911460876465,7.181327819824219,0.7164163589477539
scan11,9,3,boundary,1776,10.870862007141113,8.92788028717041,-1.9429817199707031
scan11,9,3,large_disparity,3552,27.41358757019043,31.49081039428711,4.07722282409668
scan11,9,3,occluded_any,1028,21.928876876831055,18.52759552001953,-3.4012813568115234
scan11,9,3,occluded_majority,558,24.807741165161133,20.678762435913086,-4.128978729248047
scan11,9,3,large_disp_and_occluded,528,36.838253021240234,30.23076057434082,-6.607492446899414
scan11,9,3,boundary_and_occluded,713,17.264549255371094,15.140131950378418,-2.124417304992676
scan11,10,3,full,18150,3.0844740867614746,5.167422294616699,2.0829482078552246
scan11,10,3,boundary,1815,8.694116592407227,8.21568489074707,-0.47843170166015625
scan11,10,3,large_disparity,3630,9.940265655517578,20.910171508789062,10.969905853271484
scan11,10,3,occluded_any,1534,14.9595365524292,18.067312240600586,3.1077756881713867
scan11,10,3,occluded_majority,889,18.863588333129883,24.14653205871582,5.2829437255859375
scan11,10,3,large_disp_and_occluded,583,26.979753494262695,37.331295013427734,10.351541519165039
scan11,10,3,boundary_and_occluded,1019,10.015863418579102,9.911591529846191,-0.10427188873291016
scan11,11,3,full,16877,4.237766265869141,7.194040775299072,2.9562745094299316
scan11,11,3,boundary,1688,10.632939338684082,11.439861297607422,0.8069219589233398
scan11,11,3,large_disparity,3376,13.806324005126953,22.727272033691406,8.920948028564453
scan11,11,3,occluded_any,1542,17.72775650024414,38.038780212402344,20.311023712158203
scan11,11,3,occluded_majority,842,19.298818588256836,36.37112045288086,17.072301864624023
scan11,11,3,large_disp_and_occluded,823,26.13267707824707,50.82426071166992,24.69158363342285
scan11,11,3,boundary_and_occluded,690,12.453136444091797,15.146743774414062,2.6936073303222656
scan11,12,3,full,17757,3.171732187271118,3.0605220794677734,-0.11121010780334473
scan11,12,3,boundary,1776,7.648795127868652,7.409793376922607,-0.23900175094604492
scan11,12,3,large_disparity,3552,11.703474998474121,11.220765113830566,-0.4827098846435547
scan11,12,3,occluded_any,1950,12.494537353515625,11.973819732666016,-0.5207176208496094
scan11,12,3,occluded_majority,1017,11.965340614318848,10.818944931030273,-1.1463956832885742
scan11,12,3,large_disp_and_occluded,760,26.742300033569336,25.24065399169922,-1.5016460418701172
scan11,12,3,boundary_and_occluded,1151,8.100631713867188,7.767018795013428,-0.33361291885375977
scan11,13,3,full,17560,2.918520212173462,5.432740211486816,2.5142199993133545
scan11,13,3,boundary,1756,7.802333831787109,9.66553020477295,1.8631963729858398
scan11,13,3,large_disparity,3512,10.335148811340332,22.793506622314453,12.458357810974121
scan11,13,3,occluded_any,1252,16.406042098999023,33.49052047729492,17.0844783782959
scan11,13,3,occluded_majority,629,14.970171928405762,29.87598991394043,14.905817985534668
scan11,13,3,large_disp_and_occluded,778,21.047483444213867,47.64971923828125,26.602235794067383
scan11,13,3,boundary_and_occluded,756,12.700447082519531,16.700105667114258,3.9996585845947266
scan11,14,3,full,17169,3.955549478530884,4.428966999053955,0.4734175205230713
scan11,14,3,boundary,1717,9.159480094909668,9.095084190368652,-0.06439590454101562
scan11,14,3,large_disparity,3434,15.948441505432129,18.396007537841797,2.447566032409668
scan11,14,3,occluded_any,1092,22.8326358795166,22.8153018951416,-0.017333984375
scan11,14,3,occluded_majority,454,24.930091857910156,23.791152954101562,-1.1389389038085938
scan11,14,3,large_disp_and_occluded,655,33.36229705810547,33.53223419189453,0.1699371337890625
scan11,14,3,boundary_and_occluded,667,17.0113468170166,16.900781631469727,-0.110565185546875
scan11,15,3,full,16787,6.804488182067871,9.397031784057617,2.592543601989746
scan11,15,3,boundary,1679,13.300783157348633,13.138740539550781,-0.16204261779785156
scan11,15,3,large_disparity,3358,28.914752960205078,42.58876037597656,13.674007415771484
scan11,15,3,occluded_any,1072,28.731332778930664,39.64684295654297,10.915510177612305
scan11,15,3,occluded_majority,504,30.066627502441406,32.421104431152344,2.3544769287109375
scan11,15,3,large_disp_and_occluded,618,42.8164176940918,63.100677490234375,20.284259796142578
scan11,15,3,boundary_and_occluded,659,24.313379287719727,22.584535598754883,-1.7288436889648438
scan11,16,3,full,16739,13.739450454711914,10.484760284423828,-3.254690170288086
scan11,16,3,boundary,1674,18.773656845092773,16.91356086730957,-1.8600959777832031
scan11,16,3,large_disparity,3348,59.83769607543945,42.607872009277344,-17.22982406616211
scan11,16,3,occluded_any,1325,34.93815994262695,37.228946685791016,2.2907867431640625
scan11,16,3,occluded_majority,674,31.49703025817871,26.256122589111328,-5.240907669067383
scan11,16,3,large_disp_and_occluded,503,72.95759582519531,76.5510482788086,3.5934524536132812
scan11,16,3,boundary_and_occluded,818,27.119794845581055,25.19092559814453,-1.9288692474365234
scan11,17,3,full,16203,11.102927207946777,10.913841247558594,-0.1890859603881836
scan11,17,3,boundary,1621,13.734874725341797,16.012622833251953,2.2777481079101562
scan11,17,3,large_disparity,3241,33.29554748535156,34.850006103515625,1.5544586181640625
scan11,17,3,occluded_any,1672,18.90593910217285,24.45041275024414,5.544473648071289
scan11,17,3,occluded_majority,882,13.755224227905273,15.9782075881958,2.2229833602905273
scan11,17,3,large_disp_and_occluded,482,29.223852157592773,50.320472717285156,21.096620559692383
scan11,17,3,boundary_and_occluded,893,15.16274356842041,19.447786331176758,4.285042762756348
scan11,18,3,full,14631,10.347341537475586,16.160770416259766,5.81342887878418
scan11,18,3,boundary,1464,16.878305435180664,21.804515838623047,4.926210403442383
scan11,18,3,large_disparity,2927,22.99478530883789,50.797447204589844,27.802661895751953
scan11,18,3,occluded_any,1173,30.435504913330078,44.53257369995117,14.097068786621094
scan11,18,3,occluded_majority,487,29.032434463500977,39.52513122558594,10.492696762084961
scan11,18,3,large_disp_and_occluded,414,36.4015998840332,71.26036834716797,34.858768463134766
scan11,18,3,boundary_and_occluded,706,25.708467483520508,35.58047103881836,9.872003555297852
scan11,19,3,full,11818,13.328485488891602,12.279254913330078,-1.0492305755615234
scan11,19,3,boundary,1182,20.91294288635254,19.506086349487305,-1.4068565368652344
scan11,19,3,large_disparity,2364,41.90645217895508,29.7874755859375,-12.118976593017578
scan11,19,3,occluded_any,912,33.9794807434082,40.07415771484375,6.094676971435547
scan11,19,3,occluded_majority,366,34.84287643432617,34.135406494140625,-0.7074699401855469
scan11,19,3,large_disp_and_occluded,403,50.57310485839844,56.258880615234375,5.6857757568359375
scan11,19,3,boundary_and_occluded,543,29.181625366210938,28.706523895263672,-0.4751014709472656
scan11,20,3,full,13683,6.172656536102295,7.599499225616455,1.4268426895141602
scan11,20,3,boundary,1369,14.045727729797363,15.828876495361328,1.7831487655639648
scan11,20,3,large_disparity,2737,4.9265360832214355,7.896191596984863,2.9696555137634277
scan11,20,3,occluded_any,1663,14.922834396362305,16.949275970458984,2.0264415740966797
scan11,20,3,occluded_majority,635,17.26509666442871,19.38445472717285,2.1193580627441406
scan11,20,3,large_disp_and_occluded,493,7.941231727600098,11.832744598388672,3.891512870788574
scan11,20,3,boundary_and_occluded,918,16.716352462768555,18.07301902770996,1.3566665649414062
scan11,21,3,full,15075,6.116828441619873,7.588008403778076,1.4711799621582031
scan11,21,3,boundary,1508,14.732815742492676,13.665980339050293,-1.0668354034423828
scan11,21,3,large_disparity,3015,12.824712753295898,13.854687690734863,1.0299749374389648
scan11,21,3,occluded_any,1552,11.947596549987793,12.165409088134766,0.21781253814697266
scan11,21,3,occluded_majority,845,15.7890625,13.544747352600098,-2.2443151473999023
scan11,21,3,large_disp_and_occluded,508,11.062889099121094,7.440311908721924,-3.62257719039917
scan11,21,3,boundary_and_occluded,852,17.091419219970703,13.932724952697754,-3.158694267272949
scan11,22,3,full,15338,4.886219024658203,5.428971290588379,0.5427522659301758
scan11,22,3,boundary,1534,12.429112434387207,12.760028839111328,0.3309164047241211
scan11,22,3,large_disparity,3068,19.14668083190918,22.0407772064209,2.8940963745117188
scan11,22,3,occluded_any,1342,17.429780960083008,21.185380935668945,3.7555999755859375
scan11,22,3,occluded_majority,584,18.906171798706055,20.193971633911133,1.2877998352050781
scan11,22,3,large_disp_and_occluded,774,23.237329483032227,30.975492477416992,7.738162994384766
scan11,22,3,boundary_and_occluded,824,18.125404357910156,18.032371520996094,-0.0930328369140625
scan11,23,3,full,15541,4.581858158111572,4.622251033782959,0.04039287567138672
scan11,23,3,boundary,1555,21.664125442504883,20.53657341003418,-1.1275520324707031
scan11,23,3,large_disparity,3109,18.39424705505371,18.828269958496094,0.4340229034423828
scan11,23,3,occluded_any,1163,22.519685745239258,22.396032333374023,-0.12365341186523438
scan11,23,3,occluded_majority,451,29.0594539642334,27.085472106933594,-1.9739818572998047
scan11,23,3,large_disp_and_occluded,739,30.223142623901367,30.518522262573242,0.295379638671875
scan11,23,3,boundary_and_occluded,742,29.429813385009766,28.266664505004883,-1.1631488800048828
scan11,24,3,full,15824,3.7725939750671387,5.268476963043213,1.4958829879760742
scan11,24,3,boundary,1583,18.56560516357422,25.854097366333008,7.288492202758789
scan11,24,3,large_disparity,3165,14.803047180175781,22.834957122802734,8.031909942626953
scan11,24,3,occluded_any,1108,19.951000213623047,36.408782958984375,16.457782745361328
scan11,24,3,occluded_majority,449,26.638320922851562,40.73052215576172,14.092201232910156
scan11,24,3,large_disp_and_occluded,753,26.315166473388672,51.288726806640625,24.973560333251953
scan11,24,3,boundary_and_occluded,732,26.72603988647461,41.20252227783203,14.476482391357422
scan11,25,3,full,15900,2.7763733863830566,3.490332841873169,0.7139594554901123
scan11,25,3,boundary,1590,16.216936111450195,18.83935546875,2.6224193572998047
scan11,25,3,large_disparity,3180,9.27815055847168,13.719962120056152,4.441811561584473
scan11,25,3,occluded_any,1234,15.98758316040039,23.13001823425293,7.142435073852539
scan11,25,3,occluded_majority,539,21.24030876159668,24.86896324157715,3.6286544799804688
scan11,25,3,large_disp_and_occluded,820,19.620960235595703,31.85804557800293,12.237085342407227
scan11,25,3,boundary_and_occluded,802,21.62268829345703,25.98499298095703,4.3623046875
scan11,26,3,full,16054,2.5754783153533936,3.1696746349334717,0.5941963195800781
scan11,26,3,boundary,1606,11.326115608215332,12.274439811706543,0.9483242034912109
scan11,26,3,large_disparity,3211,8.445823669433594,11.215100288391113,2.7692766189575195
scan11,26,3,occluded_any,1778,12.550935745239258,15.57651424407959,3.025578498840332
scan11,26,3,occluded_majority,950,12.572402954101562,15.210707664489746,2.6383047103881836
scan11,26,3,large_disp_and_occluded,818,22.993440628051758,27.305757522583008,4.31231689453125
scan11,26,3,boundary_and_occluded,1166,13.50193977355957,14.880683898925781,1.378744125366211
scan11,27,3,full,15839,2.413367509841919,2.6042230129241943,0.1908555030822754
scan11,27,3,boundary,1584,11.57565975189209,12.271478652954102,0.6958189010620117
scan11,27,3,large_disparity,3168,7.30875301361084,7.952009201049805,0.6432561874389648
scan11,27,3,occluded_any,1739,9.372138977050781,10.171875953674316,0.7997369766235352
scan11,27,3,occluded_majority,849,11.791383743286133,13.286046981811523,1.4946632385253906
scan11,27,3,large_disp_and_occluded,666,15.947912216186523,17.027677536010742,1.0797653198242188
scan11,27,3,boundary_and_occluded,960,13.00749683380127,14.17578411102295,1.1682872772216797
scan11,28,3,full,13063,3.391523838043213,1.8409628868103027,-1.5505609512329102
scan11,28,3,boundary,1307,10.458475112915039,7.412222385406494,-3.046252727508545
scan11,28,3,large_disparity,2613,8.23221492767334,3.2288691997528076,-5.003345727920532
scan11,28,3,occluded_any,1567,18.41481590270996,5.3708930015563965,-13.043922901153564
scan11,28,3,occluded_majority,1115,23.202722549438477,5.957793235778809,-17.244929313659668
scan11,28,3,large_disp_and_occluded,646,27.870567321777344,8.25826644897461,-19.612300872802734
scan11,28,3,boundary_and_occluded,767,13.29209041595459,8.466484069824219,-4.825606346130371
scan11,29,3,full,13939,2.152147054672241,1.8133823871612549,-0.33876466751098633
scan11,29,3,boundary,1394,9.683394432067871,6.924928665161133,-2.7584657669067383
scan11,29,3,large_disparity,2788,5.932021141052246,4.284327030181885,-1.6476941108703613
scan11,29,3,occluded_any,1800,8.647631645202637,6.500701904296875,-2.1469297409057617
scan11,29,3,occluded_majority,766,14.519097328186035,11.431821823120117,-3.087275505065918
scan11,29,3,large_disp_and_occluded,816,14.655138969421387,9.666760444641113,-4.988378524780273
scan11,29,3,boundary_and_occluded,877,12.831233978271484,9.26684284210205,-3.5643911361694336
scan11,30,3,full,14108,2.3010990619659424,1.7153593301773071,-0.5857397317886353
scan11,30,3,boundary,1411,9.550331115722656,6.1370930671691895,-3.413238048553467
scan11,30,3,large_disparity,2822,4.8248820304870605,4.012879371643066,-0.8120026588439941
scan11,30,3,occluded_any,1914,8.975987434387207,5.547461986541748,-3.428525447845459
scan11,30,3,occluded_majority,627,16.464426040649414,11.31795597076416,-5.146470069885254
scan11,30,3,large_disp_and_occluded,686,14.936904907226562,10.947421073913574,-3.9894838333129883
scan11,30,3,boundary_and_occluded,920,12.549551963806152,7.980522155761719,-4.569029808044434
scan11,31,3,full,13891,2.6078853607177734,2.089812755584717,-0.5180726051330566
scan11,31,3,boundary,1390,15.97250747680664,10.763697624206543,-5.208809852600098
scan11,31,3,large_disparity,2779,7.18383264541626,4.73484468460083,-2.4489879608154297
scan11,31,3,occluded_any,1523,14.690349578857422,10.145271301269531,-4.545078277587891
scan11,31,3,occluded_majority,572,27.102989196777344,20.30057144165039,-6.802417755126953
scan11,31,3,large_disp_and_occluded,733,21.462764739990234,12.783319473266602,-8.679445266723633
scan11,31,3,boundary_and_occluded,910,21.31296157836914,14.11819839477539,-7.19476318359375
scan11,32,3,full,13913,2.713542938232422,2.3583662509918213,-0.3551766872406006
scan11,32,3,boundary,1392,17.540081024169922,14.409892082214355,-3.1301889419555664
scan11,32,3,large_disparity,2783,9.489527702331543,7.78712272644043,-1.7024049758911133
scan11,32,3,occluded_any,1434,14.97073745727539,12.51756763458252,-2.453169822692871
scan11,32,3,occluded_majority,428,31.965612411499023,24.065406799316406,-7.900205612182617
scan11,32,3,large_disp_and_occluded,777,25.070392608642578,20.852144241333008,-4.21824836730957
scan11,32,3,boundary_and_occluded,830,23.47078514099121,19.597957611083984,-3.8728275299072266
scan11,33,3,full,13786,3.285414695739746,3.1740360260009766,-0.11137866973876953
scan11,33,3,boundary,1379,18.940143585205078,20.146074295043945,1.2059307098388672
scan11,33,3,large_disparity,2758,10.725469589233398,11.039234161376953,0.3137645721435547
scan11,33,3,occluded_any,1398,15.943376541137695,16.97040367126465,1.0270271301269531
scan11,33,3,occluded_majority,455,34.694244384765625,36.27547073364258,1.5812263488769531
scan11,33,3,large_disp_and_occluded,709,24.865694046020508,28.577957153320312,3.7122631072998047
scan11,33,3,boundary_and_occluded,794,22.323400497436523,25.29794692993164,2.974546432495117
scan11,34,3,full,13417,5.960916996002197,3.6057019233703613,-2.355215072631836
scan11,34,3,boundary,1342,40.84260177612305,20.780227661132812,-20.062374114990234
scan11,34,3,large_disparity,2684,23.104839324951172,12.016729354858398,-11.088109970092773
scan11,34,3,occluded_any,1389,26.933805465698242,16.51692771911621,-10.416877746582031
scan11,34,3,occluded_majority,460,47.45207595825195,29.312673568725586,-18.139402389526367
scan11,34,3,large_disp_and_occluded,519,58.95464324951172,34.871273040771484,-24.083370208740234
scan11,34,3,boundary_and_occluded,748,42.26274108886719,25.21261978149414,-17.050121307373047
scan11,35,3,full,12948,7.900761127471924,4.480034828186035,-3.4207262992858887
scan11,35,3,boundary,1295,50.3696403503418,23.090641021728516,-27.27899932861328
scan11,35,3,large_disparity,2590,30.629024505615234,14.667252540588379,-15.961771965026855
scan11,35,3,occluded_any,1454,31.87372589111328,15.168882369995117,-16.704843521118164
scan11,35,3,occluded_majority,467,42.65313720703125,23.902631759643555,-18.750505447387695
scan11,35,3,large_disp_and_occluded,484,74.86152648925781,30.128812789916992,-44.73271369934082
scan11,35,3,boundary_and_occluded,775,50.9492073059082,23.05548095703125,-27.893726348876953
scan11,36,3,full,12469,12.423362731933594,7.503047466278076,-4.920315265655518
scan11,36,3,boundary,1247,46.597618103027344,28.94629669189453,-17.651321411132812
scan11,36,3,large_disparity,2494,39.046669006347656,22.430395126342773,-16.616273880004883
scan11,36,3,occluded_any,1573,30.73046875,17.755910873413086,-12.974557876586914
scan11,36,3,occluded_majority,572,36.42695617675781,26.853628158569336,-9.573328018188477
scan11,36,3,large_disp_and_occluded,430,66.71688079833984,37.06782150268555,-29.649059295654297
scan11,36,3,boundary_and_occluded,779,46.741981506347656,28.25357437133789,-18.488407135009766
scan11,37,3,full,10976,10.128382682800293,7.618136882781982,-2.5102458000183105
scan11,37,3,boundary,1098,30.222993850708008,24.528087615966797,-5.694906234741211
scan11,37,3,large_disparity,2196,18.453628540039062,14.010260581970215,-4.443367958068848
scan11,37,3,occluded_any,1590,25.694673538208008,20.19367218017578,-5.501001358032227
scan11,37,3,occluded_majority,714,26.498329162597656,21.615863800048828,-4.882465362548828
scan11,37,3,large_disp_and_occluded,416,42.850990295410156,33.9180908203125,-8.932899475097656
scan11,37,3,boundary_and_occluded,700,35.349822998046875,27.842039108276367,-7.507783889770508
scan11,38,3,full,6935,18.087949752807617,9.100396156311035,-8.987553596496582
scan11,38,3,boundary,694,46.254398345947266,27.00591278076172,-19.248485565185547
scan11,38,3,large_disparity,1387,3.1616227626800537,3.0843124389648438,-0.07731032371520996
scan11,38,3,occluded_any,713,34.81549072265625,22.138673782348633,-12.676816940307617
scan11,38,3,occluded_majority,433,37.80726623535156,24.29597282409668,-13.511293411254883
scan11,38,3,large_disp_and_occluded,94,27.163410186767578,27.14134979248047,-0.022060394287109375
scan11,38,3,boundary_and_occluded,337,52.2094841003418,27.918851852416992,-24.290632247924805
scan11,39,3,full,8785,8.179423332214355,6.0626068115234375,-2.116816520690918
scan11,39,3,boundary,879,43.71515655517578,31.4049072265625,-12.310249328613281
scan11,39,3,large_disparity,1757,12.198477745056152,9.454001426696777,-2.744476318359375
scan11,39,3,occluded_any,1182,19.356342315673828,15.265992164611816,-4.090350151062012
scan11,39,3,occluded_majority,512,26.469810485839844,21.67638397216797,-4.793426513671875
scan11,39,3,large_disp_and_occluded,350,23.98267364501953,18.541242599487305,-5.441431045532227
scan11,39,3,boundary_and_occluded,470,36.32414627075195,26.92119598388672,-9.402950286865234
scan11,40,3,full,10283,6.671595573425293,5.238429546356201,-1.4331660270690918
scan11,40,3,boundary,1029,32.982025146484375,26.466007232666016,-6.516017913818359
scan11,40,3,large_disparity,2057,17.260900497436523,14.556928634643555,-2.7039718627929688
scan11,40,3,occluded_any,836,24.472721099853516,20.30486297607422,-4.167858123779297
scan11,40,3,occluded_majority,397,31.56565284729004,28.090333938598633,-3.4753189086914062
scan11,40,3,large_disp_and_occluded,290,38.713748931884766,35.574188232421875,-3.1395606994628906
scan11,40,3,boundary_and_occluded,481,35.35894012451172,28.493057250976562,-6.865882873535156
scan11,41,3,full,10943,5.467925548553467,4.347482204437256,-1.120443344116211
scan11,41,3,boundary,1095,35.61827850341797,26.64308738708496,-8.975191116333008
scan11,41,3,large_disparity,2189,16.358619689941406,12.416537284851074,-3.942082405090332
scan11,41,3,occluded_any,669,31.391754150390625,25.501319885253906,-5.890434265136719
scan11,41,3,occluded_majority,357,36.04152297973633,28.726884841918945,-7.314638137817383
scan11,41,3,large_disp_and_occluded,294,47.085994720458984,40.64873123168945,-6.437263488769531
scan11,41,3,boundary_and_occluded,433,43.138885498046875,34.35043716430664,-8.788448333740234
scan11,42,3,full,11522,5.363936424255371,3.3088765144348145,-2.0550599098205566
scan11,42,3,boundary,1153,32.79304122924805,21.48954200744629,-11.303499221801758
scan11,42,3,large_disparity,2305,15.223299980163574,9.690223693847656,-5.533076286315918
scan11,42,3,occluded_any,539,38.098114013671875,28.314876556396484,-9.78323745727539
scan11,42,3,occluded_majority,268,43.732547760009766,34.208290100097656,-9.52425765991211
scan11,42,3,large_disp_and_occluded,332,47.47113037109375,36.12335968017578,-11.347770690917969
scan11,42,3,boundary_and_occluded,364,49.56555938720703,36.467811584472656,-13.097747802734375
scan11,43,3,full,11832,4.676903247833252,4.941653728485107,0.26475048065185547
scan11,43,3,boundary,1184,32.4893684387207,33.99700927734375,1.5076408386230469
scan11,43,3,large_disparity,2367,14.930248260498047,14.883469581604004,-0.04677867889404297
scan11,43,3,occluded_any,571,35.3324089050293,35.6280632019043,0.295654296875
scan11,43,3,occluded_majority,332,35.65968704223633,39.31238555908203,3.652698516845703
scan11,43,3,large_disp_and_occluded,293,52.79604721069336,55.3437385559082,2.5476913452148438
scan11,43,3,boundary_and_occluded,324,49.9326286315918,52.31251907348633,2.3798904418945312
scan11,44,3,full,11866,5.143332481384277,4.651821136474609,-0.49151134490966797
scan11,44,3,boundary,1187,37.03116989135742,32.646732330322266,-4.384437561035156
scan11,44,3,large_disparity,2374,18.00474739074707,15.649171829223633,-2.3555755615234375
scan11,44,3,occluded_any,530,36.449710845947266,31.115684509277344,-5.334026336669922
scan11,44,3,occluded_majority,275,46.079917907714844,38.8372917175293,-7.242626190185547
scan11,44,3,large_disp_and_occluded,311,51.64767074584961,44.53276443481445,-7.114906311035156
scan11,44,3,boundary_and_occluded,301,54.31153869628906,47.55873489379883,-6.752803802490234
scan11,45,3,full,11751,6.027320861816406,3.87546968460083,-2.151851177215576
scan11,45,3,boundary,1176,40.568538665771484,23.13831901550293,-17.430219650268555
scan11,45,3,large_disparity,2351,20.81159210205078,12.025555610656738,-8.786036491394043
scan11,45,3,occluded_any,663,34.61058807373047,27.578519821166992,-7.032068252563477
scan11,45,3,occluded_majority,382,45.562828063964844,37.45548629760742,-8.107341766357422
scan11,45,3,large_disp_and_occluded,453,44.534706115722656,34.52314376831055,-10.01156234741211
scan11,45,3,boundary_and_occluded,412,46.11590576171875,34.55366516113281,-11.562240600585938
scan11,46,3,full,11942,4.328185081481934,2.85768723487854,-1.4704978466033936
scan11,46,3,boundary,1195,26.88033103942871,13.849075317382812,-13.031255722045898
scan11,46,3,large_disparity,2389,12.891155242919922,6.530012130737305,-6.361143112182617
scan11,46,3,occluded_any,1157,17.03206443786621,11.186388969421387,-5.845675468444824
scan11,46,3,occluded_majority,688,17.519367218017578,11.28847885131836,-6.230888366699219
scan11,46,3,large_disp_and_occluded,354,39.581424713134766,25.760007858276367,-13.821416854858398
scan11,46,3,boundary_and_occluded,398,35.57574462890625,23.02663230895996,-12.549112319946289
scan11,47,3,full,11862,3.7295687198638916,3.281163454055786,-0.44840526580810547
scan11,47,3,boundary,1187,23.37885284423828,16.453737258911133,-6.925115585327148
scan11,47,3,large_disparity,2373,10.442388534545898,6.870072364807129,-3.5723161697387695
scan11,47,3,occluded_any,880,18.931989669799805,16.060970306396484,-2.8710193634033203
scan11,47,3,occluded_majority,501,22.098249435424805,19.10928726196289,-2.988962173461914
scan11,47,3,large_disp_and_occluded,368,35.375308990478516,29.00259780883789,-6.372711181640625
scan11,47,3,boundary_and_occluded,471,30.540369033813477,25.14495086669922,-5.395418167114258
scan11,48,3,full,11308,5.132711887359619,3.050164222717285,-2.082547664642334
scan11,48,3,boundary,1131,32.928009033203125,12.787701606750488,-20.140307426452637
scan11,48,3,large_disparity,2262,14.343658447265625,6.25644588470459,-8.087212562561035
scan11,48,3,occluded_any,1017,21.55439567565918,13.244458198547363,-8.309937477111816
scan11,48,3,occluded_majority,558,22.838762283325195,18.51626205444336,-4.322500228881836
scan11,48,3,large_disp_and_occluded,348,46.99148178100586,26.949195861816406,-20.042285919189453
scan11,48,3,boundary_and_occluded,496,37.75998306274414,20.700538635253906,-17.059444427490234
scan12,0,3,full,16856,2.2853825092315674,2.6604225635528564,0.37504005432128906
scan12,0,3,boundary,1686,8.952622413635254,10.57699203491211,1.6243696212768555
scan12,0,3,large_disparity,3372,5.487811088562012,6.030905246734619,0.5430941581726074
scan12,0,3,occluded_any,1803,7.0630340576171875,14.980342864990234,7.917308807373047
scan12,0,3,occluded_majority,1329,6.923345565795898,18.833436965942383,11.910091400146484
scan12,0,3,large_disp_and_occluded,1344,5.1464619636535645,9.463945388793945,4.317483425140381
scan12,0,3,boundary_and_occluded,662,10.931612968444824,18.718774795532227,7.787161827087402
scan12,1,3,full,18285,2.6491146087646484,1.8506004810333252,-0.7985141277313232
scan12,1,3,boundary,1829,9.65285587310791,8.258453369140625,-1.3944025039672852
scan12,1,3,large_disparity,3657,7.151436805725098,4.690387725830078,-2.4610490798950195
scan12,1,3,occluded_any,1558,15.484570503234863,11.292402267456055,-4.192168235778809
scan12,1,3,occluded_majority,1019,17.45435905456543,13.571718215942383,-3.882640838623047
scan12,1,3,large_disp_and_occluded,1072,16.26418113708496,12.070961952209473,-4.193219184875488
scan12,1,3,boundary_and_occluded,726,19.41864585876465,16.31606674194336,-3.102579116821289
scan12,2,3,full,17863,2.603288173675537,2.634321451187134,0.03103327751159668
scan12,2,3,boundary,1787,9.996206283569336,11.300203323364258,1.3039970397949219
scan12,2,3,large_disparity,3573,7.563631057739258,7.713498115539551,0.14986705780029297
scan12,2,3,occluded_any,1671,13.658726692199707,13.75809383392334,0.09936714172363281
scan12,2,3,occluded_majority,1194,15.518160820007324,16.98004150390625,1.4618806838989258
scan12,2,3,large_disp_and_occluded,1297,15.238218307495117,15.919018745422363,0.6808004379272461
scan12,2,3,boundary_and_occluded,744,16.58160400390625,19.57356071472168,2.9919567108154297
scan12,3,3,full,17362,1.5890212059020996,1.8979096412658691,0.30888843536376953
scan12,3,3,boundary,1737,6.163893699645996,6.2616753578186035,0.09778165817260742
scan12,3,3,large_disparity,3473,2.816387176513672,4.478472709655762,1.6620855331420898
scan12,3,3,occluded_any,1439,6.859697341918945,7.504043102264404,0.644345760345459
scan12,3,3,occluded_majority,699,8.297572135925293,9.579042434692383,1.2814702987670898
scan12,3,3,large_disp_and_occluded,624,4.717850685119629,6.883184909820557,2.1653342247009277
scan12,3,3,boundary_and_occluded,886,8.716874122619629,9.040550231933594,0.32367610931396484
scan12,4,3,full,14502,2.065716028213501,2.1716079711914062,0.10589194297790527
scan12,4,3,boundary,1451,11.016092300415039,10.434749603271484,-0.5813426971435547
scan12,4,3,large_disparity,2901,3.354133367538452,2.927741765975952,-0.4263916015625
scan12,4,3,occluded_any,577,11.990058898925781,10.825161933898926,-1.1648969650268555
scan12,4,3,occluded_majority,340,13.525002479553223,11.480417251586914,-2.0445852279663086
scan12,4,3,large_disp_and_occluded,358,7.6297149658203125,8.456250190734863,0.8265352249145508
scan12,4,3,boundary_and_occluded,413,14.409387588500977,11.701053619384766,-2.708333969116211
scan12,5,3,full,13926,2.517512798309326,2.2881736755371094,-0.2293391227722168
scan12,5,3,boundary,1393,12.176922798156738,11.248087882995605,-0.9288349151611328
scan12,5,3,large_disparity,2786,4.982503890991211,3.3263769149780273,-1.6561269760131836
scan12,5,3,occluded_any,1011,20.866928100585938,18.358583450317383,-2.5083446502685547
scan12,5,3,occluded_majority,500,22.223495483398438,21.703401565551758,-0.5200939178466797
scan12,5,3,large_disp_and_occluded,571,19.5460262298584,11.380393981933594,-8.165632247924805
scan12,5,3,boundary_and_occluded,676,18.687532424926758,17.64240264892578,-1.0451297760009766
scan12,6,3,full,16276,4.971238613128662,4.976115703582764,0.0048770904541015625
scan12,6,3,boundary,1628,12.607515335083008,15.06745719909668,2.459941864013672
scan12,6,3,large_disparity,3256,18.764177322387695,19.340810775756836,0.5766334533691406
scan12,6,3,occluded_any,1763,25.99631690979004,26.260324478149414,0.264007568359375
scan12,6,3,occluded_majority,1047,35.761634826660156,30.914020538330078,-4.847614288330078
scan12,6,3,large_disp_and_occluded,1034,37.232330322265625,38.83909606933594,1.6067657470703125
scan12,6,3,boundary_and_occluded,901,18.57246208190918,22.73537826538086,4.16291618347168
scan12,7,3,full,17763,3.70003080368042,3.9489994049072266,0.24896860122680664
scan12,7,3,boundary,1777,11.643716812133789,14.721646308898926,3.0779294967651367
scan12,7,3,large_disparity,3553,12.182409286499023,15.456537246704102,3.274127960205078
scan12,7,3,occluded_any,2330,18.3629093170166,22.622610092163086,4.259700775146484
scan12,7,3,occluded_majority,1658,22.76677894592285,28.7882137298584,6.021434783935547
scan12,7,3,large_disp_and_occluded,1884,20.567171096801758,26.035778045654297,5.468606948852539
scan12,7,3,boundary_and_occluded,821,21.183189392089844,28.60426902770996,7.421079635620117
scan12,8,3,full,18041,3.2790133953094482,3.797299385070801,0.5182859897613525
scan12,8,3,boundary,1805,13.212348937988281,15.697942733764648,2.485593795776367
scan12,8,3,large_disparity,3609,8.577336311340332,13.743232727050781,5.165896415710449
scan12,8,3,occluded_any,2440,12.924490928649902,17.48523712158203,4.560746192932129
scan12,8,3,occluded_majority,1789,14.551688194274902,20.75993537902832,6.208247184753418
scan12,8,3,large_disp_and_occluded,1972,12.688841819763184,19.143396377563477,6.454554557800293
scan12,8,3,boundary_and_occluded,886,18.06981658935547,27.11126708984375,9.041450500488281
scan12,9,3,full,18453,3.173220157623291,3.1302449703216553,-0.04297518730163574
scan12,9,3,boundary,1846,12.475006103515625,11.500335693359375,-0.97467041015625
scan12,9,3,large_disparity,3691,9.60305118560791,9.481184959411621,-0.12186622619628906
scan12,9,3,occluded_any,2500,13.041640281677246,12.970252990722656,-0.07138729095458984
scan12,9,3,occluded_majority,1825,13.88034439086914,14.062191009521484,0.18184661865234375
scan12,9,3,large_disp_and_occluded,1982,12.121726036071777,11.219264030456543,-0.9024620056152344
scan12,9,3,boundary_and_occluded,811,20.534597396850586,20.775306701660156,0.2407093048095703
scan12,10,3,full,18072,3.0795533657073975,3.9553565979003906,0.8758032321929932
scan12,10,3,boundary,1808,9.805501937866211,11.556200981140137,1.7506990432739258
scan12,10,3,large_disparity,3615,10.748345375061035,15.918763160705566,5.170417785644531
scan12,10,3,occluded_any,2260,13.237436294555664,19.972183227539062,6.734746932983398
scan12,10,3,occluded_majority,1515,15.207987785339355,24.31616973876953,9.108181953430176
scan12,10,3,large_disp_and_occluded,1747,14.553247451782227,23.932071685791016,9.378824234008789
scan12,10,3,boundary_and_occluded,739,17.712553024291992,23.857011795043945,6.144458770751953
scan12,11,3,full,15869,11.535989761352539,4.472848892211914,-7.063140869140625
scan12,11,3,boundary,1587,15.708931922912598,14.247501373291016,-1.461430549621582
scan12,11,3,large_disparity,3174,50.08785629272461,14.046197891235352,-36.04165840148926
scan12,11,3,occluded_any,2583,21.45810890197754,13.627659797668457,-7.830449104309082
scan12,11,3,occluded_majority,1890,18.67237091064453,15.622441291809082,-3.049929618835449
scan12,11,3,large_disp_and_occluded,1918,24.052936553955078,12.289427757263184,-11.763508796691895
scan12,11,3,boundary_and_occluded,658,25.866788864135742,24.496963500976562,-1.3698253631591797
scan12,12,3,full,17520,16.261035919189453,5.153862476348877,-11.107173442840576
scan12,12,3,boundary,1752,51.657470703125,24.30669403076172,-27.35077667236328
scan12,12,3,large_disparity,3504,69.05753326416016,13.477102279663086,-55.58043098449707
scan12,12,3,occluded_any,1938,25.542470932006836,17.68879508972168,-7.853675842285156
scan12,12,3,occluded_majority,905,24.417699813842773,22.919275283813477,-1.4984245300292969
scan12,12,3,large_disp_and_occluded,546,45.26617431640625,17.068235397338867,-28.197938919067383
scan12,12,3,boundary_and_occluded,687,30.435279846191406,28.067720413208008,-2.3675594329833984
scan12,13,3,full,18574,20.095489501953125,5.831564426422119,-14.263925075531006
scan12,13,3,boundary,1858,79.33851623535156,32.08832550048828,-47.25019073486328
scan12,13,3,large_disparity,3715,83.07340240478516,17.42753791809082,-65.64586448669434
scan12,13,3,occluded_any,3147,37.731689453125,17.05657958984375,-20.67510986328125
scan12,13,3,occluded_majority,2330,34.16776657104492,19.286413192749023,-14.881353378295898
scan12,13,3,large_disp_and_occluded,1208,63.479331970214844,23.147563934326172,-40.33176803588867
scan12,13,3,boundary_and_occluded,637,52.46406555175781,40.21437072753906,-12.24969482421875
scan12,14,3,full,19529,21.33220672607422,7.437768936157227,-13.894437789916992
scan12,14,3,boundary,1953,81.28762817382812,34.44146728515625,-46.846160888671875
scan12,14,3,large_disparity,3906,82.50244903564453,19.02296257019043,-63.4794864654541
scan12,14,3,occluded_any,3504,39.05085754394531,22.775243759155273,-16.27561378479004
scan12,14,3,occluded_majority,2735,36.51709747314453,26.531980514526367,-9.985116958618164
scan12,14,3,large_disp_and_occluded,1129,52.23441696166992,18.027883529663086,-34.206533432006836
scan12,14,3,boundary_and_occluded,678,50.96084976196289,41.53716278076172,-9.423686981201172
scan12,15,3,full,19124,17.397441864013672,4.237427234649658,-13.160014629364014
scan12,15,3,boundary,1913,74.19686126708984,24.625219345092773,-49.57164192199707
scan12,15,3,large_disparity,3825,74.92156982421875,9.424253463745117,-65.49731636047363
scan12,15,3,occluded_any,2776,29.227439880371094,13.709342002868652,-15.518097877502441
scan12,15,3,occluded_majority,1144,32.12521743774414,20.577312469482422,-11.547904968261719
scan12,15,3,large_disp_and_occluded,1100,45.381649017333984,3.4929516315460205,-41.888697385787964
scan12,15,3,boundary_and_occluded,636,40.85844421386719,36.036895751953125,-4.8215484619140625
scan12,16,3,full,17549,12.793069839477539,4.306489944458008,-8.486579895019531
scan12,16,3,boundary,1755,53.85550308227539,19.69451141357422,-34.16099166870117
scan12,16,3,large_disparity,3510,56.09674072265625,9.44218635559082,-46.65455436706543
scan12,16,3,occluded_any,2364,25.5317440032959,19.66423225402832,-5.867511749267578
scan12,16,3,occluded_majority,960,28.90256690979004,35.800662994384766,6.898096084594727
scan12,16,3,large_disp_and_occluded,1526,31.29237937927246,10.207597732543945,-21.084781646728516
scan12,16,3,boundary_and_occluded,781,36.29520034790039,30.30118179321289,-5.9940185546875
scan12,17,3,full,15932,7.8357343673706055,3.672186851501465,-4.163547515869141
scan12,17,3,boundary,1594,17.389585494995117,17.139738082885742,-0.249847412109375
scan12,17,3,large_disparity,3187,33.5904655456543,14.025126457214355,-19.56533908843994
scan12,17,3,occluded_any,1894,19.314041137695312,21.44679832458496,2.1327571868896484
scan12,17,3,occluded_majority,1205,20.78702735900879,29.48099708557129,8.6939697265625
scan12,17,3,large_disp_and_occluded,1343,22.726566314697266,27.20132827758789,4.474761962890625
scan12,17,3,boundary_and_occluded,891,23.8116397857666,27.829490661621094,4.017850875854492
scan12,18,3,full,13675,6.028679370880127,2.6973066329956055,-3.3313727378845215
scan12,18,3,boundary,1368,18.414167404174805,11.021614074707031,-7.392553329467773
scan12,18,3,large_disparity,2735,23.843791961669922,8.17998218536377,-15.663809776306152
scan12,18,3,occluded_any,1194,32.51724624633789,17.820903778076172,-14.696342468261719
scan12,18,3,occluded_majority,760,41.255672454833984,22.91270637512207,-18.342966079711914
scan12,18,3,large_disp_and_occluded,789,43.74525833129883,21.898284912109375,-21.846973419189453
scan12,18,3,boundary_and_occluded,769,26.602954864501953,16.203487396240234,-10.399467468261719
scan12,19,3,full,10750,7.065898895263672,6.287355422973633,-0.7785434722900391
scan12,19,3,boundary,1075,29.223249435424805,27.423927307128906,-1.7993221282958984
scan12,19,3,large_disparity,2150,26.939434051513672,24.608949661254883,-2.330484390258789
scan12,19,3,occluded_any,963,61.439090728759766,56.5716667175293,-4.867424011230469
scan12,19,3,occluded_majority,615,75.91730499267578,82.41002655029297,6.4927215576171875
scan12,19,3,large_disp_and_occluded,629,87.86760711669922,81.44242858886719,-6.425178527832031
scan12,19,3,boundary_and_occluded,552,48.80025863647461,46.1241569519043,-2.6761016845703125
scan12,20,3,full,12466,14.698659896850586,8.403852462768555,-6.294807434082031
scan12,20,3,boundary,1247,44.13175964355469,30.345848083496094,-13.785911560058594
scan12,20,3,large_disparity,2494,67.39435577392578,36.4332389831543,-30.961116790771484
scan12,20,3,occluded_any,1771,90.54815673828125,51.3344612121582,-39.21369552612305
scan12,20,3,occluded_majority,1243,101.35829162597656,64.59829711914062,-36.75999450683594
scan12,20,3,large_disp_and_occluded,1378,113.20711517333984,62.73505401611328,-50.47206115722656
scan12,20,3,boundary_and_occluded,725,69.64494323730469,47.92928695678711,-21.715656280517578
scan12,21,3,full,14113,20.391536712646484,11.176011085510254,-9.21552562713623
scan12,21,3,boundary,1412,97.70707702636719,59.80510330200195,-37.901973724365234
scan12,21,3,large_disparity,2823,96.1777572631836,50.35076904296875,-45.826988220214844
scan12,21,3,occluded_any,2429,102.19131469726562,55.28377151489258,-46.90754318237305
scan12,21,3,occluded_majority,2107,110.11749267578125,60.40296173095703,-49.71453094482422
scan12,21,3,large_disp_and_occluded,1999,122.01981353759766,64.94511413574219,-57.07469940185547
scan12,21,3,boundary_and_occluded,1048,112.03767395019531,71.06206512451172,-40.975608825683594
scan12,22,3,full,15007,25.098129272460938,12.533269882202148,-12.564859390258789
scan12,22,3,boundary,1501,128.36715698242188,75.21371459960938,-53.1534423828125
scan12,22,3,large_disparity,3002,120.8106689453125,57.56296157836914,-63.24770736694336
scan12,22,3,occluded_any,2958,116.73448944091797,55.82103729248047,-60.9134521484375
scan12,22,3,occluded_majority,2273,122.39483642578125,60.83427047729492,-61.56056594848633
scan12,22,3,large_disp_and_occluded,2663,128.9317169189453,61.294532775878906,-67.6371841430664
scan12,22,3,boundary_and_occluded,1189,142.9053192138672,82.50204467773438,-60.40327453613281
scan12,23,3,full,15980,31.66326332092285,15.411551475524902,-16.25171184539795
scan12,23,3,boundary,1598,148.6002197265625,88.61579132080078,-59.98442840576172
scan12,23,3,large_disparity,3196,147.0163116455078,69.42500305175781,-77.59130859375
scan12,23,3,occluded_any,3517,133.99948120117188,63.047576904296875,-70.951904296875
scan12,23,3,occluded_majority,992,141.4856414794922,82.18173217773438,-59.30390930175781
scan12,23,3,large_disp_and_occluded,3093,144.54275512695312,66.83318328857422,-77.7095718383789
scan12,23,3,boundary_and_occluded,1342,162.56906127929688,96.62284851074219,-65.94621276855469
scan12,24,3,full,16342,35.63050842285156,16.961959838867188,-18.668548583984375
scan12,24,3,boundary,1635,152.1978302001953,88.64093017578125,-63.55690002441406
scan12,24,3,large_disparity,3269,145.41134643554688,61.123775482177734,-84.28757095336914
scan12,24,3,occluded_any,3902,136.05113220214844,63.09549331665039,-72.95563888549805
scan12,24,3,occluded_majority,1211,147.80014038085938,83.7857437133789,-64.01439666748047
scan12,24,3,large_disp_and_occluded,3076,145.1486358642578,61.25031661987305,-83.89831924438477
scan12,24,3,boundary_and_occluded,1375,166.90829467773438,95.69513702392578,-71.2131576538086
scan12,25,3,full,15934,35.90907287597656,17.70606803894043,-18.203004837036133
scan12,25,3,boundary,1594,147.17636108398438,89.0375747680664,-58.13878631591797
scan12,25,3,large_disparity,3187,152.38870239257812,72.92886352539062,-79.4598388671875
scan12,25,3,occluded_any,3766,132.8299560546875,62.67172622680664,-70.15822982788086
scan12,25,3,occluded_majority,1420,132.24205017089844,71.29540252685547,-60.94664764404297
scan12,25,3,large_disp_and_occluded,2841,151.03489685058594,72.32490539550781,-78.70999145507812
scan12,25,3,boundary_and_occluded,1192,156.76510620117188,92.40665435791016,-64.35845184326172
scan12,26,3,full,15163,29.859317779541016,12.99397087097168,-16.865346908569336
scan12,26,3,boundary,1517,126.05126953125,71.88355255126953,-54.16771697998047
scan12,26,3,large_disparity,3033,135.10546875,53.10635757446289,-81.99911117553711
scan12,26,3,occluded_any,3347,110.94166564941406,45.09758377075195,-65.84408187866211
scan12,26,3,occluded_majority,935,86.55189514160156,46.02421188354492,-40.52768325805664
scan12,26,3,large_disp_and_occluded,2644,130.7777862548828,49.76456832885742,-81.01321792602539
scan12,26,3,boundary_and_occluded,1035,130.35731506347656,75.03974914550781,-55.31756591796875
scan12,27,3,full,14257,23.139850616455078,10.204157829284668,-12.93569278717041
scan12,27,3,boundary,1426,95.22161102294922,55.572689056396484,-39.648921966552734
scan12,27,3,large_disparity,2852,107.08626556396484,42.821998596191406,-64.26426696777344
scan12,27,3,occluded_any,2817,83.58921813964844,33.948726654052734,-49.6404914855957
scan12,27,3,occluded_majority,1108,73.7470474243164,44.980079650878906,-28.7669677734375
scan12,27,3,large_disp_and_occluded,2300,99.44672393798828,38.45256042480469,-60.994163513183594
scan12,27,3,boundary_and_occluded,925,92.26419830322266,54.89655303955078,-37.367645263671875
scan12,28,3,full,10142,14.190174102783203,11.37081527709961,-2.8193588256835938
scan12,28,3,boundary,1015,76.87246704101562,62.51369857788086,-14.358768463134766
scan12,28,3,large_disparity,2029,60.55207061767578,46.00936508178711,-14.542705535888672
scan12,28,3,occluded_any,1297,101.0999755859375,78.04127502441406,-23.058700561523438
scan12,28,3,occluded_majority,1002,124.5936050415039,95.8483657836914,-28.7452392578125
scan12,28,3,large_disp_and_occluded,720,166.4944610595703,124.30810546875,-42.18635559082031
scan12,28,3,boundary_and_occluded,667,110.81552124023438,89.3004379272461,-21.51508331298828
scan12,29,3,full,10559,10.810425758361816,7.82080078125,-2.9896249771118164
scan12,29,3,boundary,1056,99.2737045288086,69.73251342773438,-29.54119110107422
scan12,29,3,large_disparity,2112,46.630577087402344,31.33385467529297,-15.296722412109375
scan12,29,3,occluded_any,1079,95.98082733154297,66.49325561523438,-29.487571716308594
scan12,29,3,occluded_majority,650,128.33648681640625,90.19915008544922,-38.13733673095703
scan12,29,3,large_disp_and_occluded,572,169.95713806152344,113.12886810302734,-56.828269958496094
scan12,29,3,boundary_and_occluded,838,121.38633728027344,83.6743392944336,-37.711997985839844
scan12,30,3,full,10915,9.379396438598633,6.908025741577148,-2.4713706970214844
scan12,30,3,boundary,1092,86.67044067382812,61.57621383666992,-25.094226837158203
scan12,30,3,large_disparity,2183,41.119266510009766,28.65749740600586,-12.461769104003906
scan12,30,3,occluded_any,860,107.83599090576172,76.49901580810547,-31.33697509765625
scan12,30,3,occluded_majority,490,146.16722106933594,103.75865936279297,-42.40856170654297
scan12,30,3,large_disp_and_occluded,479,185.48965454101562,128.04019165039062,-57.449462890625
scan12,30,3,boundary_and_occluded,689,132.28213500976562,92.97486114501953,-39.307273864746094
scan12,31,3,full,11094,10.510540962219238,8.512795448303223,-1.9977455139160156
scan12,31,3,boundary,1110,96.91075134277344,77.72254180908203,-19.188209533691406
scan12,31,3,large_disparity,2219,49.073394775390625,38.86202621459961,-10.211368560791016
scan12,31,3,occluded_any,764,139.8993682861328,112.29972839355469,-27.599639892578125
scan12,31,3,occluded_majority,466,217.4004669189453,174.2433319091797,-43.157135009765625
scan12,31,3,large_disp_and_occluded,470,223.0799102783203,177.19085693359375,-45.88905334472656
scan12,31,3,boundary_and_occluded,577,180.41494750976562,145.13946533203125,-35.275482177734375
scan12,32,3,full,11170,8.11734390258789,7.544652938842773,-0.5726909637451172
scan12,32,3,boundary,1117,73.74735260009766,68.62246704101562,-5.124885559082031
scan12,32,3,large_disparity,2234,37.09476852416992,34.39469909667969,-2.7000694274902344
scan12,32,3,occluded_any,563,144.21939086914062,134.7965850830078,-9.422805786132812
scan12,32,3,occluded_majority,263,275.1726989746094,262.09527587890625,-13.077423095703125
scan12,32,3,large_disp_and_occluded,343,230.9579315185547,215.37818908691406,-15.579742431640625
scan12,32,3,boundary_and_occluded,392,203.68775939941406,190.1109619140625,-13.576797485351562
scan12,33,3,full,11256,7.2496113777160645,6.835342884063721,-0.41426849365234375
scan12,33,3,boundary,1126,64.20480346679688,61.00913619995117,-3.195667266845703
scan12,33,3,large_disparity,2252,32.37544250488281,30.587671279907227,-1.787771224975586
scan12,33,3,occluded_any,536,133.2238006591797,127.26924133300781,-5.954559326171875
scan12,33,3,occluded_majority,261,248.45169067382812,237.07652282714844,-11.375167846679688
scan12,33,3,large_disp_and_occluded,313,221.47354125976562,211.1617431640625,-10.311798095703125
scan12,33,3,boundary_and_occluded,361,193.70481872558594,185.00660705566406,-8.698211669921875
scan12,34,3,full,11238,7.1918721199035645,7.119073390960693,-0.0727987289428711
scan12,34,3,boundary,1124,64.49927520751953,63.53913879394531,-0.9601364135742188
scan12,34,3,large_disparity,2248,32.08462905883789,31.866241455078125,-0.21838760375976562
scan12,34,3,occluded_any,678,106.62317657470703,105.44974517822266,-1.173431396484375
scan12,34,3,occluded_majority,382,180.89959716796875,179.78895568847656,-1.1106414794921875
scan12,34,3,large_disp_and_occluded,389,179.88661193847656,178.23329162597656,-1.6533203125
scan12,34,3,boundary_and_occluded,482,146.82403564453125,145.32313537597656,-1.5009002685546875
scan12,35,3,full,10951,9.902910232543945,8.266839027404785,-1.6360712051391602
scan12,35,3,boundary,1096,90.97574615478516,75.01681518554688,-15.958930969238281
scan12,35,3,large_disparity,2191,44.89406204223633,37.119380950927734,-7.774681091308594
scan12,35,3,occluded_any,800,124.4111099243164,102.60365295410156,-21.807456970214844
scan12,35,3,occluded_majority,442,182.21519470214844,159.03492736816406,-23.180267333984375
scan12,35,3,large_disp_and_occluded,450,215.0301513671875,177.36695861816406,-37.66319274902344
scan12,35,3,boundary_and_occluded,622,158.1278839111328,130.29754638671875,-27.830337524414062
scan12,36,3,full,10508,15.497781753540039,13.772683143615723,-1.7250986099243164
scan12,36,3,boundary,1051,136.6640167236328,110.77458953857422,-25.889427185058594
scan12,36,3,large_disparity,2102,71.13715362548828,63.09733200073242,-8.03982162475586
scan12,36,3,occluded_any,1017,150.7419891357422,124.34171295166016,-26.40027618408203
scan12,36,3,occluded_majority,631,216.90036010742188,182.9421844482422,-33.95817565917969
scan12,36,3,large_disp_and_occluded,569,260.6509704589844,214.94505310058594,-45.70591735839844
scan12,36,3,boundary_and_occluded,751,189.21990966796875,153.4312286376953,-35.78868103027344
scan12,37,3,full,9482,16.630474090576172,16.66581153869629,0.03533744812011719
scan12,37,3,boundary,949,87.35554504394531,86.33391571044922,-1.0216293334960938
scan12,37,3,large_disparity,1897,75.84528350830078,76.20848846435547,0.3632049560546875
scan12,37,3,occluded_any,1247,118.69412994384766,116.9952392578125,-1.6988906860351562
scan12,37,3,occluded_majority,642,151.7639923095703,150.06887817382812,-1.6951141357421875
scan12,37,3,large_disp_and_occluded,651,219.3122100830078,216.17739868164062,-3.1348114013671875
scan12,37,3,boundary_and_occluded,677,119.90386199951172,118.48279571533203,-1.4210662841796875
scan12,38,3,full,6240,23.490299224853516,19.70134162902832,-3.7889575958251953
scan12,38,3,boundary,624,111.19437408447266,88.7301254272461,-22.464248657226562
scan12,38,3,large_disparity,1248,103.47399139404297,84.17594146728516,-19.298049926757812
scan12,38,3,occluded_any,731,180.70086669921875,147.7855682373047,-32.91529846191406
scan12,38,3,occluded_majority,548,236.98861694335938,192.99375915527344,-43.99485778808594
scan12,38,3,large_disp_and_occluded,433,295.5821533203125,240.72850036621094,-54.85365295410156
scan12,38,3,boundary_and_occluded,373,178.9962158203125,142.67759704589844,-36.31861877441406
scan12,39,3,full,7832,35.569908142089844,35.63880920410156,0.06890106201171875
scan12,39,3,boundary,784,140.51646423339844,140.35044860839844,-0.166015625
scan12,39,3,large_disparity,1567,168.26878356933594,168.72340393066406,0.454620361328125
scan12,39,3,occluded_any,1173,228.4401397705078,228.76536560058594,0.325225830078125
scan12,39,3,occluded_majority,777,332.3929443359375,333.1504211425781,0.757476806640625
scan12,39,3,large_disp_and_occluded,713,368.81231689453125,369.98211669921875,1.1697998046875
scan12,39,3,boundary_and_occluded,527,205.60984802246094,205.77769470214844,0.1678466796875
scan12,40,3,full,8829,20.202346801757812,19.028564453125,-1.1737823486328125
scan12,40,3,boundary,883,69.8398666381836,68.21343994140625,-1.6264266967773438
scan12,40,3,large_disparity,1766,94.37964630126953,89.00779724121094,-5.371849060058594
scan12,40,3,occluded_any,865,191.0160369873047,183.4935302734375,-7.5225067138671875
scan12,40,3,occluded_majority,689,236.94317626953125,227.76138305664062,-9.181793212890625
scan12,40,3,large_disp_and_occluded,553,292.8406982421875,282.0029296875,-10.8377685546875
scan12,40,3,boundary_and_occluded,382,153.8429412841797,151.93075561523438,-1.9121856689453125
scan12,41,3,full,9326,10.010469436645508,10.160454750061035,0.14998531341552734
scan12,41,3,boundary,933,36.153873443603516,35.4881591796875,-0.6657142639160156
scan12,41,3,large_disparity,1866,44.8693733215332,45.7598991394043,0.8905258178710938
scan12,41,3,occluded_any,588,140.5936737060547,144.5277099609375,3.9340362548828125
scan12,41,3,occluded_majority,417,192.357421875,199.0507354736328,6.6933135986328125
scan12,41,3,large_disp_and_occluded,356,226.01954650878906,233.087646484375,7.0680999755859375
scan12,41,3,boundary_and_occluded,276,109.03053283691406,108.11576843261719,-0.914764404296875
scan12,42,3,full,9472,4.2614288330078125,3.8173134326934814,-0.44411540031433105
scan12,42,3,boundary,948,23.822189331054688,20.945276260375977,-2.876913070678711
scan12,42,3,large_disparity,1895,16.58598518371582,15.200008392333984,-1.385976791381836
scan12,42,3,occluded_any,370,77.73307800292969,72.6606216430664,-5.072456359863281
scan12,42,3,occluded_majority,221,118.5282211303711,114.02264404296875,-4.505577087402344
scan12,42,3,large_disp_and_occluded,200,136.3867950439453,128.08102416992188,-8.305770874023438
scan12,42,3,boundary_and_occluded,212,85.99603271484375,77.72386932373047,-8.272163391113281
scan12,43,3,full,9485,3.1038308143615723,2.733372211456299,-0.37045860290527344
scan12,43,3,boundary,949,19.9644832611084,17.588619232177734,-2.375864028930664
scan12,43,3,large_disparity,1897,10.555298805236816,9.501876831054688,-1.053421974182129
scan12,43,3,occluded_any,331,53.06547546386719,48.68392562866211,-4.381549835205078
scan12,43,3,occluded_majority,191,81.76300811767578,77.44954681396484,-4.3134613037109375
scan12,43,3,large_disp_and_occluded,163,100.1798095703125,92.23230743408203,-7.947502136230469
scan12,43,3,boundary_and_occluded,208,70.25875091552734,63.50027084350586,-6.758480072021484
scan12,44,3,full,9437,3.1525068283081055,2.6152729988098145,-0.537233829498291
scan12,44,3,boundary,944,21.858448028564453,18.41029930114746,-3.448148727416992
scan12,44,3,large_disparity,1888,11.354656219482422,9.78412914276123,-1.5705270767211914
scan12,44,3,occluded_any,305,55.34672164916992,50.997474670410156,-4.349246978759766
scan12,44,3,occluded_majority,164,86.06315612792969,82.9153823852539,-3.1477737426757812
scan12,44,3,large_disp_and_occluded,158,98.24076080322266,91.0318832397461,-7.2088775634765625
scan12,44,3,boundary_and_occluded,205,72.65119934082031,66.58224487304688,-6.0689544677734375
scan12,45,3,full,9356,3.5389463901519775,2.183208465576172,-1.3557379245758057
scan12,45,3,boundary,936,16.809091567993164,13.054662704467773,-3.7544288635253906
scan12,45,3,large_disparity,1872,12.775718688964844,6.376169681549072,-6.3995490074157715
scan12,45,3,occluded_any,307,35.902679443359375,30.719783782958984,-5.182895660400391
scan12,45,3,occluded_majority,161,50.92247009277344,45.83547592163086,-5.086994171142578
scan12,45,3,large_disp_and_occluded,132,72.70313262939453,59.89786911010742,-12.80526351928711
scan12,45,3,boundary_and_occluded,175,53.554325103759766,44.05461883544922,-9.499706268310547
scan12,46,3,full,9219,4.574456691741943,4.398564338684082,-0.17589235305786133
scan12,46,3,boundary,922,24.457677841186523,21.05478858947754,-3.4028892517089844
scan12,46,3,large_disparity,1844,16.07042694091797,15.75024700164795,-0.32017993927001953
scan12,46,3,occluded_any,403,73.53632354736328,56.42623519897461,-17.110088348388672
scan12,46,3,occluded_majority,256,104.32746124267578,80.13404846191406,-24.19341278076172
scan12,46,3,large_disp_and_occluded,154,173.91038513183594,132.04824829101562,-41.86213684082031
scan12,46,3,boundary_and_occluded,227,76.14376068115234,57.5598258972168,-18.583934783935547
scan12,47,3,full,8911,11.464369773864746,12.415087699890137,0.9507179260253906
scan12,47,3,boundary,892,26.10301399230957,24.186601638793945,-1.916412353515625
scan12,47,3,large_disparity,1783,47.73973083496094,53.7572021484375,6.0174713134765625
scan12,47,3,occluded_any,645,134.5335235595703,138.52134704589844,3.987823486328125
scan12,47,3,occluded_majority,423,195.6821746826172,203.62367248535156,7.941497802734375
scan12,47,3,large_disp_and_occluded,286,286.9070739746094,298.6177062988281,11.71063232421875
scan12,47,3,boundary_and_occluded,273,67.61279296875,62.65959930419922,-4.953193664550781
scan12,48,3,full,8340,14.620872497558594,16.674043655395508,2.053171157836914
scan12,48,3,boundary,834,52.76105499267578,52.204383850097656,-0.556671142578125
scan12,48,3,large_disparity,1668,62.031673431396484,74.24818420410156,12.216510772705078
scan12,48,3,occluded_any,684,155.76905822753906,184.69729614257812,28.928237915039062
scan12,48,3,occluded_majority,502,206.3277130126953,247.2562255859375,40.92851257324219
scan12,48,3,large_disp_and_occluded,332,306.6136474609375,368.64178466796875,62.02813720703125
scan12,48,3,boundary_and_occluded,311,126.21175384521484,129.24732971191406,3.0355758666992188
scan13,0,3,full,13891,67.1898193359375,31.2082462310791,-35.9815731048584
scan13,0,3,boundary,1390,92.42929077148438,95.94752502441406,3.5182342529296875
scan13,0,3,large_disparity,2779,15.75655460357666,7.704802513122559,-8.051752090454102
scan13,0,3,occluded_any,307,96.45356750488281,45.3228874206543,-51.130680084228516
scan13,0,3,occluded_majority,256,98.07734680175781,46.6378173828125,-51.43952941894531
scan13,0,3,large_disp_and_occluded,58,3.654201030731201,3.4107413291931152,-0.24345970153808594
scan13,0,3,boundary_and_occluded,222,16.45960807800293,21.025157928466797,4.565549850463867
scan13,1,3,full,15949,39.15451431274414,6.280678749084473,-32.87383556365967
scan13,1,3,boundary,1595,21.1220703125,4.828948974609375,-16.293121337890625
scan13,1,3,large_disparity,3190,2.8599064350128174,1.0510964393615723,-1.8088099956512451
scan13,1,3,occluded_any,3695,9.923598289489746,3.6960182189941406,-6.2275800704956055
scan13,1,3,occluded_majority,662,37.14665985107422,8.054280281066895,-29.092379570007324
scan13,1,3,large_disp_and_occluded,1062,2.5197293758392334,1.1986321210861206,-1.3210972547531128
scan13,1,3,boundary_and_occluded,1307,21.36495590209961,5.501564979553223,-15.863390922546387
scan13,2,3,full,16115,58.10856246948242,15.164443016052246,-42.944119453430176
scan13,2,3,boundary,1612,28.04694938659668,12.039358139038086,-16.007591247558594
scan13,2,3,large_disparity,3223,64.31346130371094,5.886018753051758,-58.42744255065918
scan13,2,3,occluded_any,798,30.629297256469727,18.23693084716797,-12.392366409301758
scan13,2,3,occluded_majority,594,35.931514739990234,17.50659942626953,-18.424915313720703
scan13,2,3,large_disp_and_occluded,129,18.951749801635742,10.703805923461914,-8.247943878173828
scan13,2,3,boundary_and_occluded,648,32.53474044799805,18.845827102661133,-13.688913345336914
scan13,3,3,full,15186,26.371597290039062,3.8419852256774902,-22.529612064361572
scan13,3,3,boundary,1519,28.1075496673584,4.563391208648682,-23.544158458709717
scan13,3,3,large_disparity,3038,2.703862428665161,1.8899829387664795,-0.8138794898986816
scan13,3,3,occluded_any,1022,21.396347045898438,5.825924396514893,-15.570422649383545
scan13,3,3,occluded_majority,632,28.652746200561523,5.858741283416748,-22.794004917144775
scan13,3,3,large_disp_and_occluded,406,5.268250465393066,4.360476493835449,-0.9077739715576172
scan13,3,3,boundary_and_occluded,700,28.908782958984375,6.570752143859863,-22.33803081512451
scan13,4,3,full,10874,9.632791519165039,7.4681010246276855,-2.1646904945373535
scan13,4,3,boundary,1088,30.581802368164062,22.735042572021484,-7.846759796142578
scan13,4,3,large_disparity,2175,13.46906566619873,10.39478874206543,-3.074276924133301
scan13,4,3,occluded_any,676,78.3675308227539,39.40302276611328,-38.964508056640625
scan13,4,3,occluded_majority,588,88.66650390625,42.78721618652344,-45.87928771972656
scan13,4,3,large_disp_and_occluded,275,77.89005279541016,32.16114044189453,-45.728912353515625
scan13,4,3,boundary_and_occluded,454,49.418766021728516,36.40557098388672,-13.013195037841797
scan13,5,3,full,12263,2.741821765899658,1.4639949798583984,-1.2778267860412598
scan13,5,3,boundary,1227,7.846352577209473,5.5099592208862305,-2.336393356323242
scan13,5,3,large_disparity,2453,1.4247982501983643,1.4287251234054565,0.003926873207092285
scan13,5,3,occluded_any,570,16.64676856994629,13.47132682800293,-3.1754417419433594
scan13,5,3,occluded_majority,345,22.02752113342285,16.719104766845703,-5.308416366577148
scan13,5,3,large_disp_and_occluded,236,8.50963020324707,7.7032575607299805,-0.8063726425170898
scan13,5,3,boundary_and_occluded,457,15.733753204345703,11.771201133728027,-3.962552070617676
scan13,6,3,full,15418,19.46689224243164,4.708447456359863,-14.758444786071777
scan13,6,3,boundary,1542,6.6446428298950195,2.4038026332855225,-4.240840196609497
scan13,6,3,large_disparity,3084,21.53628158569336,8.68554401397705,-12.850737571716309
scan13,6,3,occluded_any,810,6.538384914398193,4.114694595336914,-2.4236903190612793
scan13,6,3,occluded_majority,512,8.210983276367188,4.834194183349609,-3.376789093017578
scan13,6,3,large_disp_and_occluded,250,2.022109270095825,2.1711084842681885,0.14899921417236328
scan13,6,3,boundary_and_occluded,550,8.230171203613281,4.689512252807617,-3.540658950805664
scan13,7,3,full,16690,18.485126495361328,3.5278215408325195,-14.957304954528809
scan13,7,3,boundary,1669,5.33405065536499,3.504849433898926,-1.8292012214660645
scan13,7,3,large_disparity,3338,61.718074798583984,12.570223808288574,-49.14785099029541
scan13,7,3,occluded_any,705,7.677978038787842,6.800610065460205,-0.8773679733276367
scan13,7,3,occluded_majority,492,6.0703959465026855,4.280497074127197,-1.7898988723754883
scan13,7,3,large_disp_and_occluded,237,10.507686614990234,14.002774238586426,3.4950876235961914
scan13,7,3,boundary_and_occluded,579,8.684502601623535,7.291460037231445,-1.3930425643920898
scan13,8,3,full,17119,1.524796724319458,3.0280942916870117,1.5032975673675537
scan13,8,3,boundary,1712,5.757352828979492,5.703819274902344,-0.05353355407714844
scan13,8,3,large_disparity,3424,1.0331324338912964,1.729042410850525,0.6959099769592285
scan13,8,3,occluded_any,1446,5.98749303817749,6.140112400054932,0.1526193618774414
scan13,8,3,occluded_majority,493,5.4423747062683105,6.116061210632324,0.6736865043640137
scan13,8,3,large_disp_and_occluded,180,5.156494617462158,5.107667446136475,-0.048827171325683594
scan13,8,3,boundary_and_occluded,1323,6.386085510253906,6.500856876373291,0.11477136611938477
scan13,9,3,full,17491,9.370469093322754,1.5817495584487915,-7.788719534873962
scan13,9,3,boundary,1750,1.8686411380767822,1.6604546308517456,-0.20818650722503662
scan13,9,3,large_disparity,3499,2.579158306121826,1.1523144245147705,-1.4268438816070557
scan13,9,3,occluded_any,643,2.6486856937408447,2.715679407119751,0.06699371337890625
scan13,9,3,occluded_majority,404,3.3278355598449707,3.486238718032837,0.1584031581878662
scan13,9,3,large_disp_and_occluded,17,11.784509658813477,8.807218551635742,-2.9772911071777344
scan13,9,3,boundary_and_occluded,596,2.719754934310913,2.8016750812530518,0.08192014694213867
scan13,10,3,full,17147,10.183282852172852,2.709482192993164,-7.4738006591796875
scan13,10,3,boundary,1715,5.01517391204834,4.4347405433654785,-0.5804333686828613
scan13,10,3,large_disparity,3430,2.6634817123413086,3.4084038734436035,0.7449221611022949
scan13,10,3,occluded_any,537,10.54665756225586,7.28798770904541,-3.258669853210449
scan13,10,3,occluded_majority,395,11.597748756408691,8.172024726867676,-3.4257240295410156
scan13,10,3,large_disp_and_occluded,64,7.822186470031738,5.138846397399902,-2.683340072631836
scan13,10,3,boundary_and_occluded,488,7.918354511260986,7.352786540985107,-0.5655679702758789
scan13,11,3,full,15148,21.683420181274414,3.2788779735565186,-18.404542207717896
scan13,11,3,boundary,1515,39.115562438964844,18.160648345947266,-20.954914093017578
scan13,11,3,large_disparity,3030,6.128523826599121,3.531482458114624,-2.597041368484497
scan13,11,3,occluded_any,194,8.799853324890137,14.023402214050293,5.223548889160156
scan13,11,3,occluded_majority,150,8.29382610321045,13.43001651763916,5.136190414428711
scan13,11,3,large_disp_and_occluded,78,1.4556454420089722,24.13813591003418,22.682490468025208
scan13,11,3,boundary_and_occluded,190,7.399916648864746,14.283099174499512,6.883182525634766
scan13,12,3,full,16930,2.902125597000122,4.682130813598633,1.7800052165985107
scan13,12,3,boundary,1693,6.024670600891113,5.153901100158691,-0.8707695007324219
scan13,12,3,large_disparity,3386,3.5570881366729736,8.416327476501465,4.859239339828491
scan13,12,3,occluded_any,2439,5.867715358734131,7.825081825256348,1.9573664665222168
scan13,12,3,occluded_majority,406,8.697464942932129,8.677789688110352,-0.019675254821777344
scan13,12,3,large_disp_and_occluded,57,9.37125301361084,59.35697555541992,49.98572254180908
scan13,12,3,boundary_and_occluded,1161,6.359173774719238,5.698704719543457,-0.6604690551757812
scan13,13,3,full,17550,2.2733781337738037,0.91322261095047,-1.3601555228233337
scan13,13,3,boundary,1755,1.1423474550247192,1.1113733053207397,-0.030974149703979492
scan13,13,3,large_disparity,3510,6.921512126922607,1.2718003988265991,-5.649711728096008
scan13,13,3,occluded_any,525,1.601954698562622,1.51820707321167,-0.08374762535095215
scan13,13,3,occluded_majority,381,1.7879726886749268,1.7140501737594604,-0.07392251491546631
scan13,13,3,large_disp_and_occluded,51,6.334052562713623,2.103801727294922,-4.230250835418701
scan13,13,3,boundary_and_occluded,496,1.604814052581787,1.5390589237213135,-0.06575512886047363
scan13,14,3,full,17363,0.8926777839660645,0.9602352380752563,0.0675574541091919
scan13,14,3,boundary,1737,0.6717379689216614,0.7788587808609009,0.1071208119392395
scan13,14,3,large_disparity,3473,0.9298893809318542,0.8989148139953613,-0.03097456693649292
scan13,14,3,occluded_any,510,0.9720239043235779,1.2850725650787354,0.31304866075515747
scan13,14,3,occluded_majority,367,1.059259295463562,1.4471940994262695,0.3879348039627075
scan13,14,3,large_disp_and_occluded,17,1.341599464416504,2.052199363708496,0.7105998992919922
scan13,14,3,boundary_and_occluded,478,0.9759438633918762,1.3227767944335938,0.34683293104171753
scan13,15,3,full,16816,1.6648887395858765,2.3244354724884033,0.6595467329025269
scan13,15,3,boundary,1682,4.609294414520264,3.3822975158691406,-1.226996898651123
scan13,15,3,large_disparity,3364,1.3573065996170044,3.6500847339630127,2.2927781343460083
scan13,15,3,occluded_any,1875,4.3845624923706055,3.3007311820983887,-1.0838313102722168
scan13,15,3,occluded_majority,545,6.603064060211182,5.262264251708984,-1.3407998085021973
scan13,15,3,large_disp_and_occluded,350,1.878239393234253,1.9935288429260254,0.11528944969177246
scan13,15,3,boundary_and_occluded,1500,4.83575963973999,3.597781181335449,-1.237978458404541
scan13,16,3,full,16442,0.8309691548347473,1.083533763885498,0.25256460905075073
scan13,16,3,boundary,1645,4.025078296661377,3.332449197769165,-0.6926290988922119
scan13,16,3,large_disparity,3289,0.8482839465141296,0.9880872368812561,0.13980329036712646
scan13,16,3,occluded_any,744,7.845728874206543,6.506045818328857,-1.3396830558776855
scan13,16,3,occluded_majority,587,7.842678546905518,6.625227451324463,-1.2174510955810547
scan13,16,3,large_disp_and_occluded,78,12.390451431274414,11.668498992919922,-0.7219524383544922
scan13,16,3,boundary_and_occluded,677,8.429079055786133,6.824687480926514,-1.6043915748596191
scan13,17,3,full,16198,0.7431414127349854,0.6923973560333252,-0.050744056701660156
scan13,17,3,boundary,1620,2.8262619972229004,2.5653860569000244,-0.260875940322876
scan13,17,3,large_disparity,3240,1.0037277936935425,0.954478919506073,-0.04924887418746948
scan13,17,3,occluded_any,585,6.292088031768799,5.530591011047363,-0.7614970207214355
scan13,17,3,occluded_majority,462,6.774234294891357,5.872270107269287,-0.9019641876220703
scan13,17,3,large_disp_and_occluded,205,4.653106689453125,4.747480869293213,0.09437417984008789
scan13,17,3,boundary_and_occluded,529,6.358642101287842,5.858029842376709,-0.5006122589111328
scan13,18,3,full,14277,1.8124710321426392,0.9420633316040039,-0.8704077005386353
scan13,18,3,boundary,1428,3.4880220890045166,2.915400743484497,-0.5726213455200195
scan13,18,3,large_disparity,2856,1.102409839630127,1.0984995365142822,-0.0039103031158447266
scan13,18,3,occluded_any,417,7.344980716705322,6.596811294555664,-0.7481694221496582
scan13,18,3,occluded_majority,295,7.075273036956787,6.5197248458862305,-0.5555481910705566
scan13,18,3,large_disp_and_occluded,95,6.764708042144775,7.858727931976318,1.094019889831543
scan13,18,3,boundary_and_occluded,380,7.771772384643555,6.770696640014648,-1.0010757446289062
scan13,19,3,full,13080,0.9981811046600342,2.0439212322235107,1.0457401275634766
scan13,19,3,boundary,1308,5.194616317749023,4.94136905670166,-0.2532472610473633
scan13,19,3,large_disparity,2616,2.1360864639282227,5.269495964050293,3.1334095001220703
scan13,19,3,occluded_any,327,10.04379653930664,9.56467056274414,-0.4791259765625
scan13,19,3,occluded_majority,239,10.122236251831055,10.179759979248047,0.05752372741699219
scan13,19,3,large_disp_and_occluded,227,9.535106658935547,7.30474328994751,-2.230363368988037
scan13,19,3,boundary_and_occluded,316,10.32862377166748,9.755630493164062,-0.572993278503418
scan13,20,3,full,15282,1.3009018898010254,2.0852816104888916,0.7843797206878662
scan13,20,3,boundary,1529,3.718626022338867,3.02105450630188,-0.6975715160369873
scan13,20,3,large_disparity,3057,2.448228597640991,6.370582580566406,3.922353982925415
scan13,20,3,occluded_any,382,11.699647903442383,8.50195598602295,-3.1976919174194336
scan13,20,3,occluded_majority,284,11.175586700439453,7.951385021209717,-3.2242016792297363
scan13,20,3,large_disp_and_occluded,183,2.9051973819732666,3.488051176071167,0.5828537940979004
scan13,20,3,boundary_and_occluded,362,11.604327201843262,8.64189624786377,-2.962430953979492
scan13,21,3,full,16253,0.8614974617958069,1.1328305006027222,0.2713330388069153
scan13,21,3,boundary,1626,3.530390739440918,3.9093832969665527,0.37899255752563477
scan13,21,3,large_disparity,3251,1.3863062858581543,2.4259016513824463,1.039595365524292
scan13,21,3,occluded_any,435,10.71975326538086,12.220005989074707,1.5002527236938477
scan13,21,3,occluded_majority,333,11.346071243286133,14.281047821044922,2.934976577758789
scan13,21,3,large_disp_and_occluded,110,14.676533699035645,28.791860580444336,14.115326881408691
scan13,21,3,boundary_and_occluded,409,10.913047790527344,12.003787994384766,1.0907402038574219
scan13,22,3,full,16276,1.1588993072509766,1.0578701496124268,-0.1010291576385498
scan13,22,3,boundary,1628,4.137373447418213,3.423624277114868,-0.7137491703033447
scan13,22,3,large_disparity,3256,1.4269256591796875,1.6113368272781372,0.1844111680984497
scan13,22,3,occluded_any,453,10.526556968688965,9.41759967803955,-1.108957290649414
scan13,22,3,occluded_majority,307,8.250435829162598,7.802706718444824,-0.44772911071777344
scan13,22,3,large_disp_and_occluded,102,20.568910598754883,18.285947799682617,-2.2829627990722656
scan13,22,3,boundary_and_occluded,441,10.620882034301758,9.387970924377441,-1.2329111099243164
scan13,23,3,full,16783,0.9811225533485413,0.9247062802314758,-0.05641627311706543
scan13,23,3,boundary,1679,2.015598773956299,1.62798273563385,-0.38761603832244873
scan13,23,3,large_disparity,3357,0.7315590381622314,0.7967010140419006,0.06514197587966919
scan13,23,3,occluded_any,1939,1.8950456380844116,1.5597400665283203,-0.3353055715560913
scan13,23,3,occluded_majority,398,2.7403135299682617,2.1290335655212402,-0.6112799644470215
scan13,23,3,large_disp_and_occluded,378,3.127220869064331,2.4299211502075195,-0.6972997188568115
scan13,23,3,boundary_and_occluded,1508,2.0769283771514893,1.6713449954986572,-0.40558338165283203
scan13,24,3,full,17315,0.6889829635620117,0.7774093747138977,0.08842641115188599
scan13,24,3,boundary,1732,0.6403300166130066,0.675758957862854,0.03542894124984741
scan13,24,3,large_disparity,3463,0.5654293894767761,0.6755400896072388,0.11011070013046265
scan13,24,3,occluded_any,567,0.8598246574401855,0.8291773200035095,-0.030647337436676025
scan13,24,3,occluded_majority,392,1.0053561925888062,0.9307621717453003,-0.07459402084350586
scan13,24,3,large_disp_and_occluded,20,1.2381408214569092,3.528277635574341,2.2901368141174316
scan13,24,3,boundary_and_occluded,532,0.8779022693634033,0.8525151014328003,-0.025387167930603027
scan13,25,3,full,17359,0.5930039882659912,0.4206053912639618,-0.17239859700202942
scan13,25,3,boundary,1736,0.6367696523666382,0.586760938167572,-0.05000871419906616
scan13,25,3,large_disparity,3472,0.6393486261367798,0.4596077799797058,-0.17974084615707397
scan13,25,3,occluded_any,476,0.7469158172607422,1.0110386610031128,0.2641228437423706
scan13,25,3,occluded_majority,338,0.7650984525680542,1.1303750276565552,0.365276575088501
scan13,25,3,large_disp_and_occluded,29,2.3292319774627686,2.4802162647247314,0.1509842872619629
scan13,25,3,boundary_and_occluded,458,0.7514007687568665,1.0237687826156616,0.27236801385879517
scan13,26,3,full,16949,0.8389543294906616,0.584515392780304,-0.25443893671035767
scan13,26,3,boundary,1695,1.6078548431396484,1.1882847547531128,-0.41957008838653564
scan13,26,3,large_disparity,3390,1.1428953409194946,0.6218310594558716,-0.521064281463623
scan13,26,3,occluded_any,436,2.9154367446899414,1.517634391784668,-1.3978023529052734
scan13,26,3,occluded_majority,289,3.442957878112793,1.681528925895691,-1.761428952217102
scan13,26,3,large_disp_and_occluded,34,15.847465515136719,3.921842575073242,-11.925622940063477
scan13,26,3,boundary_and_occluded,421,2.9120843410491943,1.5273195505142212,-1.3847647905349731
scan13,27,3,full,16011,1.5769932270050049,2.119619369506836,0.542626142501831
scan13,27,3,boundary,1602,6.7526445388793945,7.420723915100098,0.6680793762207031
scan13,27,3,large_disparity,3203,0.4777298867702484,1.9252924919128418,1.4475626051425934
scan13,27,3,occluded_any,1682,6.241186618804932,8.38364315032959,2.142456531524658
scan13,27,3,occluded_majority,310,7.3297119140625,12.790019035339355,5.4603071212768555
scan13,27,3,large_disp_and_occluded,83,1.257802963256836,23.833160400390625,22.57535743713379
scan13,27,3,boundary_and_occluded,1024,6.853458881378174,8.319530487060547,1.466071605682373
scan13,28,3,full,13646,2.6320602893829346,1.4901694059371948,-1.1418908834457397
scan13,28,3,boundary,1365,18.964332580566406,8.681949615478516,-10.28238296508789
scan13,28,3,large_disparity,2730,7.388377666473389,2.639047622680664,-4.749330043792725
scan13,28,3,occluded_any,166,5.550371170043945,4.329094886779785,-1.2212762832641602
scan13,28,3,occluded_majority,145,4.268031597137451,4.677580833435059,0.4095492362976074
scan13,28,3,large_disp_and_occluded,46,10.462883949279785,5.5723958015441895,-4.890488147735596
scan13,28,3,boundary_and_occluded,159,5.770932197570801,4.50480842590332,-1.2661237716674805
scan13,29,3,full,15426,1.5516949892044067,1.0984899997711182,-0.4532049894332886
scan13,29,3,boundary,1543,5.676187992095947,3.010383129119873,-2.665804862976074
scan13,29,3,large_disparity,3086,1.2678029537200928,0.8254810571670532,-0.44232189655303955
scan13,29,3,occluded_any,2835,4.514965534210205,2.8994271755218506,-1.6155383586883545
scan13,29,3,occluded_majority,349,5.953710556030273,3.0299341678619385,-2.923776388168335
scan13,29,3,large_disp_and_occluded,175,2.6100833415985107,1.5609111785888672,-1.0491721630096436
scan13,29,3,boundary_and_occluded,1490,5.494743347167969,2.996671199798584,-2.4980721473693848
scan13,30,3,full,16430,0.6501330137252808,0.5659914016723633,-0.08414161205291748
scan13,30,3,boundary,1643,0.8512506484985352,0.9199956655502319,0.06874501705169678
scan13,30,3,large_disparity,3286,0.9977403283119202,0.6756076216697693,-0.3221327066421509
scan13,30,3,occluded_any,419,1.181172490119934,1.134116291999817,-0.04705619812011719
scan13,30,3,occluded_majority,301,1.1693627834320068,1.1931172609329224,0.023754477500915527
scan13,30,3,large_disp_and_occluded,47,1.437122106552124,3.004793167114258,1.5676710605621338
scan13,30,3,boundary_and_occluded,387,1.222089171409607,1.184532880783081,-0.03755629062652588
scan13,31,3,full,17115,0.48834875226020813,0.34988659620285034,-0.1384621560573578
scan13,31,3,boundary,1712,0.6615139842033386,0.7421097755432129,0.08059579133987427
scan13,31,3,large_disparity,3423,0.619349479675293,0.4003638029098511,-0.2189856767654419
scan13,31,3,occluded_any,461,0.6576665043830872,0.7827271819114685,0.12506067752838135
scan13,31,3,occluded_majority,316,0.7299754619598389,0.8885706663131714,0.15859520435333252
scan13,31,3,large_disp_and_occluded,23,2.9915823936462402,2.8730547428131104,-0.11852765083312988
scan13,31,3,boundary_and_occluded,437,0.6766719222068787,0.8081377148628235,0.13146579265594482
scan13,32,3,full,17473,0.46177053451538086,0.3509153425693512,-0.11085519194602966
scan13,32,3,boundary,1748,0.41405969858169556,0.4412800967693329,0.02722039818763733
scan13,32,3,large_disparity,3495,0.35127148032188416,0.25385433435440063,-0.09741714596748352
scan13,32,3,occluded_any,487,0.6044319272041321,0.5590564608573914,-0.04537546634674072
scan13,32,3,occluded_majority,341,0.6423135995864868,0.5870077013969421,-0.05530589818954468
scan13,32,3,large_disp_and_occluded,7,2.2157418727874756,0.8976178765296936,-1.318123996257782
scan13,32,3,boundary_and_occluded,463,0.5980604290962219,0.5575268864631653,-0.04053354263305664
scan13,33,3,full,17281,0.6474066376686096,0.44868147373199463,-0.198725163936615
scan13,33,3,boundary,1729,0.7986780405044556,0.605722188949585,-0.1929558515548706
scan13,33,3,large_disparity,3457,0.6977767944335938,0.42767393589019775,-0.270102858543396
scan13,33,3,occluded_any,651,1.0012160539627075,0.6973654627799988,-0.30385059118270874
scan13,33,3,occluded_majority,352,1.1057552099227905,0.7402487397193909,-0.36550647020339966
scan13,33,3,large_disp_and_occluded,56,1.469083547592163,0.9512503743171692,-0.5178331732749939
scan13,33,3,boundary_and_occluded,614,1.020613431930542,0.689805805683136,-0.330807626247406
scan13,34,3,full,16453,1.2356030941009521,1.2118890285491943,-0.023714065551757812
scan13,34,3,boundary,1646,6.536191463470459,5.158613681793213,-1.377577781677246
scan13,34,3,large_disparity,3291,2.6544106006622314,2.2302045822143555,-0.424206018447876
scan13,34,3,occluded_any,1013,10.001962661743164,7.8976545333862305,-2.1043081283569336
scan13,34,3,occluded_majority,818,11.86414909362793,9.372243881225586,-2.4919052124023438
scan13,34,3,large_disp_and_occluded,191,28.497770309448242,19.15438461303711,-9.343385696411133
scan13,34,3,boundary_and_occluded,1001,10.112916946411133,7.987701892852783,-2.1252150535583496
scan13,35,3,full,16297,1.3463544845581055,0.8997310996055603,-0.44662338495254517
scan13,35,3,boundary,1630,3.2785396575927734,2.4349496364593506,-0.8435900211334229
scan13,35,3,large_disparity,3260,1.580689787864685,1.2200067043304443,-0.3606830835342407
scan13,35,3,occluded_any,349,12.08208179473877,8.533846855163574,-3.5482349395751953
scan13,35,3,occluded_majority,222,11.286750793457031,7.753410339355469,-3.5333404541015625
scan13,35,3,large_disp_and_occluded,96,30.069799423217773,20.230478286743164,-9.83932113647461
scan13,35,3,boundary_and_occluded,311,12.779251098632812,9.125605583190918,-3.6536455154418945
scan13,36,3,full,16003,0.692913293838501,0.9290902018547058,0.23617690801620483
scan13,36,3,boundary,1601,2.6315383911132812,2.1833372116088867,-0.44820117950439453
scan13,36,3,large_disparity,3201,0.7242332100868225,1.0895689725875854,0.36533576250076294
scan13,36,3,occluded_any,300,9.07957935333252,6.445512771606445,-2.634066581726074
scan13,36,3,occluded_majority,230,9.981705665588379,6.838016986846924,-3.143688678741455
scan13,36,3,large_disp_and_occluded,126,5.47804069519043,4.932107448577881,-0.5459332466125488
scan13,36,3,boundary_and_occluded,286,9.394242286682129,6.38300085067749,-3.0112414360046387
scan13,37,3,full,14764,0.8502296805381775,1.0513577461242676,0.2011280655860901
scan13,37,3,boundary,1477,3.013643503189087,2.1851694583892822,-0.8284740447998047
scan13,37,3,large_disparity,2953,1.2683964967727661,2.7060539722442627,1.4376574754714966
scan13,37,3,occluded_any,326,9.727927207946777,6.791133880615234,-2.936793327331543
scan13,37,3,occluded_majority,216,10.588349342346191,7.154535293579102,-3.43381404876709
scan13,37,3,large_disp_and_occluded,154,0.9109905362129211,0.7210108637809753,-0.1899796724319458
scan13,37,3,boundary_and_occluded,322,9.839153289794922,6.867717266082764,-2.971436023712158
scan13,38,3,full,13397,1.1477903127670288,0.7757237553596497,-0.37206655740737915
scan13,38,3,boundary,1340,3.9908738136291504,2.661282539367676,-1.3295912742614746
scan13,38,3,large_disparity,2680,1.1136646270751953,0.4719158113002777,-0.6417488157749176
scan13,38,3,occluded_any,241,10.722213745117188,6.636533737182617,-4.08568000793457
scan13,38,3,occluded_majority,175,10.788334846496582,6.723381042480469,-4.064953804016113
scan13,38,3,large_disp_and_occluded,161,0.44284588098526,0.5514535903930664,0.1086077094078064
scan13,38,3,boundary_and_occluded,241,10.722213745117188,6.636533737182617,-4.08568000793457
scan13,39,3,full,15154,0.7773051857948303,0.5974479913711548,-0.17985719442367554
scan13,39,3,boundary,1516,2.964341640472412,2.0486438274383545,-0.9156978130340576
scan13,39,3,large_disparity,3031,0.4909069836139679,0.4895572066307068,-0.0013497769832611084
scan13,39,3,occluded_any,357,8.578712463378906,6.243074417114258,-2.3356380462646484
scan13,39,3,occluded_majority,215,9.124117851257324,6.117941379547119,-3.006176471710205
scan13,39,3,large_disp_and_occluded,187,0.4394420385360718,0.5007532835006714,0.06131124496459961
scan13,39,3,boundary_and_occluded,351,8.69276237487793,6.3322272300720215,-2.360535144805908
scan13,40,3,full,16096,0.7125403881072998,0.5635879039764404,-0.14895248413085938
scan13,40,3,boundary,1610,2.7143664360046387,1.8007752895355225,-0.9135911464691162
scan13,40,3,large_disparity,3220,0.9234484434127808,0.7261039614677429,-0.19734448194503784
scan13,40,3,occluded_any,342,8.711288452148438,5.465721607208252,-3.2455668449401855
scan13,40,3,occluded_majority,241,8.345046043395996,4.8997602462768555,-3.4452857971191406
scan13,40,3,large_disp_and_occluded,196,7.653522491455078,5.1625542640686035,-2.4909682273864746
scan13,40,3,boundary_and_occluded,332,8.89527702331543,5.605810165405273,-3.2894668579101562
scan13,41,3,full,16235,0.8620395064353943,0.6466889381408691,-0.21535056829452515
scan13,41,3,boundary,1624,4.324920177459717,2.0546350479125977,-2.270285129547119
scan13,41,3,large_disparity,3247,1.3350995779037476,0.9547862410545349,-0.38031333684921265
scan13,41,3,occluded_any,306,9.94076919555664,6.497753620147705,-3.4430155754089355
scan13,41,3,occluded_majority,185,8.012561798095703,5.432356357574463,-2.5802054405212402
scan13,41,3,large_disp_and_occluded,107,27.232830047607422,17.192211151123047,-10.040618896484375
scan13,41,3,boundary_and_occluded,280,10.448577880859375,6.838162899017334,-3.610414981842041
scan13,42,3,full,16561,1.0018783807754517,0.8029841184616089,-0.19889426231384277
scan13,42,3,boundary,1657,6.1682939529418945,3.50999116897583,-2.6583027839660645
scan13,42,3,large_disparity,3313,1.2888263463974,0.9023017287254333,-0.38652461767196655
scan13,42,3,occluded_any,1140,8.267511367797852,4.831589221954346,-3.435922145843506
scan13,42,3,occluded_majority,277,14.501907348632812,6.657975673675537,-7.843931674957275
scan13,42,3,large_disp_and_occluded,243,11.824915885925293,6.738867282867432,-5.086048603057861
scan13,42,3,boundary_and_occluded,1126,8.353943824768066,4.876553535461426,-3.4773902893066406
scan13,43,3,full,17310,0.558907687664032,0.41606247425079346,-0.14284521341323853
scan13,43,3,boundary,1731,0.7993960976600647,0.730638325214386,-0.06875777244567871
scan13,43,3,large_disparity,3462,0.40998080372810364,0.3153764009475708,-0.09460440278053284
scan13,43,3,occluded_any,675,1.0006734132766724,0.8065194487571716,-0.19415396451950073
scan13,43,3,occluded_majority,389,1.1202818155288696,0.8759562969207764,-0.24432551860809326
scan13,43,3,large_disp_and_occluded,183,1.2172167301177979,0.7044634222984314,-0.5127533078193665
scan13,43,3,boundary_and_occluded,638,1.020372748374939,0.8101224899291992,-0.21025025844573975
scan13,44,3,full,17524,0.5257030725479126,0.3447571098804474,-0.1809459626674652
scan13,44,3,boundary,1753,0.49885040521621704,0.47303420305252075,-0.02581620216369629
scan13,44,3,large_disparity,3505,0.29418709874153137,0.30368292331695557,0.009495824575424194
scan13,44,3,occluded_any,501,0.7877457737922668,0.6090303659439087,-0.17871540784835815
scan13,44,3,occluded_majority,352,0.8082625865936279,0.6354730725288391,-0.17278951406478882
scan13,44,3,large_disp_and_occluded,22,0.34773948788642883,0.43358543515205383,0.085845947265625
scan13,44,3,boundary_and_occluded,478,0.8015478849411011,0.6173328161239624,-0.18421506881713867
scan13,45,3,full,17124,0.4048420190811157,0.33767256140708923,-0.06716945767402649
scan13,45,3,boundary,1713,0.4970606863498688,0.4540644586086273,-0.042996227741241455
scan13,45,3,large_disparity,3425,0.3433492183685303,0.3280203640460968,-0.015328854322433472
scan13,45,3,occluded_any,431,0.6533217430114746,0.5244272351264954,-0.12889450788497925
scan13,45,3,occluded_majority,322,0.6695918440818787,0.5378791093826294,-0.13171273469924927
scan13,45,3,large_disp_and_occluded,4,0.632293701171875,0.625823974609375,-0.0064697265625
scan13,45,3,boundary_and_occluded,405,0.6627061367034912,0.5300726890563965,-0.13263344764709473
scan13,46,3,full,16128,0.4515599310398102,0.44726619124412537,-0.0042937397956848145
scan13,46,3,boundary,1613,0.656592071056366,0.7235456109046936,0.06695353984832764
scan13,46,3,large_disparity,3226,0.5620923638343811,0.4939190447330475,-0.06817331910133362
scan13,46,3,occluded_any,416,0.6673909425735474,0.7194621562957764,0.052071213722229004
scan13,46,3,occluded_majority,265,0.653812050819397,0.714303195476532,0.06049114465713501
scan13,46,3,large_disp_and_occluded,1,2.036865234375,22.0203857421875,19.9835205078125
scan13,46,3,boundary_and_occluded,364,0.704122006893158,0.7032403349876404,-0.0008816719055175781
scan13,47,3,full,14915,0.8561701774597168,0.8232911229133606,-0.0328790545463562
scan13,47,3,boundary,1492,2.1551826000213623,2.6487739086151123,0.49359130859375
scan13,47,3,large_disparity,2983,1.050563097000122,0.6559063196182251,-0.394656777381897
scan13,47,3,occluded_any,547,2.594594717025757,3.0217878818511963,0.42719316482543945
scan13,47,3,occluded_majority,246,2.778225898742676,2.9304566383361816,0.15223073959350586
scan13,47,3,large_disp_and_occluded,10,7.895092964172363,4.959381103515625,-2.9357118606567383
scan13,47,3,boundary_and_occluded,439,2.9732134342193604,3.5625033378601074,0.5892899036407471
scan13,48,3,full,13112,5.36562442779541,5.43064546585083,0.06502103805541992
scan13,48,3,boundary,1312,49.08513259887695,50.44175338745117,1.3566207885742188
scan13,48,3,large_disparity,2623,0.7138403058052063,0.8229877352714539,0.10914742946624756
scan13,48,3,occluded_any,928,65.76471710205078,64.25591278076172,-1.5088043212890625
scan13,48,3,occluded_majority,235,28.251924514770508,34.267513275146484,6.015588760375977
scan13,48,3,large_disp_and_occluded,76,6.119182586669922,7.005758285522461,0.8865756988525391
scan13,48,3,boundary_and_occluded,890,68.42800903320312,66.74689483642578,-1.6811141967773438
scan15,0,3,full,16913,2.1117279529571533,2.179189682006836,0.06746172904968262
scan15,0,3,boundary,1692,8.446849822998047,7.78196382522583,-0.6648859977722168
scan15,0,3,large_disparity,3383,4.904064178466797,5.229960918426514,0.3258967399597168
scan15,0,3,occluded_any,1168,8.390827178955078,5.252536773681641,-3.1382904052734375
scan15,0,3,occluded_majority,654,12.76702880859375,7.335386276245117,-5.431642532348633
scan15,0,3,large_disp_and_occluded,227,27.55612564086914,12.486698150634766,-15.069427490234375
scan15,0,3,boundary_and_occluded,513,14.618896484375,9.231554985046387,-5.387341499328613
scan15,1,3,full,18925,1.498522162437439,1.3782901763916016,-0.1202319860458374
scan15,1,3,boundary,1893,5.709422588348389,5.272297382354736,-0.43712520599365234
scan15,1,3,large_disparity,3785,2.7749228477478027,1.912630319595337,-0.8622925281524658
scan15,1,3,occluded_any,1590,5.488525867462158,4.786684989929199,-0.701840877532959
scan15,1,3,occluded_majority,772,7.822453022003174,6.472933292388916,-1.3495197296142578
scan15,1,3,large_disp_and_occluded,353,10.30329418182373,7.051055908203125,-3.2522382736206055
scan15,1,3,boundary_and_occluded,862,7.3076372146606445,6.769521236419678,-0.5381159782409668
scan15,2,3,full,19207,1.4683077335357666,1.3530545234680176,-0.11525321006774902
scan15,2,3,boundary,1921,5.149837017059326,4.86911678314209,-0.28072023391723633
scan15,2,3,large_disparity,3842,1.558014988899231,1.2886779308319092,-0.2693370580673218
scan15,2,3,occluded_any,1355,4.21834135055542,4.511682033538818,0.29334068298339844
scan15,2,3,occluded_majority,644,5.168445110321045,5.709325790405273,0.5408806800842285
scan15,2,3,large_disp_and_occluded,238,5.893416404724121,4.7912421226501465,-1.1021742820739746
scan15,2,3,boundary_and_occluded,625,6.52329683303833,7.173723220825195,0.6504263877868652
scan15,3,3,full,17956,1.9962728023529053,1.9772616624832153,-0.01901113986968994
scan15,3,3,boundary,1796,7.439642429351807,7.954291343688965,0.5146489143371582
scan15,3,3,large_disparity,3592,3.1487951278686523,3.2651448249816895,0.11634969711303711
scan15,3,3,occluded_any,3449,3.696962833404541,4.212700843811035,0.5157380104064941
scan15,3,3,occluded_majority,747,7.887720584869385,9.761271476745605,1.8735508918762207
scan15,3,3,large_disp_and_occluded,479,8.38195514678955,10.005404472351074,1.6234493255615234
scan15,3,3,boundary_and_occluded,1031,7.399476051330566,8.160712242126465,0.7612361907958984
scan15,4,3,full,14336,2.7631962299346924,3.7853598594665527,1.0221636295318604
scan15,4,3,boundary,1434,13.269686698913574,16.648639678955078,3.378952980041504
scan15,4,3,large_disparity,2868,2.5497448444366455,3.110694169998169,0.5609493255615234
scan15,4,3,occluded_any,1401,8.681118965148926,13.478182792663574,4.797063827514648
scan15,4,3,occluded_majority,773,10.708001136779785,15.444117546081543,4.736116409301758
scan15,4,3,large_disp_and_occluded,252,10.991811752319336,10.73471736907959,-0.2570943832397461
scan15,4,3,boundary_and_occluded,489,11.751635551452637,20.6823673248291,8.930731773376465
scan15,5,3,full,14076,2.865048885345459,2.949838638305664,0.08478975296020508
scan15,5,3,boundary,1408,11.12399673461914,10.895696640014648,-0.2283000946044922
scan15,5,3,large_disparity,2816,3.3001136779785156,2.509941577911377,-0.7901721000671387
scan15,5,3,occluded_any,1882,9.53833293914795,10.634719848632812,1.0963869094848633
scan15,5,3,occluded_majority,801,10.013280868530273,12.36192798614502,2.348647117614746
scan15,5,3,large_disp_and_occluded,192,13.968765258789062,12.955856323242188,-1.012908935546875
scan15,5,3,boundary_and_occluded,729,12.78402042388916,13.329602241516113,0.5455818176269531
scan15,6,3,full,17433,2.1298279762268066,1.7949773073196411,-0.3348506689071655
scan15,6,3,boundary,1744,6.8242411613464355,6.552590847015381,-0.2716503143310547
scan15,6,3,large_disparity,3487,3.0808186531066895,1.7923797369003296,-1.2884389162063599
scan15,6,3,occluded_any,3368,4.032843112945557,4.261371612548828,0.22852849960327148
scan15,6,3,occluded_majority,1144,6.791909217834473,7.0574049949646,0.26549577713012695
scan15,6,3,large_disp_and_occluded,542,5.959168434143066,5.1442484855651855,-0.8149199485778809
scan15,6,3,boundary_and_occluded,1068,7.409913539886475,7.8706889152526855,0.46077537536621094
scan15,7,3,full,18642,1.662581205368042,1.6357218027114868,-0.026859402656555176
scan15,7,3,boundary,1865,5.768196105957031,5.687944412231445,-0.08025169372558594
scan15,7,3,large_disparity,3729,1.9514071941375732,2.3298332691192627,0.37842607498168945
scan15,7,3,occluded_any,1951,4.0912322998046875,4.306625843048096,0.2153935432434082
scan15,7,3,occluded_majority,694,6.367961406707764,6.780832290649414,0.4128708839416504
scan15,7,3,large_disp_and_occluded,322,6.690532684326172,7.456609725952148,0.7660770416259766
scan15,7,3,boundary_and_occluded,918,6.070456027984619,6.591480731964111,0.5210247039794922
scan15,8,3,full,18896,1.287022352218628,1.2528616189956665,-0.034160733222961426
scan15,8,3,boundary,1890,5.319238662719727,4.86711311340332,-0.45212554931640625
scan15,8,3,large_disparity,3780,1.6668806076049805,1.673720359802246,0.006839752197265625
scan15,8,3,occluded_any,1538,5.148506164550781,4.690820693969727,-0.4576854705810547
scan15,8,3,occluded_majority,574,7.406341075897217,6.833962440490723,-0.5723786354064941
scan15,8,3,large_disp_and_occluded,366,8.036498069763184,7.271106719970703,-0.7653913497924805
scan15,8,3,boundary_and_occluded,865,7.149660110473633,6.603621959686279,-0.5460381507873535
scan15,9,3,full,18932,1.5141884088516235,1.3580691814422607,-0.1561192274093628
scan15,9,3,boundary,1894,6.2689900398254395,5.313429832458496,-0.9555602073669434
scan15,9,3,large_disparity,3787,2.7700014114379883,2.2948341369628906,-0.47516727447509766
scan15,9,3,occluded_any,1499,6.937132358551025,5.491878509521484,-1.445253849029541
scan15,9,3,occluded_majority,771,10.179717063903809,8.01063060760498,-2.169086456298828
scan15,9,3,large_disp_and_occluded,416,13.38772964477539,9.580034255981445,-3.8076953887939453
scan15,9,3,boundary_and_occluded,831,8.92023754119873,7.29148530960083,-1.6287522315979004
scan15,10,3,full,18438,1.6020225286483765,1.4962109327316284,-0.10581159591674805
scan15,10,3,boundary,1844,7.2892608642578125,6.069200038909912,-1.2200608253479004
scan15,10,3,large_disparity,3688,2.6270837783813477,2.157289743423462,-0.46979403495788574
scan15,10,3,occluded_any,1428,6.642049312591553,5.8097639083862305,-0.8322854042053223
scan15,10,3,occluded_majority,626,10.466312408447266,7.843120574951172,-2.6231918334960938
scan15,10,3,large_disp_and_occluded,309,15.495275497436523,11.138084411621094,-4.35719108581543
scan15,10,3,boundary_and_occluded,825,9.445850372314453,8.122818946838379,-1.3230314254760742
scan15,11,3,full,16842,1.8570187091827393,1.6888684034347534,-0.16815030574798584
scan15,11,3,boundary,1685,8.475065231323242,6.997189044952393,-1.4778761863708496
scan15,11,3,large_disparity,3369,3.5520169734954834,2.976104497909546,-0.5759124755859375
scan15,11,3,occluded_any,1422,6.956351280212402,5.2734599113464355,-1.6828913688659668
scan15,11,3,occluded_majority,794,9.15884017944336,6.868843078613281,-2.289997100830078
scan15,11,3,large_disp_and_occluded,405,9.897353172302246,5.439577102661133,-4.457776069641113
scan15,11,3,boundary_and_occluded,741,10.926454544067383,8.066550254821777,-2.8599042892456055
scan15,12,3,full,17825,1.5479274988174438,1.3075579404830933,-0.24036955833435059
scan15,12,3,boundary,1783,7.293917179107666,5.662809371948242,-1.6311078071594238
scan15,12,3,large_disparity,3565,2.345785617828369,1.8599435091018677,-0.48584210872650146
scan15,12,3,occluded_any,1631,7.0764994621276855,5.462475299835205,-1.6140241622924805
scan15,12,3,occluded_majority,813,10.093143463134766,7.68658971786499,-2.4065537452697754
scan15,12,3,large_disp_and_occluded,488,9.473456382751465,6.994490146636963,-2.478966236114502
scan15,12,3,boundary_and_occluded,950,9.569074630737305,7.499203205108643,-2.069871425628662
scan15,13,3,full,18349,1.4340499639511108,1.465804100036621,0.031754136085510254
scan15,13,3,boundary,1835,5.722436428070068,5.878605365753174,0.15616893768310547
scan15,13,3,large_disparity,3670,2.513221263885498,2.837246894836426,0.32402563095092773
scan15,13,3,occluded_any,1600,5.606484413146973,5.883150100708008,0.27666568756103516
scan15,13,3,occluded_majority,863,7.392522811889648,7.861762046813965,0.4692392349243164
scan15,13,3,large_disp_and_occluded,422,9.527750968933105,11.04399585723877,1.516244888305664
scan15,13,3,boundary_and_occluded,939,7.415379047393799,7.892429828643799,0.47705078125
scan15,14,3,full,18307,1.890790581703186,1.5179990530014038,-0.3727915287017822
scan15,14,3,boundary,1831,8.573564529418945,6.7373785972595215,-1.8361859321594238
scan15,14,3,large_disparity,3662,4.016450881958008,2.903193473815918,-1.1132574081420898
scan15,14,3,occluded_any,1586,9.147433280944824,7.009366512298584,-2.1380667686462402
scan15,14,3,occluded_majority,820,12.460254669189453,9.548869132995605,-2.9113855361938477
scan15,14,3,large_disp_and_occluded,380,19.836469650268555,15.128921508789062,-4.707548141479492
scan15,14,3,boundary_and_occluded,948,12.080666542053223,9.259467124938965,-2.821199417114258
scan15,15,3,full,18242,1.6692966222763062,1.368906021118164,-0.3003906011581421
scan15,15,3,boundary,1825,7.784487247467041,5.7359490394592285,-2.0485382080078125
scan15,15,3,large_disparity,3649,3.025357246398926,2.2474141120910645,-0.7779431343078613
scan15,15,3,occluded_any,1663,7.518858909606934,5.569330215454102,-1.949528694152832
scan15,15,3,occluded_majority,737,12.450092315673828,8.904791831970215,-3.5453004837036133
scan15,15,3,large_disp_and_occluded,454,12.058331489562988,8.027972221374512,-4.030359268188477
scan15,15,3,boundary_and_occluded,950,10.395678520202637,7.566056728363037,-2.8296217918395996
scan15,16,3,full,18156,1.476630449295044,1.5061964988708496,0.029566049575805664
scan15,16,3,boundary,1816,6.320769786834717,6.207509994506836,-0.11325979232788086
scan15,16,3,large_disparity,3632,1.9599339962005615,2.0116848945617676,0.051750898361206055
scan15,16,3,occluded_any,1849,5.37313985824585,5.22915506362915,-0.14398479461669922
scan15,16,3,occluded_majority,881,8.151102066040039,7.785321235656738,-0.3657808303833008
scan15,16,3,large_disp_and_occluded,409,7.281932830810547,6.74668550491333,-0.5352473258972168
scan15,16,3,boundary_and_occluded,981,7.612090587615967,7.604968070983887,-0.007122516632080078
scan15,17,3,full,17402,3.0325369834899902,1.8134938478469849,-1.2190431356430054
scan15,17,3,boundary,1741,10.61709976196289,6.995410442352295,-3.6216893196105957
scan15,17,3,large_disparity,3481,8.136800765991211,1.9222840070724487,-6.214516758918762
scan15,17,3,occluded_any,2408,8.237217903137207,5.331098556518555,-2.9061193466186523
scan15,17,3,occluded_majority,1157,13.105741500854492,7.708221435546875,-5.397520065307617
scan15,17,3,large_disp_and_occluded,494,19.40178871154785,4.940315246582031,-14.46147346496582
scan15,17,3,boundary_and_occluded,975,12.675198554992676,8.73580551147461,-3.9393930435180664
scan15,18,3,full,15217,5.279235363006592,2.6224000453948975,-2.6568353176116943
scan15,18,3,boundary,1522,14.474471092224121,9.135804176330566,-5.338666915893555
scan15,18,3,large_disparity,3044,16.847688674926758,3.604318857192993,-13.243369817733765
scan15,18,3,occluded_any,2227,10.93737506866455,7.109786033630371,-3.8275890350341797
scan15,18,3,occluded_majority,939,13.449002265930176,10.230416297912598,-3.218585968017578
scan15,18,3,large_disp_and_occluded,534,28.517778396606445,10.103483200073242,-18.414295196533203
scan15,18,3,boundary_and_occluded,800,18.323890686035156,11.758426666259766,-6.565464019775391
scan15,19,3,full,12078,7.256680488586426,4.756396770477295,-2.500283718109131
scan15,19,3,boundary,1208,23.100116729736328,20.7600040435791,-2.3401126861572266
scan15,19,3,large_disparity,2416,25.25456428527832,8.473241806030273,-16.781322479248047
scan15,19,3,occluded_any,1326,10.34737491607666,7.895084857940674,-2.4522900581359863
scan15,19,3,occluded_majority,739,13.943670272827148,10.827685356140137,-3.1159849166870117
scan15,19,3,large_disp_and_occluded,408,22.382736206054688,12.89783000946045,-9.484906196594238
scan15,19,3,boundary_and_occluded,443,23.329544067382812,12.323835372924805,-11.005708694458008
scan15,20,3,full,15141,5.258265972137451,2.3133840560913086,-2.9448819160461426
scan15,20,3,boundary,1515,17.39544677734375,10.363972663879395,-7.0314741134643555
scan15,20,3,large_disparity,3029,17.50949478149414,3.6943442821502686,-13.815150499343872
scan15,20,3,occluded_any,2475,12.871713638305664,6.974839687347412,-5.896873950958252
scan15,20,3,occluded_majority,1037,20.08444595336914,11.490019798278809,-8.594426155090332
scan15,20,3,large_disp_and_occluded,520,36.14840316772461,13.541510581970215,-22.606892585754395
scan15,20,3,boundary_and_occluded,920,22.891393661499023,13.106180191040039,-9.785213470458984
scan15,21,3,full,16669,2.7527854442596436,2.0389699935913086,-0.713815450668335
scan15,21,3,boundary,1667,10.867520332336426,8.926284790039062,-1.9412355422973633
scan15,21,3,large_disparity,3334,7.136747360229492,2.510240316390991,-4.626507043838501
scan15,21,3,occluded_any,2278,7.412942886352539,7.952188014984131,0.5392451286315918
scan15,21,3,occluded_majority,1262,10.073071479797363,9.425030708312988,-0.648040771484375
scan15,21,3,large_disp_and_occluded,530,13.917530059814453,8.613075256347656,-5.304454803466797
scan15,21,3,boundary_and_occluded,1079,13.057732582092285,11.316019058227539,-1.741713523864746
scan15,22,3,full,17159,2.6585023403167725,2.072462320327759,-0.5860400199890137
scan15,22,3,boundary,1716,15.128829956054688,10.303497314453125,-4.8253326416015625
scan15,22,3,large_disparity,3432,6.917355060577393,5.1559553146362305,-1.761399745941162
scan15,22,3,occluded_any,1800,14.478607177734375,10.80226993560791,-3.676337242126465
scan15,22,3,occluded_majority,932,21.297134399414062,14.69666862487793,-6.600465774536133
scan15,22,3,large_disp_and_occluded,589,27.670244216918945,21.52812385559082,-6.142120361328125
scan15,22,3,boundary_and_occluded,1083,19.62405014038086,13.121709823608398,-6.502340316772461
scan15,23,3,full,17492,2.659823179244995,1.9811205863952637,-0.6787025928497314
scan15,23,3,boundary,1750,14.828756332397461,10.401093482971191,-4.4276628494262695
scan15,23,3,large_disparity,3499,7.251401424407959,5.125993728637695,-2.1254076957702637
scan15,23,3,occluded_any,1713,16.846235275268555,11.22085952758789,-5.625375747680664
scan15,23,3,occluded_majority,799,19.850908279418945,13.484443664550781,-6.366464614868164
scan15,23,3,large_disp_and_occluded,585,34.1042594909668,22.217864990234375,-11.886394500732422
scan15,23,3,boundary_and_occluded,1063,19.98234748840332,13.529026985168457,-6.453320503234863
scan15,24,3,full,17583,2.154472827911377,1.8413833379745483,-0.3130894899368286
scan15,24,3,boundary,1759,11.673229217529297,9.997175216674805,-1.6760540008544922
scan15,24,3,large_disparity,3517,5.48497200012207,4.630178451538086,-0.8547935485839844
scan15,24,3,occluded_any,1591,13.57740306854248,10.734490394592285,-2.8429126739501953
scan15,24,3,occluded_majority,710,18.586578369140625,13.9827299118042,-4.603848457336426
scan15,24,3,large_disp_and_occluded,622,22.567232131958008,17.814363479614258,-4.75286865234375
scan15,24,3,boundary_and_occluded,965,16.818645477294922,14.061335563659668,-2.757309913635254
scan15,25,3,full,17600,2.0901272296905518,1.5365846157073975,-0.5535426139831543
scan15,25,3,boundary,1760,10.50887680053711,7.69694709777832,-2.811929702758789
scan15,25,3,large_disparity,3520,5.372491836547852,3.4164650440216064,-1.9560267925262451
scan15,25,3,occluded_any,1655,12.103837966918945,8.267621994018555,-3.8362159729003906
scan15,25,3,occluded_majority,778,17.0155029296875,11.682609558105469,-5.332893371582031
scan15,25,3,large_disp_and_occluded,694,18.889516830444336,12.396540641784668,-6.492976188659668
scan15,25,3,boundary_and_occluded,951,15.749069213867188,11.192734718322754,-4.556334495544434
scan15,26,3,full,17355,2.383033037185669,1.9556989669799805,-0.4273340702056885
scan15,26,3,boundary,1736,12.514486312866211,10.422292709350586,-2.092193603515625
scan15,26,3,large_disparity,3471,6.533305644989014,4.607226371765137,-1.926079273223877
scan15,26,3,occluded_any,1621,12.913536071777344,10.936273574829102,-1.9772624969482422
scan15,26,3,occluded_majority,763,18.98737144470215,15.527328491210938,-3.460042953491211
scan15,26,3,large_disp_and_occluded,697,19.22165870666504,15.246460914611816,-3.9751977920532227
scan15,26,3,boundary_and_occluded,1001,17.618486404418945,14.713957786560059,-2.9045286178588867
scan15,27,3,full,16921,1.7372548580169678,1.5387341976165771,-0.19852066040039062
scan15,27,3,boundary,1693,8.915947914123535,7.4849138259887695,-1.4310340881347656
scan15,27,3,large_disparity,3385,2.1134278774261475,1.7390705347061157,-0.37435734272003174
scan15,27,3,occluded_any,1561,8.911308288574219,7.794212341308594,-1.117095947265625
scan15,27,3,occluded_majority,731,13.318120002746582,11.632648468017578,-1.685471534729004
scan15,27,3,large_disp_and_occluded,496,6.132050514221191,4.949153423309326,-1.1828970909118652
scan15,27,3,boundary_and_occluded,1004,11.714550018310547,9.885662078857422,-1.828887939453125
scan15,28,3,full,14565,2.7198657989501953,2.2940754890441895,-0.42579030990600586
scan15,28,3,boundary,1457,14.349906921386719,11.99036979675293,-2.359537124633789
scan15,28,3,large_disparity,2913,6.466083526611328,5.429559230804443,-1.0365242958068848
scan15,28,3,occluded_any,1363,17.40234375,14.274923324584961,-3.127420425415039
scan15,28,3,occluded_majority,938,22.71338653564453,18.695287704467773,-4.018098831176758
scan15,28,3,large_disp_and_occluded,614,24.167621612548828,20.473508834838867,-3.694112777709961
scan15,28,3,boundary_and_occluded,871,20.148738861083984,17.04119110107422,-3.1075477600097656
scan15,29,3,full,15605,2.620520830154419,2.2148990631103516,-0.4056217670440674
scan15,29,3,boundary,1561,16.3941593170166,13.875550270080566,-2.518609046936035
scan15,29,3,large_disparity,3121,7.1467790603637695,5.675207614898682,-1.471571445465088
scan15,29,3,occluded_any,1498,18.5427188873291,14.928312301635742,-3.6144065856933594
scan15,29,3,occluded_majority,808,25.299034118652344,19.97392463684082,-5.325109481811523
scan15,29,3,large_disp_and_occluded,659,29.053430557250977,22.5999698638916,-6.453460693359375
scan15,29,3,boundary_and_occluded,967,23.34746551513672,19.83205223083496,-3.515413284301758
scan15,30,3,full,16070,2.6726059913635254,1.8482252359390259,-0.8243807554244995
scan15,30,3,boundary,1607,16.243003845214844,10.243091583251953,-5.999912261962891
scan15,30,3,large_disparity,3214,7.9847798347473145,4.792420864105225,-3.19235897064209
scan15,30,3,occluded_any,1457,21.510766983032227,12.897627830505371,-8.613139152526855
scan15,30,3,occluded_majority,704,25.047182083129883,15.692806243896484,-9.354375839233398
scan15,30,3,large_disp_and_occluded,696,33.44554138183594,18.431941986083984,-15.013599395751953
scan15,30,3,boundary_and_occluded,918,25.642990112304688,15.528362274169922,-10.114627838134766
scan15,31,3,full,16342,2.4474642276763916,1.8181707859039307,-0.6292934417724609
scan15,31,3,boundary,1635,15.792012214660645,11.35822582244873,-4.433786392211914
scan15,31,3,large_disparity,3269,8.370011329650879,5.527058124542236,-2.8429532051086426
scan15,31,3,occluded_any,1297,20.98093032836914,13.850005149841309,-7.130925178527832
scan15,31,3,occluded_majority,621,29.745647430419922,22.564847946166992,-7.18079948425293
scan15,31,3,large_disp_and_occluded,747,31.641456604003906,19.95917320251465,-11.682283401489258
scan15,31,3,boundary_and_occluded,896,25.374914169311523,17.777616500854492,-7.597297668457031
scan15,32,3,full,16378,3.2293450832366943,1.8894729614257812,-1.339872121810913
scan15,32,3,boundary,1638,20.6706485748291,11.275794982910156,-9.394853591918945
scan15,32,3,large_disparity,3276,11.600540161132812,5.666199207305908,-5.934340953826904
scan15,32,3,occluded_any,1325,30.511869430541992,14.23139476776123,-16.28047466278076
scan15,32,3,occluded_majority,707,38.017147064208984,18.901691436767578,-19.115455627441406
scan15,32,3,large_disp_and_occluded,702,49.80598831176758,21.85173988342285,-27.954248428344727
scan15,32,3,boundary_and_occluded,871,35.22041702270508,18.07717514038086,-17.14324188232422
scan15,33,3,full,16237,3.0041534900665283,1.8322104215621948,-1.1719430685043335
scan15,33,3,boundary,1624,18.32417869567871,11.086471557617188,-7.237707138061523
scan15,33,3,large_disparity,3248,9.370588302612305,4.523355007171631,-4.847233295440674
scan15,33,3,occluded_any,1403,25.633007049560547,13.16606616973877,-12.466940879821777
scan15,33,3,occluded_majority,768,35.801456451416016,17.77931022644043,-18.022146224975586
scan15,33,3,large_disp_and_occluded,644,42.350372314453125,18.628799438476562,-23.721572875976562
scan15,33,3,boundary_and_occluded,960,27.947595596313477,16.57563018798828,-11.371965408325195
scan15,34,3,full,16094,2.7190613746643066,2.0183310508728027,-0.7007303237915039
scan15,34,3,boundary,1610,16.413307189941406,10.670461654663086,-5.74284553527832
scan15,34,3,large_disparity,3219,8.041756629943848,5.290898323059082,-2.7508583068847656
scan15,34,3,occluded_any,1573,19.75555419921875,13.194830894470215,-6.560723304748535
scan15,34,3,occluded_majority,856,29.653589248657227,20.137353897094727,-9.5162353515625
scan15,34,3,large_disp_and_occluded,619,36.86455154418945,22.816587448120117,-14.047964096069336
scan15,34,3,boundary_and_occluded,1020,23.358495712280273,14.850281715393066,-8.508213996887207
scan15,35,3,full,15093,3.250182628631592,2.421086072921753,-0.8290965557098389
scan15,35,3,boundary,1510,19.378393173217773,13.71397590637207,-5.664417266845703
scan15,35,3,large_disparity,3019,10.80610466003418,7.321884632110596,-3.484220027923584
scan15,35,3,occluded_any,1653,21.51211166381836,14.286767959594727,-7.225343704223633
scan15,35,3,occluded_majority,763,36.98009490966797,22.949689865112305,-14.030405044555664
scan15,35,3,large_disp_and_occluded,645,45.600582122802734,29.234163284301758,-16.366418838500977
scan15,35,3,boundary_and_occluded,972,27.03520393371582,18.58827781677246,-8.44692611694336
scan15,36,3,full,14336,4.695356845855713,2.7729318141937256,-1.9224250316619873
scan15,36,3,boundary,1434,21.61216926574707,14.36883544921875,-7.24333381652832
scan15,36,3,large_disparity,2868,17.16508674621582,7.869629383087158,-9.295457363128662
scan15,36,3,occluded_any,2149,17.000070571899414,11.737526893615723,-5.262543678283691
scan15,36,3,occluded_majority,863,30.453075408935547,21.147951126098633,-9.305124282836914
scan15,36,3,large_disp_and_occluded,694,42.55278015136719,27.588565826416016,-14.964214324951172
scan15,36,3,boundary_and_occluded,964,27.487506866455078,18.039857864379883,-9.447649002075195
scan15,37,3,full,12481,7.602471828460693,3.7624921798706055,-3.839979648590088
scan15,37,3,boundary,1249,30.374467849731445,19.1429443359375,-11.231523513793945
scan15,37,3,large_disparity,2497,22.38248634338379,7.958315372467041,-14.424170970916748
scan15,37,3,occluded_any,2826,22.139118194580078,10.198963165283203,-11.940155029296875
scan15,37,3,occluded_majority,1185,31.555316925048828,15.38183307647705,-16.173483848571777
scan15,37,3,large_disp_and_occluded,833,44.0956916809082,18.900903701782227,-25.194787979125977
scan15,37,3,boundary_and_occluded,884,38.42146682739258,22.30258560180664,-16.118881225585938
scan15,38,3,full,8123,10.658618927001953,11.578396797180176,0.9197778701782227
scan15,38,3,boundary,813,47.904541015625,53.79142761230469,5.8868865966796875
scan15,38,3,large_disparity,1625,27.061687469482422,32.479984283447266,5.418296813964844
scan15,38,3,occluded_any,755,48.06074142456055,33.066566467285156,-14.99417495727539
scan15,38,3,occluded_majority,480,58.39697265625,39.431522369384766,-18.965450286865234
scan15,38,3,large_disp_and_occluded,157,85.55093383789062,45.68513488769531,-39.86579895019531
scan15,38,3,boundary_and_occluded,345,70.39237213134766,44.91584014892578,-25.476531982421875
scan15,39,3,full,10687,5.321590423583984,3.081901788711548,-2.2396886348724365
scan15,39,3,boundary,1069,26.586326599121094,16.98690414428711,-9.599422454833984
scan15,39,3,large_disparity,2138,16.99823570251465,8.04825496673584,-8.949980735778809
scan15,39,3,occluded_any,1963,17.247373580932617,9.790240287780762,-7.4571332931518555
scan15,39,3,occluded_majority,656,24.5659236907959,17.45009994506836,-7.115823745727539
scan15,39,3,large_disp_and_occluded,656,37.403541564941406,20.441551208496094,-16.961990356445312
scan15,39,3,boundary_and_occluded,649,34.326690673828125,22.660415649414062,-11.666275024414062
scan15,40,3,full,12198,3.5103304386138916,2.3597941398620605,-1.150536298751831
scan15,40,3,boundary,1220,23.138648986816406,12.569913864135742,-10.568735122680664
scan15,40,3,large_disparity,2440,11.344524383544922,6.712480068206787,-4.632044315338135
scan15,40,3,occluded_any,1385,15.136775016784668,10.643932342529297,-4.492842674255371
scan15,40,3,occluded_majority,471,28.085403442382812,17.930255889892578,-10.155147552490234
scan15,40,3,large_disp_and_occluded,553,27.974977493286133,20.01607894897461,-7.958898544311523
scan15,40,3,boundary_and_occluded,614,26.474756240844727,18.042102813720703,-8.432653427124023
scan15,41,3,full,13242,2.3323662281036377,1.893455982208252,-0.43891024589538574
scan15,41,3,boundary,1325,13.771581649780273,10.466092109680176,-3.3054895401000977
scan15,41,3,large_disparity,2649,6.595065116882324,5.169808864593506,-1.4252562522888184
scan15,41,3,occluded_any,1096,12.892633438110352,9.714245796203613,-3.1783876419067383
scan15,41,3,occluded_majority,386,24.229623794555664,17.530153274536133,-6.699470520019531
scan15,41,3,large_disp_and_occluded,494,19.64828872680664,15.133227348327637,-4.515061378479004
scan15,41,3,boundary_and_occluded,694,18.854475021362305,14.049959182739258,-4.804515838623047
scan15,42,3,full,14619,1.7684671878814697,1.8691000938415527,0.10063290596008301
scan15,42,3,boundary,1462,9.960391998291016,9.74639892578125,-0.21399307250976562
scan15,42,3,large_disparity,2924,3.9778637886047363,4.9012908935546875,0.9234271049499512
scan15,42,3,occluded_any,896,13.016703605651855,13.196778297424316,0.18007469177246094
scan15,42,3,occluded_majority,394,21.985733032226562,21.907243728637695,-0.07848930358886719
scan15,42,3,large_disp_and_occluded,424,16.578500747680664,18.496231079101562,1.9177303314208984
scan15,42,3,boundary_and_occluded,673,16.300931930541992,16.245180130004883,-0.055751800537109375
scan15,43,3,full,14831,1.9639651775360107,1.8068456649780273,-0.1571195125579834
scan15,43,3,boundary,1484,10.641420364379883,9.394630432128906,-1.2467899322509766
scan15,43,3,large_disparity,2967,4.126761436462402,4.139164924621582,0.012403488159179688
scan15,43,3,occluded_any,767,17.360342025756836,15.635704040527344,-1.7246379852294922
scan15,43,3,occluded_majority,331,25.934791564941406,23.76932716369629,-2.165464401245117
scan15,43,3,large_disp_and_occluded,236,25.34396743774414,25.108280181884766,-0.235687255859375
scan15,43,3,boundary_and_occluded,549,21.41534996032715,19.303064346313477,-2.112285614013672
scan15,44,3,full,14949,1.7317955493927002,1.4569591283798218,-0.2748364210128784
scan15,44,3,boundary,1495,9.74615478515625,7.325432300567627,-2.420722484588623
scan15,44,3,large_disparity,2990,4.095090389251709,3.3262407779693604,-0.7688496112823486
scan15,44,3,occluded_any,728,15.732084274291992,11.41808032989502,-4.314003944396973
scan15,44,3,occluded_majority,297,23.835979461669922,17.50517463684082,-6.330804824829102
scan15,44,3,large_disp_and_occluded,207,32.61076736450195,22.77481460571289,-9.835952758789062
scan15,44,3,boundary_and_occluded,525,19.334884643554688,14.082622528076172,-5.252262115478516
scan15,45,3,full,14912,1.8830100297927856,1.3728077411651611,-0.5102022886276245
scan15,45,3,boundary,1492,11.105386734008789,7.708798408508301,-3.3965883255004883
scan15,45,3,large_disparity,2983,5.5693583488464355,3.3522870540618896,-2.217071294784546
scan15,45,3,occluded_any,810,16.1998348236084,10.997119903564453,-5.202714920043945
scan15,45,3,occluded_majority,316,27.126270294189453,18.19301414489746,-8.933256149291992
scan15,45,3,large_disp_and_occluded,348,27.75345802307129,17.216405868530273,-10.537052154541016
scan15,45,3,boundary_and_occluded,635,19.557477951049805,13.254956245422363,-6.302521705627441
scan15,46,3,full,14758,1.5838327407836914,1.3134657144546509,-0.2703670263290405
scan15,46,3,boundary,1476,9.408402442932129,7.138948440551758,-2.269454002380371
scan15,46,3,large_disparity,2952,3.2966976165771484,2.928616762161255,-0.36808085441589355
scan15,46,3,occluded_any,828,12.690031051635742,9.43275260925293,-3.2572784423828125
scan15,46,3,occluded_majority,315,20.972631454467773,16.210834503173828,-4.761796951293945
scan15,46,3,large_disp_and_occluded,333,16.33753776550293,13.49815845489502,-2.83937931060791
scan15,46,3,boundary_and_occluded,624,15.611021041870117,11.53565502166748,-4.075366020202637
scan15,47,3,full,14370,1.6463030576705933,1.2873259782791138,-0.3589770793914795
scan15,47,3,boundary,1437,8.335746765136719,6.124186992645264,-2.211559772491455
scan15,47,3,large_disparity,2874,1.8422698974609375,1.9002083539962769,0.057938456535339355
scan15,47,3,occluded_any,922,12.9431734085083,8.640464782714844,-4.302708625793457
scan15,47,3,occluded_majority,381,20.245134353637695,12.835319519042969,-7.409814834594727
scan15,47,3,large_disp_and_occluded,306,7.733371257781982,8.071151733398438,0.3377804756164551
scan15,47,3,boundary_and_occluded,667,13.406563758850098,10.046049118041992,-3.3605146408081055
scan15,48,3,full,13653,1.7432359457015991,1.5827845335006714,-0.16045141220092773
scan15,48,3,boundary,1366,9.44410514831543,7.44999361038208,-1.9941115379333496
scan15,48,3,large_disparity,2731,2.686460494995117,2.278059959411621,-0.4084005355834961
scan15,48,3,occluded_any,784,13.70947551727295,11.132901191711426,-2.5765743255615234
scan15,48,3,occluded_majority,432,17.25637435913086,13.378945350646973,-3.8774290084838867
scan15,48,3,large_disp_and_occluded,303,12.107900619506836,9.070552825927734,-3.0373477935791016
scan15,48,3,boundary_and_occluded,516,17.97454261779785,13.405131340026855,-4.569411277770996
scan23,0,3,full,18765,3.236757278442383,2.3123433589935303,-0.9244139194488525
scan23,0,3,boundary,1877,9.243667602539062,8.166825294494629,-1.0768423080444336
scan23,0,3,large_disparity,3753,4.664629936218262,2.427701234817505,-2.236928701400757
scan23,0,3,occluded_any,1517,6.75750732421875,5.0318403244018555,-1.7256669998168945
scan23,0,3,occluded_majority,802,9.883049011230469,6.540428638458252,-3.342620372772217
scan23,0,3,large_disp_and_occluded,181,5.53875207901001,3.7888059616088867,-1.749946117401123
scan23,0,3,boundary_and_occluded,431,13.969736099243164,11.606456756591797,-2.363279342651367
scan23,1,3,full,20034,2.080569267272949,2.114384174346924,0.03381490707397461
scan23,1,3,boundary,2004,6.271472930908203,6.562132358551025,0.29065942764282227
scan23,1,3,large_disparity,4007,3.028872013092041,3.7095375061035156,0.6806654930114746
scan23,1,3,occluded_any,2384,4.05511999130249,4.280014514923096,0.22489452362060547
scan23,1,3,occluded_majority,869,5.8128461837768555,6.500574111938477,0.6877279281616211
scan23,1,3,large_disp_and_occluded,561,4.321959495544434,6.092728137969971,1.770768642425537
scan23,1,3,boundary_and_occluded,984,6.975130558013916,7.402042388916016,0.4269118309020996
scan23,2,3,full,20205,1.7879061698913574,1.7535555362701416,-0.03435063362121582
scan23,2,3,boundary,2021,6.156082630157471,5.905803680419922,-0.25027894973754883
scan23,2,3,large_disparity,4041,2.277589797973633,2.669865846633911,0.3922760486602783
scan23,2,3,occluded_any,1608,4.775954246520996,4.122576713562012,-0.6533775329589844
scan23,2,3,occluded_majority,695,5.895089149475098,5.402836799621582,-0.4922523498535156
scan23,2,3,large_disp_and_occluded,362,5.271327972412109,5.471700668334961,0.20037269592285156
scan23,2,3,boundary_and_occluded,771,6.044088840484619,6.24840784072876,0.20431900024414062
scan23,3,3,full,18900,1.7052463293075562,1.9403538703918457,0.23510754108428955
scan23,3,3,boundary,1890,5.605021953582764,5.985841751098633,0.38081979751586914
scan23,3,3,large_disparity,3780,2.341841220855713,3.3715102672576904,1.0296690464019775
scan23,3,3,occluded_any,1443,5.449735641479492,5.632844924926758,0.18310928344726562
scan23,3,3,occluded_majority,782,6.825590133666992,7.221803188323975,0.3962130546569824
scan23,3,3,large_disp_and_occluded,224,5.8971710205078125,4.088208198547363,-1.8089628219604492
scan23,3,3,boundary_and_occluded,841,7.5199456214904785,7.787304401397705,0.26735877990722656
scan23,4,3,full,16045,1.8565784692764282,1.846826434135437,-0.009752035140991211
scan23,4,3,boundary,1605,6.837616920471191,6.435134410858154,-0.4024825096130371
scan23,4,3,large_disparity,3209,2.678173303604126,2.924388885498047,0.2462155818939209
scan23,4,3,occluded_any,943,5.04815673828125,4.96792459487915,-0.08023214340209961
scan23,4,3,occluded_majority,522,5.491480350494385,5.413385391235352,-0.0780949592590332
scan23,4,3,large_disp_and_occluded,115,4.264242649078369,3.6458051204681396,-0.6184375286102295
scan23,4,3,boundary_and_occluded,502,7.4018659591674805,7.070094585418701,-0.3317713737487793
scan23,5,3,full,16133,2.042325973510742,1.6350414752960205,-0.4072844982147217
scan23,5,3,boundary,1614,7.576289176940918,6.598757266998291,-0.977531909942627
scan23,5,3,large_disparity,3227,3.02610182762146,1.4647798538208008,-1.5613219738006592
scan23,5,3,occluded_any,1210,5.540317535400391,5.872576713562012,0.3322591781616211
scan23,5,3,occluded_majority,511,6.806511402130127,7.8209099769592285,1.0143985748291016
scan23,5,3,large_disp_and_occluded,308,4.665920734405518,3.4240200519561768,-1.2419006824493408
scan23,5,3,boundary_and_occluded,606,8.062907218933105,8.347410202026367,0.2845029830932617
scan23,6,3,full,18604,1.552527666091919,1.515572428703308,-0.03695523738861084
scan23,6,3,boundary,1861,5.398129463195801,5.3950371742248535,-0.0030922889709472656
scan23,6,3,large_disparity,3721,1.7737295627593994,1.7112312316894531,-0.06249833106994629
scan23,6,3,occluded_any,1353,5.4333930015563965,5.408222198486328,-0.02517080307006836
scan23,6,3,occluded_majority,808,6.173102855682373,5.890674591064453,-0.2824282646179199
scan23,6,3,large_disp_and_occluded,222,5.182217121124268,6.887013912200928,1.7047967910766602
scan23,6,3,boundary_and_occluded,792,7.607682228088379,7.762172698974609,0.15449047088623047
scan23,7,3,full,19926,1.5102370977401733,1.5683797597885132,0.058142662048339844
scan23,7,3,boundary,1993,4.746011257171631,4.538585186004639,-0.2074260711669922
scan23,7,3,large_disparity,3986,1.5035187005996704,1.6065593957901,0.10304069519042969
scan23,7,3,occluded_any,1367,4.717469215393066,4.279078483581543,-0.43839073181152344
scan23,7,3,occluded_majority,577,6.0700483322143555,5.807200908660889,-0.2628474235534668
scan23,7,3,large_disp_and_occluded,184,5.014767646789551,4.532617092132568,-0.4821505546569824
scan23,7,3,boundary_and_occluded,730,6.170158863067627,5.970026969909668,-0.20013189315795898
scan23,8,3,full,20271,1.7002209424972534,1.4543473720550537,-0.2458735704421997
scan23,8,3,boundary,2028,6.508567810058594,5.4205403327941895,-1.0880274772644043
scan23,8,3,large_disparity,4055,1.5904197692871094,1.569161295890808,-0.02125847339630127
scan23,8,3,occluded_any,1719,4.7883172035217285,4.479168891906738,-0.30914831161499023
scan23,8,3,occluded_majority,876,5.603924751281738,4.942971229553223,-0.6609535217285156
scan23,8,3,large_disp_and_occluded,468,4.334777355194092,4.646482944488525,0.3117055892944336
scan23,8,3,boundary_and_occluded,820,7.142086505889893,7.096005439758301,-0.0460810661315918
scan23,9,3,full,20266,1.856347680091858,1.5898419618606567,-0.26650571823120117
scan23,9,3,boundary,2027,6.773223400115967,5.601452827453613,-1.1717705726623535
scan23,9,3,large_disparity,4054,1.8580045700073242,1.6686559915542603,-0.18934857845306396
scan23,9,3,occluded_any,1966,4.473301887512207,3.9060792922973633,-0.5672225952148438
scan23,9,3,occluded_majority,773,5.20523738861084,4.99137020111084,-0.2138671875
scan23,9,3,large_disp_and_occluded,504,4.2463788986206055,4.38429594039917,0.13791704177856445
scan23,9,3,boundary_and_occluded,944,6.664139270782471,6.231669902801514,-0.43246936798095703
scan23,10,3,full,19784,2.207411766052246,2.1375300884246826,-0.06988167762756348
scan23,10,3,boundary,1979,6.867383003234863,7.165067672729492,0.2976846694946289
scan23,10,3,large_disparity,3957,1.9747846126556396,1.7938729524612427,-0.18091166019439697
scan23,10,3,occluded_any,1572,4.443195819854736,4.954587459564209,0.5113916397094727
scan23,10,3,occluded_majority,832,5.409156322479248,5.588414192199707,0.17925786972045898
scan23,10,3,large_disp_and_occluded,233,4.456833362579346,6.30672025680542,1.8498868942260742
scan23,10,3,boundary_and_occluded,713,7.030169486999512,7.610100746154785,0.5799312591552734
scan23,11,3,full,18473,4.696884632110596,4.803758144378662,0.1068735122680664
scan23,11,3,boundary,1848,13.385734558105469,12.828248023986816,-0.5574865341186523
scan23,11,3,large_disparity,3695,11.222240447998047,12.379922866821289,1.1576824188232422
scan23,11,3,occluded_any,1456,6.20743989944458,5.835206985473633,-0.37223291397094727
scan23,11,3,occluded_majority,836,6.966837406158447,6.7583231925964355,-0.20851421356201172
scan23,11,3,large_disp_and_occluded,236,5.79257869720459,4.007852077484131,-1.784726619720459
scan23,11,3,boundary_and_occluded,404,9.689430236816406,8.912422180175781,-0.777008056640625
scan23,12,3,full,19788,2.067718505859375,1.8762789964675903,-0.19143950939178467
scan23,12,3,boundary,1979,7.890172958374023,7.456730365753174,-0.4334425926208496
scan23,12,3,large_disparity,3958,2.0987961292266846,1.4891996383666992,-0.6095964908599854
scan23,12,3,occluded_any,3021,3.9681286811828613,4.191959857940674,0.2238311767578125
scan23,12,3,occluded_majority,929,6.690995216369629,8.140230178833008,1.449234962463379
scan23,12,3,large_disp_and_occluded,327,5.115897178649902,5.393624305725098,0.2777271270751953
scan23,12,3,boundary_and_occluded,1075,6.901626110076904,7.36527681350708,0.4636507034301758
scan23,13,3,full,20066,1.9013458490371704,1.7801220417022705,-0.1212238073348999
scan23,13,3,boundary,2007,6.741664886474609,6.150345325469971,-0.5913195610046387
scan23,13,3,large_disparity,4014,1.3546137809753418,1.303889274597168,-0.05072450637817383
scan23,13,3,occluded_any,1873,3.9757821559906006,4.189328193664551,0.2135460376739502
scan23,13,3,occluded_majority,823,5.338711738586426,5.705165386199951,0.3664536476135254
scan23,13,3,large_disp_and_occluded,307,4.047623157501221,5.191253662109375,1.1436305046081543
scan23,13,3,boundary_and_occluded,891,5.895728588104248,6.4218430519104,0.5261144638061523
scan23,14,3,full,20224,2.3447160720825195,1.792859435081482,-0.5518566370010376
scan23,14,3,boundary,2023,7.872021675109863,6.131721019744873,-1.7403006553649902
scan23,14,3,large_disparity,4045,2.1758410930633545,2.0128896236419678,-0.16295146942138672
scan23,14,3,occluded_any,1723,5.557753086090088,5.049543857574463,-0.508209228515625
scan23,14,3,occluded_majority,984,6.845312595367432,6.5840349197387695,-0.2612776756286621
scan23,14,3,large_disp_and_occluded,461,3.665372133255005,5.277457237243652,1.6120851039886475
scan23,14,3,boundary_and_occluded,857,7.190460681915283,7.4579572677612305,0.26749658584594727
scan23,15,3,full,20178,1.6877957582473755,1.3978455066680908,-0.28995025157928467
scan23,15,3,boundary,2018,6.6930437088012695,5.60295295715332,-1.0900907516479492
scan23,15,3,large_disparity,4036,1.5633111000061035,1.364711046218872,-0.19860005378723145
scan23,15,3,occluded_any,1477,5.675867080688477,5.024829387664795,-0.6510376930236816
scan23,15,3,occluded_majority,649,6.4822587966918945,6.3354997634887695,-0.146759033203125
scan23,15,3,large_disp_and_occluded,339,4.735884189605713,4.0686821937561035,-0.6672019958496094
scan23,15,3,boundary_and_occluded,835,8.0862455368042,7.414759159088135,-0.6714863777160645
scan23,16,3,full,20102,1.507959246635437,1.4258441925048828,-0.0821150541305542
scan23,16,3,boundary,2011,5.573171615600586,5.497611999511719,-0.07555961608886719
scan23,16,3,large_disparity,4021,1.319573998451233,1.3382354974746704,0.0186614990234375
scan23,16,3,occluded_any,1442,6.01496696472168,5.759255886077881,-0.25571107864379883
scan23,16,3,occluded_majority,630,9.432144165039062,9.291038513183594,-0.14110565185546875
scan23,16,3,large_disp_and_occluded,251,3.771676778793335,3.5169076919555664,-0.25476908683776855
scan23,16,3,boundary_and_occluded,848,7.8615803718566895,7.417108058929443,-0.4444723129272461
scan23,17,3,full,19325,1.4169327020645142,1.561402440071106,0.1444697380065918
scan23,17,3,boundary,1933,5.473204612731934,5.613785266876221,0.1405806541442871
scan23,17,3,large_disparity,3865,1.2489442825317383,1.488135576248169,0.23919129371643066
scan23,17,3,occluded_any,1573,5.22866153717041,5.007815837860107,-0.22084569931030273
scan23,17,3,occluded_majority,681,8.164154052734375,8.087717056274414,-0.07643699645996094
scan23,17,3,large_disp_and_occluded,256,3.156432867050171,3.595820903778076,0.4393880367279053
scan23,17,3,boundary_and_occluded,908,6.919361591339111,6.419345378875732,-0.5000162124633789
scan23,18,3,full,17363,1.7291995286941528,1.716343879699707,-0.0128556489944458
scan23,18,3,boundary,1737,6.157547473907471,6.367554187774658,0.2100067138671875
scan23,18,3,large_disparity,3473,1.663732647895813,1.8265352249145508,0.1628025770187378
scan23,18,3,occluded_any,1439,5.703222751617432,5.667864799499512,-0.03535795211791992
scan23,18,3,occluded_majority,580,8.227657318115234,8.300748825073242,0.07309150695800781
scan23,18,3,large_disp_and_occluded,286,4.677698612213135,4.6588897705078125,-0.018808841705322266
scan23,18,3,boundary_and_occluded,808,7.874054908752441,7.780688762664795,-0.09336614608764648
scan23,19,3,full,16027,1.8557485342025757,1.926474928855896,0.07072639465332031
scan23,19,3,boundary,1603,7.634647846221924,8.112600326538086,0.4779524803161621
scan23,19,3,large_disparity,3206,1.6106582880020142,1.4756319522857666,-0.13502633571624756
scan23,19,3,occluded_any,1201,8.734847068786621,9.908834457397461,1.1739873886108398
scan23,19,3,occluded_majority,648,10.282963752746582,11.274099349975586,0.9911355972290039
scan23,19,3,large_disp_and_occluded,169,9.038801193237305,7.800528526306152,-1.2382726669311523
scan23,19,3,boundary_and_occluded,667,10.302990913391113,11.597208976745605,1.2942180633544922
scan23,20,3,full,17938,1.725503921508789,1.6643146276474,-0.06118929386138916
scan23,20,3,boundary,1794,7.414844512939453,6.5269389152526855,-0.8879055976867676
scan23,20,3,large_disparity,3588,1.761452555656433,1.3918321132659912,-0.3696204423904419
scan23,20,3,occluded_any,1596,6.219878196716309,5.949625015258789,-0.27025318145751953
scan23,20,3,occluded_majority,859,8.548898696899414,8.378135681152344,-0.1707630157470703
scan23,20,3,large_disp_and_occluded,405,5.922057628631592,3.678985118865967,-2.243072509765625
scan23,20,3,boundary_and_occluded,944,8.056483268737793,7.26222038269043,-0.7942628860473633
scan23,21,3,full,19229,1.614149808883667,1.5232270956039429,-0.09092271327972412
scan23,21,3,boundary,1923,6.17797327041626,6.018677234649658,-0.15929603576660156
scan23,21,3,large_disparity,3846,1.582635521888733,1.3024128675460815,-0.28022265434265137
scan23,21,3,occluded_any,1670,5.906774997711182,5.895022392272949,-0.011752605438232422
scan23,21,3,occluded_majority,903,8.004212379455566,8.213264465332031,0.20905208587646484
scan23,21,3,large_disp_and_occluded,390,5.46199369430542,3.6019198894500732,-1.8600738048553467
scan23,21,3,boundary_and_occluded,956,7.176041126251221,7.622997283935547,0.44695615768432617
scan23,22,3,full,19744,1.5657742023468018,1.6700128316879272,0.10423862934112549
scan23,22,3,boundary,1975,5.873969554901123,5.882102966308594,0.008133411407470703
scan23,22,3,large_disparity,3949,1.626114845275879,1.6885442733764648,0.06242942810058594
scan23,22,3,occluded_any,1473,5.2038164138793945,5.866047382354736,0.6622309684753418
scan23,22,3,occluded_majority,837,6.812404155731201,7.330880641937256,0.5184764862060547
scan23,22,3,large_disp_and_occluded,371,4.500247955322266,4.001746654510498,-0.4985013008117676
scan23,22,3,boundary_and_occluded,795,7.190461158752441,8.192978858947754,1.0025177001953125
scan23,23,3,full,19860,1.6056904792785645,1.462703824043274,-0.14298665523529053
scan23,23,3,boundary,1986,6.409923553466797,5.945317268371582,-0.46460628509521484
scan23,23,3,large_disparity,3972,1.3853846788406372,1.3134722709655762,-0.07191240787506104
scan23,23,3,occluded_any,1606,5.005980491638184,4.545668601989746,-0.4603118896484375
scan23,23,3,occluded_majority,743,5.7500786781311035,5.622890949249268,-0.12718772888183594
scan23,23,3,large_disp_and_occluded,409,3.5575385093688965,3.462063789367676,-0.0954747200012207
scan23,23,3,boundary_and_occluded,869,7.470289707183838,6.96310567855835,-0.5071840286254883
scan23,24,3,full,19900,1.6858731508255005,1.4904011487960815,-0.19547200202941895
scan23,24,3,boundary,1990,6.853721618652344,5.645724773406982,-1.2079968452453613
scan23,24,3,large_disparity,3980,1.2025331258773804,1.2679871320724487,0.06545400619506836
scan23,24,3,occluded_any,1675,5.22876501083374,4.550702095031738,-0.678062915802002
scan23,24,3,occluded_majority,803,7.1204514503479,6.072659015655518,-1.0477924346923828
scan23,24,3,large_disp_and_occluded,450,3.310459613800049,3.689052104949951,0.37859249114990234
scan23,24,3,boundary_and_occluded,934,7.306650638580322,6.713720798492432,-0.5929298400878906
scan23,25,3,full,19790,1.662604570388794,1.5872564315795898,-0.0753481388092041
scan23,25,3,boundary,1979,6.793140411376953,6.024257183074951,-0.768883228302002
scan23,25,3,large_disparity,3958,1.3513214588165283,1.3494462966918945,-0.001875162124633789
scan23,25,3,occluded_any,1714,5.2895331382751465,4.778827667236328,-0.5107054710388184
scan23,25,3,occluded_majority,816,7.035440921783447,6.167990207672119,-0.8674507141113281
scan23,25,3,large_disp_and_occluded,487,4.40120267868042,4.647792816162109,0.24659013748168945
scan23,25,3,boundary_and_occluded,897,7.450275897979736,6.968987464904785,-0.48128843307495117
scan23,26,3,full,19715,1.6782575845718384,1.7041065692901611,0.025848984718322754
scan23,26,3,boundary,1972,6.189679145812988,5.777073383331299,-0.41260576248168945
scan23,26,3,large_disparity,3943,1.593352198600769,1.5639665126800537,-0.029385685920715332
scan23,26,3,occluded_any,2174,4.093355655670166,4.25084114074707,0.1574854850769043
scan23,26,3,occluded_majority,714,6.759100914001465,7.197781085968018,0.43868017196655273
scan23,26,3,large_disp_and_occluded,548,5.050182342529297,5.502638339996338,0.452455997467041
scan23,26,3,boundary_and_occluded,1001,6.133053302764893,6.5410661697387695,0.40801286697387695
scan23,27,3,full,19299,2.532242774963379,2.5005595684051514,-0.03168320655822754
scan23,27,3,boundary,1930,8.263507843017578,8.494626998901367,0.23111915588378906
scan23,27,3,large_disparity,3860,3.2696714401245117,2.7910573482513428,-0.47861409187316895
scan23,27,3,occluded_any,2662,4.947456359863281,5.0874481201171875,0.13999176025390625
scan23,27,3,occluded_majority,813,7.428764343261719,7.177711486816406,-0.2510528564453125
scan23,27,3,large_disp_and_occluded,260,3.731504201889038,3.081556558609009,-0.6499476432800293
scan23,27,3,boundary_and_occluded,1066,7.735682487487793,8.514130592346191,0.7784481048583984
scan23,28,3,full,16360,4.923901557922363,6.657930850982666,1.7340292930603027
scan23,28,3,boundary,1636,24.835039138793945,19.804628372192383,-5.0304107666015625
scan23,28,3,large_disparity,3272,3.547621250152588,11.260677337646484,7.7130560874938965
scan23,28,3,occluded_any,1708,7.085529327392578,6.783708572387695,-0.3018207550048828
scan23,28,3,occluded_majority,1056,8.171521186828613,8.127100944519043,-0.04442024230957031
scan23,28,3,large_disp_and_occluded,352,2.87906813621521,3.753748893737793,0.874680757522583
scan23,28,3,boundary_and_occluded,580,10.843621253967285,11.052067756652832,0.20844650268554688
scan23,29,3,full,18011,2.4357454776763916,2.8284683227539062,0.39272284507751465
scan23,29,3,boundary,1802,9.095178604125977,8.26408576965332,-0.8310928344726562
scan23,29,3,large_disparity,3603,1.4005235433578491,1.4886072874069214,0.08808374404907227
scan23,29,3,occluded_any,3804,4.025078773498535,3.9252429008483887,-0.09983587265014648
scan23,29,3,occluded_majority,1116,6.601816177368164,6.598601341247559,-0.0032148361206054688
scan23,29,3,large_disp_and_occluded,552,2.8779680728912354,3.091003894805908,0.21303582191467285
scan23,29,3,boundary_and_occluded,1172,7.854213237762451,7.484785079956055,-0.3694281578063965
scan23,30,3,full,18500,1.8231666088104248,1.8195035457611084,-0.0036630630493164062
scan23,30,3,boundary,1850,6.358689308166504,6.218536853790283,-0.1401524543762207
scan23,30,3,large_disparity,3700,1.7389419078826904,1.8874118328094482,0.1484699249267578
scan23,30,3,occluded_any,2148,4.474724769592285,4.723594665527344,0.2488698959350586
scan23,30,3,occluded_majority,815,6.828604221343994,7.327065944671631,0.4984617233276367
scan23,30,3,large_disp_and_occluded,678,5.335693359375,5.674982070922852,0.33928871154785156
scan23,30,3,boundary_and_occluded,1034,6.386621475219727,7.070511817932129,0.6838903427124023
scan23,31,3,full,18612,1.741599678993225,1.6857821941375732,-0.055817484855651855
scan23,31,3,boundary,1862,6.607670307159424,6.3892741203308105,-0.21839618682861328
scan23,31,3,large_disparity,3723,1.7362110614776611,1.9672061204910278,0.2309950590133667
scan23,31,3,occluded_any,1769,5.820098400115967,5.437923431396484,-0.3821749687194824
scan23,31,3,occluded_majority,770,7.473936080932617,8.062050819396973,0.5881147384643555
scan23,31,3,large_disp_and_occluded,650,5.340076446533203,5.919436931610107,0.5793604850769043
scan23,31,3,boundary_and_occluded,987,7.418426036834717,7.926797389984131,0.5083713531494141
scan23,32,3,full,18668,1.5235234498977661,1.4649749994277954,-0.0585484504699707
scan23,32,3,boundary,1867,6.190862655639648,6.0286078453063965,-0.16225481033325195
scan23,32,3,large_disparity,3734,1.55675208568573,1.5418012142181396,-0.014950871467590332
scan23,32,3,occluded_any,1682,4.961823463439941,4.891055583953857,-0.07076787948608398
scan23,32,3,occluded_majority,711,7.437484264373779,7.113683700561523,-0.32380056381225586
scan23,32,3,large_disp_and_occluded,599,4.366585731506348,4.761663913726807,0.395078182220459
scan23,32,3,boundary_and_occluded,1001,7.002790927886963,7.0069732666015625,0.004182338714599609
scan23,33,3,full,18547,1.5963935852050781,1.543550968170166,-0.05284261703491211
scan23,33,3,boundary,1855,6.496313571929932,6.177810192108154,-0.31850337982177734
scan23,33,3,large_disparity,3710,1.5530352592468262,1.4729979038238525,-0.08003735542297363
scan23,33,3,occluded_any,1755,5.282623291015625,4.998862266540527,-0.28376102447509766
scan23,33,3,occluded_majority,767,7.930577278137207,6.815347671508789,-1.115229606628418
scan23,33,3,large_disp_and_occluded,585,4.047200679779053,3.5560028553009033,-0.4911978244781494
scan23,33,3,boundary_and_occluded,987,7.404237747192383,7.017995357513428,-0.3862423896789551
scan23,34,3,full,18455,1.9689362049102783,1.7829838991165161,-0.1859523057937622
scan23,34,3,boundary,1846,7.8233184814453125,7.0788798332214355,-0.744438648223877
scan23,34,3,large_disparity,3691,2.685075283050537,1.3381409645080566,-1.3469343185424805
scan23,34,3,occluded_any,1648,7.9798903465271,5.360764980316162,-2.6191253662109375
scan23,34,3,occluded_majority,813,10.26362419128418,7.384312629699707,-2.8793115615844727
scan23,34,3,large_disp_and_occluded,539,12.069829940795898,3.8493099212646484,-8.22052001953125
scan23,34,3,boundary_and_occluded,889,9.592744827270508,7.453000545501709,-2.139744281768799
scan23,35,3,full,18182,1.767455816268921,1.7009345293045044,-0.0665212869644165
scan23,35,3,boundary,1819,7.5883870124816895,6.860892295837402,-0.7274947166442871
scan23,35,3,large_disparity,3637,1.8658058643341064,1.620232343673706,-0.2455735206604004
scan23,35,3,occluded_any,1736,6.1483330726623535,5.81640625,-0.3319268226623535
scan23,35,3,occluded_majority,786,9.241325378417969,8.554439544677734,-0.6868858337402344
scan23,35,3,large_disp_and_occluded,549,6.4658026695251465,5.122880458831787,-1.3429222106933594
scan23,35,3,boundary_and_occluded,978,7.620843410491943,7.235146522521973,-0.3856968879699707
scan23,36,3,full,17766,1.9238593578338623,1.7336872816085815,-0.19017207622528076
scan23,36,3,boundary,1777,8.597210884094238,7.397129535675049,-1.2000813484191895
scan23,36,3,large_disparity,3554,2.171020269393921,1.7374948263168335,-0.4335254430770874
scan23,36,3,occluded_any,1745,6.032525062561035,5.147614479064941,-0.8849105834960938
scan23,36,3,occluded_majority,744,9.7734375,7.856783866882324,-1.9166536331176758
scan23,36,3,large_disp_and_occluded,562,6.958488464355469,4.850576400756836,-2.107912063598633
scan23,36,3,boundary_and_occluded,958,7.977260112762451,6.708483695983887,-1.2687764167785645
scan23,37,3,full,16232,1.9645999670028687,1.9958707094192505,0.031270742416381836
scan23,37,3,boundary,1624,9.499794960021973,9.14357852935791,-0.3562164306640625
scan23,37,3,large_disparity,3247,2.102184534072876,1.7198796272277832,-0.3823049068450928
scan23,37,3,occluded_any,1613,5.717425346374512,6.961921215057373,1.2444958686828613
scan23,37,3,occluded_majority,903,7.813438892364502,10.145280838012695,2.3318419456481934
scan23,37,3,large_disp_and_occluded,483,6.696843147277832,4.218142509460449,-2.478700637817383
scan23,37,3,boundary_and_occluded,891,8.228052139282227,9.406017303466797,1.1779651641845703
scan23,38,3,full,12873,2.7087981700897217,2.264789342880249,-0.44400882720947266
scan23,38,3,boundary,1288,11.967148780822754,8.772880554199219,-3.194268226623535
scan23,38,3,large_disparity,2575,3.283615827560425,2.3040199279785156,-0.9795958995819092
scan23,38,3,occluded_any,930,11.707221984863281,9.394177436828613,-2.313044548034668
scan23,38,3,occluded_majority,622,13.69202995300293,11.164913177490234,-2.5271167755126953
scan23,38,3,large_disp_and_occluded,323,11.85457992553711,7.138674259185791,-4.715905666351318
scan23,38,3,boundary_and_occluded,525,14.84879207611084,10.890233993530273,-3.9585580825805664
scan23,39,3,full,14525,2.1267852783203125,1.8791351318359375,-0.247650146484375
scan23,39,3,boundary,1453,8.463809967041016,7.198030471801758,-1.2657794952392578
scan23,39,3,large_disparity,2905,2.298372507095337,1.9004143476486206,-0.3979581594467163
scan23,39,3,occluded_any,1268,6.729959011077881,6.362627983093262,-0.36733102798461914
scan23,39,3,occluded_majority,678,9.363450050354004,8.04246997833252,-1.3209800720214844
scan23,39,3,large_disp_and_occluded,413,8.395045280456543,6.342476844787598,-2.0525684356689453
scan23,39,3,boundary_and_occluded,697,9.523307800292969,8.681571006774902,-0.8417367935180664
scan23,40,3,full,15931,1.9265285730361938,1.7592742443084717,-0.16725432872772217
scan23,40,3,boundary,1594,7.06364631652832,6.663289546966553,-0.4003567695617676
scan23,40,3,large_disparity,3187,1.9707074165344238,1.6870547533035278,-0.283652663230896
scan23,40,3,occluded_any,1309,6.533426761627197,5.9878716468811035,-0.5455551147460938
scan23,40,3,occluded_majority,726,8.653403282165527,7.654914379119873,-0.9984889030456543
scan23,40,3,large_disp_and_occluded,362,8.59561538696289,7.178580284118652,-1.4170351028442383
scan23,40,3,boundary_and_occluded,693,8.406940460205078,7.922155380249023,-0.4847850799560547
scan23,41,3,full,16096,2.0661258697509766,1.7428866624832153,-0.32323920726776123
scan23,41,3,boundary,1610,7.1538825035095215,5.777144908905029,-1.3767375946044922
scan23,41,3,large_disparity,3220,3.456965446472168,1.9176030158996582,-1.5393624305725098
scan23,41,3,occluded_any,1344,9.921290397644043,5.545205116271973,-4.37608528137207
scan23,41,3,occluded_majority,686,9.586289405822754,7.340538501739502,-2.245750904083252
scan23,41,3,large_disp_and_occluded,402,19.996883392333984,6.546502113342285,-13.4503812789917
scan23,41,3,boundary_and_occluded,761,9.87791919708252,6.767850399017334,-3.1100687980651855
scan23,42,3,full,16180,2.154283285140991,2.3006367683410645,0.14635348320007324
scan23,42,3,boundary,1618,7.684494972229004,7.615686893463135,-0.06880807876586914
scan23,42,3,large_disparity,3236,2.6458704471588135,2.1172003746032715,-0.528670072555542
scan23,42,3,occluded_any,1283,7.237340450286865,6.437655925750732,-0.7996845245361328
scan23,42,3,occluded_majority,749,9.328859329223633,7.537393569946289,-1.7914657592773438
scan23,42,3,large_disp_and_occluded,439,8.215696334838867,4.106264114379883,-4.109432220458984
scan23,42,3,boundary_and_occluded,676,9.449675559997559,8.2459135055542,-1.2037620544433594
scan23,43,3,full,16137,1.9177813529968262,1.851431965827942,-0.06634938716888428
scan23,43,3,boundary,1614,7.087677478790283,7.139100074768066,0.0514225959777832
scan23,43,3,large_disparity,3228,1.7955520153045654,1.3662266731262207,-0.4293253421783447
scan23,43,3,occluded_any,1337,5.614749431610107,5.285423755645752,-0.32932567596435547
scan23,43,3,occluded_majority,614,7.952162742614746,7.602924823760986,-0.34923791885375977
scan23,43,3,large_disp_and_occluded,456,4.008770942687988,2.929969549179077,-1.0788013935089111
scan23,43,3,boundary_and_occluded,671,8.152947425842285,7.676632881164551,-0.4763145446777344
scan23,44,3,full,16198,1.8392791748046875,1.8274989128112793,-0.011780261993408203
scan23,44,3,boundary,1620,7.35340690612793,6.929017066955566,-0.4243898391723633
scan23,44,3,large_disparity,3240,1.3988664150238037,1.4977240562438965,0.09885764122009277
scan23,44,3,occluded_any,1317,5.375852108001709,5.575889587402344,0.20003747940063477
scan23,44,3,occluded_majority,609,7.781939506530762,7.582845687866211,-0.19909381866455078
scan23,44,3,large_disp_and_occluded,488,4.3170247077941895,4.758260250091553,0.4412355422973633
scan23,44,3,boundary_and_occluded,753,7.542828559875488,7.9492692947387695,0.40644073486328125
scan23,45,3,full,16142,1.8401224613189697,1.7823576927185059,-0.05776476860046387
scan23,45,3,boundary,1615,7.147414207458496,6.522404670715332,-0.6250095367431641
scan23,45,3,large_disparity,3229,1.766141653060913,1.7074211835861206,-0.05872046947479248
scan23,45,3,occluded_any,1282,5.633918762207031,5.8308892250061035,0.19697046279907227
scan23,45,3,occluded_majority,578,7.077284336090088,7.3417816162109375,0.2644972801208496
scan23,45,3,large_disp_and_occluded,437,6.415198802947998,5.829315185546875,-0.585883617401123
scan23,45,3,boundary_and_occluded,728,7.768307685852051,7.833296298980713,0.06498861312866211
scan23,46,3,full,15929,2.1566171646118164,2.1638290882110596,0.007211923599243164
scan23,46,3,boundary,1593,8.741731643676758,9.18700122833252,0.4452695846557617
scan23,46,3,large_disparity,3186,2.6760194301605225,2.9407870769500732,0.2647676467895508
scan23,46,3,occluded_any,1596,7.278390884399414,8.049352645874023,0.7709617614746094
scan23,46,3,occluded_majority,637,12.87146282196045,13.070743560791016,0.1992807388305664
scan23,46,3,large_disp_and_occluded,460,12.563251495361328,14.34733772277832,1.7840862274169922
scan23,46,3,boundary_and_occluded,814,11.370162963867188,12.736222267150879,1.3660593032836914
scan23,47,3,full,15717,3.0546343326568604,2.630067825317383,-0.42456650733947754
scan23,47,3,boundary,1572,13.789219856262207,11.233057022094727,-2.5561628341674805
scan23,47,3,large_disparity,3144,4.744811058044434,4.319730281829834,-0.4250807762145996
scan23,47,3,occluded_any,2898,7.861026287078857,6.965911865234375,-0.8951144218444824
scan23,47,3,occluded_majority,974,15.06799602508545,14.146711349487305,-0.9212846755981445
scan23,47,3,large_disp_and_occluded,587,18.69305419921875,18.380020141601562,-0.3130340576171875
scan23,47,3,boundary_and_occluded,927,16.47002410888672,13.973684310913086,-2.496339797973633
scan23,48,3,full,14266,5.702818393707275,5.170672416687012,-0.5321459770202637
scan23,48,3,boundary,1427,21.75444984436035,22.295108795166016,0.5406589508056641
scan23,48,3,large_disparity,2854,2.9412708282470703,2.9211204051971436,-0.020150423049926758
scan23,48,3,occluded_any,1702,13.682574272155762,12.020559310913086,-1.6620149612426758
scan23,48,3,occluded_majority,716,12.947794914245605,12.211922645568848,-0.7358722686767578
scan23,48,3,large_disp_and_occluded,333,8.601968765258789,7.163307189941406,-1.4386615753173828
scan23,48,3,boundary_and_occluded,679,20.100011825561523,20.335163116455078,0.2351512908935547
scan24,0,3,full,20010,2.451399087905884,2.7908084392547607,0.33940935134887695
scan24,0,3,boundary,2001,10.419146537780762,10.846514701843262,0.4273681640625
scan24,0,3,large_disparity,4002,3.8256521224975586,3.9199650287628174,0.09431290626525879
scan24,0,3,occluded_any,1186,8.916580200195312,12.071157455444336,3.1545772552490234
scan24,0,3,occluded_majority,761,9.893203735351562,14.140382766723633,4.24717903137207
scan24,0,3,large_disp_and_occluded,7,2.8575265407562256,3.0806362628936768,0.22310972213745117
scan24,0,3,boundary_and_occluded,298,17.71265411376953,21.937435150146484,4.224781036376953
scan24,1,3,full,20382,2.805809736251831,1.951839804649353,-0.853969931602478
scan24,1,3,boundary,2039,8.908681869506836,7.373584270477295,-1.535097599029541
scan24,1,3,large_disparity,4077,8.746661186218262,4.376619338989258,-4.370041847229004
scan24,1,3,occluded_any,2500,11.152376174926758,8.530030250549316,-2.6223459243774414
scan24,1,3,occluded_majority,1073,22.349279403686523,16.10244369506836,-6.246835708618164
scan24,1,3,large_disp_and_occluded,680,28.91925048828125,18.3124942779541,-10.606756210327148
scan24,1,3,boundary_and_occluded,820,17.352121353149414,14.602503776550293,-2.749617576599121
scan24,2,3,full,20320,1.843155026435852,1.9535391330718994,0.11038410663604736
scan24,2,3,boundary,2032,7.021072864532471,5.488403797149658,-1.5326690673828125
scan24,2,3,large_disparity,4064,2.812992572784424,3.5240049362182617,0.7110123634338379
scan24,2,3,occluded_any,1417,7.473189830780029,7.66932487487793,0.1961350440979004
scan24,2,3,occluded_majority,575,10.775867462158203,11.297257423400879,0.5213899612426758
scan24,2,3,large_disp_and_occluded,171,14.99299144744873,12.544824600219727,-2.448166847229004
scan24,2,3,boundary_and_occluded,493,14.089275360107422,14.921917915344238,0.8326425552368164
scan24,3,3,full,20106,3.3912246227264404,4.7216386795043945,1.330414056777954
scan24,3,3,boundary,2011,11.597127914428711,10.755624771118164,-0.8415031433105469
scan24,3,3,large_disparity,4022,9.75118637084961,17.235660552978516,7.484474182128906
scan24,3,3,occluded_any,3754,6.23880672454834,5.430070400238037,-0.8087363243103027
scan24,3,3,occluded_majority,900,17.717405319213867,14.583144187927246,-3.134261131286621
scan24,3,3,large_disp_and_occluded,686,11.635054588317871,9.486957550048828,-2.148097038269043
scan24,3,3,boundary_and_occluded,1657,10.217899322509766,9.160512924194336,-1.0573863983154297
scan24,4,3,full,17966,2.848296880722046,3.936284065246582,1.0879871845245361
scan24,4,3,boundary,1797,16.51206398010254,25.14948081970215,8.63741683959961
scan24,4,3,large_disparity,3594,1.219748854637146,1.5980863571166992,0.3783375024795532
scan24,4,3,occluded_any,1475,12.67517375946045,19.6108341217041,6.935660362243652
scan24,4,3,occluded_majority,752,10.80563735961914,18.213409423828125,7.407772064208984
scan24,4,3,large_disp_and_occluded,73,6.196725845336914,1.598832607269287,-4.597893238067627
scan24,4,3,boundary_and_occluded,819,20.610267639160156,32.00312423706055,11.39285659790039
scan24,5,3,full,18076,2.567582130432129,2.6710519790649414,0.1034698486328125
scan24,5,3,boundary,1808,13.379636764526367,14.23728084564209,0.8576440811157227
scan24,5,3,large_disparity,3616,2.40079665184021,1.9780467748641968,-0.4227498769760132
scan24,5,3,occluded_any,1396,9.241923332214355,8.051546096801758,-1.1903772354125977
scan24,5,3,occluded_majority,902,11.450899124145508,9.213221549987793,-2.237677574157715
scan24,5,3,large_disp_and_occluded,133,6.601200103759766,7.080294132232666,0.4790940284729004
scan24,5,3,boundary_and_occluded,641,13.934364318847656,14.878939628601074,0.944575309753418
scan24,6,3,full,20133,2.949211359024048,2.3570127487182617,-0.5921986103057861
scan24,6,3,boundary,2014,11.764998435974121,11.585211753845215,-0.17978668212890625
scan24,6,3,large_disparity,4027,3.6571030616760254,2.2277727127075195,-1.4293303489685059
scan24,6,3,occluded_any,4012,6.754769325256348,6.884542942047119,0.12977361679077148
scan24,6,3,occluded_majority,2067,10.626407623291016,11.380637168884277,0.7542295455932617
scan24,6,3,large_disp_and_occluded,922,7.7987494468688965,6.8719706535339355,-0.9267787933349609
scan24,6,3,boundary_and_occluded,1473,12.702910423278809,13.675027847290039,0.9721174240112305
scan24,7,3,full,20109,2.893717050552368,2.655653238296509,-0.23806381225585938
scan24,7,3,boundary,2011,9.509321212768555,9.738021850585938,0.2287006378173828
scan24,7,3,large_disparity,4022,2.8576290607452393,3.217071771621704,0.35944271087646484
scan24,7,3,occluded_any,2684,8.993012428283691,9.52296257019043,0.5299501419067383
scan24,7,3,occluded_majority,1020,16.1571044921875,17.354795455932617,1.1976909637451172
scan24,7,3,large_disp_and_occluded,839,6.021236896514893,7.030937671661377,1.0097007751464844
scan24,7,3,boundary_and_occluded,1116,10.996910095214844,12.415448188781738,1.4185380935668945
scan24,8,3,full,20198,1.4286389350891113,1.6966816186904907,0.2680426836013794
scan24,8,3,boundary,2020,6.237339973449707,6.467468738555908,0.23012876510620117
scan24,8,3,large_disparity,4040,1.5053054094314575,1.3006848096847534,-0.2046205997467041
scan24,8,3,occluded_any,1322,8.299747467041016,13.372817993164062,5.073070526123047
scan24,8,3,occluded_majority,588,12.602738380432129,19.928482055664062,7.325743675231934
scan24,8,3,large_disp_and_occluded,157,5.544918537139893,8.570810317993164,3.0258917808532715
scan24,8,3,boundary_and_occluded,620,13.765484809875488,16.546030044555664,2.780545234680176
scan24,9,3,full,19798,1.8304461240768433,1.4286469221115112,-0.40179920196533203
scan24,9,3,boundary,1980,7.870177268981934,6.123541831970215,-1.7466354370117188
scan24,9,3,large_disparity,3960,2.546069383621216,1.7910587787628174,-0.7550106048583984
scan24,9,3,occluded_any,2021,7.380199432373047,5.7781267166137695,-1.6020727157592773
scan24,9,3,occluded_majority,794,12.826550483703613,10.357906341552734,-2.468644142150879
scan24,9,3,large_disp_and_occluded,440,11.219132423400879,6.874232769012451,-4.344899654388428
scan24,9,3,boundary_and_occluded,857,13.34725284576416,10.701194763183594,-2.6460580825805664
scan24,10,3,full,20411,2.6116268634796143,2.8461496829986572,0.23452281951904297
scan24,10,3,boundary,2042,11.806617736816406,7.723394393920898,-4.083223342895508
scan24,10,3,large_disparity,4083,5.520783424377441,7.0863213539123535,1.565537929534912
scan24,10,3,occluded_any,1382,17.46131706237793,10.541275024414062,-6.920042037963867
scan24,10,3,occluded_majority,640,15.994481086730957,11.495777130126953,-4.498703956604004
scan24,10,3,large_disp_and_occluded,128,93.51341247558594,31.183670043945312,-62.329742431640625
scan24,10,3,boundary_and_occluded,542,32.375022888183594,18.3658390045166,-14.009183883666992
scan24,11,3,full,19572,4.43834924697876,5.332338809967041,0.8939895629882812
scan24,11,3,boundary,1958,15.966998100280762,20.894145965576172,4.92714786529541
scan24,11,3,large_disparity,3915,11.445030212402344,16.386167526245117,4.941137313842773
scan24,11,3,occluded_any,1305,12.68217945098877,13.372408866882324,0.6902294158935547
scan24,11,3,occluded_majority,801,11.889381408691406,13.12240219116211,1.2330207824707031
scan24,11,3,large_disp_and_occluded,26,110.92091369628906,148.83863830566406,37.917724609375
scan24,11,3,boundary_and_occluded,484,16.8829402923584,18.615049362182617,1.7321090698242188
scan24,12,3,full,19658,2.349276304244995,2.9580607414245605,0.6087844371795654
scan24,12,3,boundary,1966,11.615756034851074,13.398866653442383,1.7831106185913086
scan24,12,3,large_disparity,3932,4.684869289398193,8.31491470336914,3.6300454139709473
scan24,12,3,occluded_any,3205,8.96279525756836,12.839011192321777,3.876215934753418
scan24,12,3,occluded_majority,1142,17.599903106689453,29.84541893005371,12.245515823364258
scan24,12,3,large_disp_and_occluded,874,16.00235366821289,31.206375122070312,15.204021453857422
scan24,12,3,boundary_and_occluded,1267,15.02456283569336,18.494964599609375,3.4704017639160156
scan24,13,3,full,19403,1.8307989835739136,1.8949699401855469,0.0641709566116333
scan24,13,3,boundary,1941,7.841706275939941,8.231030464172363,0.3893241882324219
scan24,13,3,large_disparity,3881,2.275916576385498,2.8564798831939697,0.5805633068084717
scan24,13,3,occluded_any,2282,7.55038595199585,8.122136116027832,0.5717501640319824
scan24,13,3,occluded_majority,986,13.424092292785645,15.349096298217773,1.925004005432129
scan24,13,3,large_disp_and_occluded,604,4.383468151092529,6.848094463348389,2.4646263122558594
scan24,13,3,boundary_and_occluded,840,14.410486221313477,15.988365173339844,1.5778789520263672
scan24,14,3,full,19609,1.6233221292495728,2.0168800354003906,0.39355790615081787
scan24,14,3,boundary,1961,6.345041275024414,6.391936779022217,0.046895503997802734
scan24,14,3,large_disparity,3922,1.6474311351776123,2.165426015853882,0.5179948806762695
scan24,14,3,occluded_any,1277,11.767695426940918,17.627147674560547,5.859452247619629
scan24,14,3,occluded_majority,592,17.014530181884766,19.170555114746094,2.156024932861328
scan24,14,3,large_disp_and_occluded,297,7.841393947601318,11.116514205932617,3.275120258331299
scan24,14,3,boundary_and_occluded,645,14.515402793884277,15.205832481384277,0.6904296875
scan24,15,3,full,20019,1.9210689067840576,1.6142921447753906,-0.306776762008667
scan24,15,3,boundary,2002,5.525808334350586,5.6727800369262695,0.1469717025756836
scan24,15,3,large_disparity,4004,3.24450945854187,1.850355863571167,-1.3941535949707031
scan24,15,3,occluded_any,1503,12.275717735290527,11.02210807800293,-1.2536096572875977
scan24,15,3,occluded_majority,530,19.401662826538086,17.38545036315918,-2.0162124633789062
scan24,15,3,large_disp_and_occluded,279,16.82373046875,10.018820762634277,-6.804909706115723
scan24,15,3,boundary_and_occluded,583,13.592279434204102,13.960559844970703,0.36828041076660156
scan24,16,3,full,19844,3.0396366119384766,3.242741584777832,0.20310497283935547
scan24,16,3,boundary,1985,7.884794235229492,9.497852325439453,1.613058090209961
scan24,16,3,large_disparity,3969,4.655046463012695,5.737944602966309,1.0828981399536133
scan24,16,3,occluded_any,2109,14.848493576049805,15.56422233581543,0.715728759765625
scan24,16,3,occluded_majority,618,21.495502471923828,27.868501663208008,6.37299919128418
scan24,16,3,large_disp_and_occluded,643,10.621874809265137,16.41741371154785,5.795538902282715
scan24,16,3,boundary_and_occluded,655,17.96437644958496,21.899749755859375,3.935373306274414
scan24,17,3,full,19855,5.903128623962402,3.1769652366638184,-2.726163387298584
scan24,17,3,boundary,1986,14.514244079589844,11.905920028686523,-2.6083240509033203
scan24,17,3,large_disparity,3971,16.169321060180664,4.052126407623291,-12.117194652557373
scan24,17,3,occluded_any,3727,19.062435150146484,10.410367965698242,-8.652067184448242
scan24,17,3,occluded_majority,1333,34.13037872314453,13.53375244140625,-20.59662628173828
scan24,17,3,large_disp_and_occluded,1115,35.68594741821289,10.620306968688965,-25.065640449523926
scan24,17,3,boundary_and_occluded,1465,17.177066802978516,13.76369857788086,-3.4133682250976562
scan24,18,3,full,19386,10.066306114196777,3.43410587310791,-6.632200241088867
scan24,18,3,boundary,1939,34.67533874511719,19.013498306274414,-15.661840438842773
scan24,18,3,large_disparity,3878,34.24562454223633,4.965959548950195,-29.279664993286133
scan24,18,3,occluded_any,2825,27.827192306518555,11.420002937316895,-16.40718936920166
scan24,18,3,occluded_majority,788,44.8673095703125,14.908438682556152,-29.958870887756348
scan24,18,3,large_disp_and_occluded,531,62.37535858154297,16.002878189086914,-46.372480392456055
scan24,18,3,boundary_and_occluded,857,50.2232780456543,28.817310333251953,-21.405967712402344
scan24,19,3,full,15959,12.679072380065918,5.354509353637695,-7.324563026428223
scan24,19,3,boundary,1596,59.29664993286133,33.080116271972656,-26.216533660888672
scan24,19,3,large_disparity,3192,49.07699966430664,10.396186828613281,-38.68081283569336
scan24,19,3,occluded_any,1177,21.47745132446289,19.6500244140625,-1.8274269104003906
scan24,19,3,occluded_majority,387,27.850799560546875,24.398624420166016,-3.4521751403808594
scan24,19,3,large_disp_and_occluded,92,63.03473663330078,30.09504508972168,-32.9396915435791
scan24,19,3,boundary_and_occluded,391,36.67048645019531,33.250144958496094,-3.4203414916992188
scan24,20,3,full,18259,9.14404582977295,3.751974582672119,-5.39207124710083
scan24,20,3,boundary,1826,25.4129581451416,15.89576530456543,-9.517192840576172
scan24,20,3,large_disparity,3652,32.65618896484375,6.50239896774292,-26.15378999710083
scan24,20,3,occluded_any,2506,23.987525939941406,14.602129936218262,-9.385396003723145
scan24,20,3,occluded_majority,1334,30.02199935913086,21.035825729370117,-8.986173629760742
scan24,20,3,large_disp_and_occluded,479,66.03060913085938,22.917675018310547,-43.11293411254883
scan24,20,3,boundary_and_occluded,1072,29.3876895904541,19.593467712402344,-9.794221878051758
scan24,21,3,full,18956,5.795910835266113,3.720374584197998,-2.0755362510681152
scan24,21,3,boundary,1896,14.362013816833496,13.109759330749512,-1.2522544860839844
scan24,21,3,large_disparity,3792,16.560121536254883,4.811151504516602,-11.748970031738281
scan24,21,3,occluded_any,3037,20.20519256591797,15.133176803588867,-5.072015762329102
scan24,21,3,occluded_majority,1245,33.41520309448242,29.587663650512695,-3.8275394439697266
scan24,21,3,large_disp_and_occluded,869,36.38251876831055,15.879880905151367,-20.50263786315918
scan24,21,3,boundary_and_occluded,1112,19.830669403076172,18.84868812561035,-0.9819812774658203
scan24,22,3,full,19397,3.609302043914795,3.2564656734466553,-0.35283637046813965
scan24,22,3,boundary,1940,8.327801704406738,7.590873718261719,-0.7369279861450195
scan24,22,3,large_disparity,3880,5.969386100769043,4.02311897277832,-1.9462671279907227
scan24,22,3,occluded_any,1539,27.733095169067383,24.93321990966797,-2.799875259399414
scan24,22,3,occluded_majority,773,44.7403678894043,41.749935150146484,-2.9904327392578125
scan24,22,3,large_disp_and_occluded,376,34.203983306884766,21.250595092773438,-12.953388214111328
scan24,22,3,boundary_and_occluded,532,21.874361038208008,19.871469497680664,-2.0028915405273438
scan24,23,3,full,19774,2.379871129989624,2.0937275886535645,-0.28614354133605957
scan24,23,3,boundary,1978,6.465325832366943,6.494268894195557,0.02894306182861328
scan24,23,3,large_disparity,3955,5.718406677246094,4.191501617431641,-1.5269050598144531
scan24,23,3,occluded_any,1539,17.593717575073242,15.986696243286133,-1.6070213317871094
scan24,23,3,occluded_majority,460,20.08843231201172,19.825746536254883,-0.26268577575683594
scan24,23,3,large_disp_and_occluded,449,28.899383544921875,22.134963989257812,-6.7644195556640625
scan24,23,3,boundary_and_occluded,631,15.361062049865723,16.040647506713867,0.6795854568481445
scan24,24,3,full,19430,2.4667491912841797,2.3094165325164795,-0.1573326587677002
scan24,24,3,boundary,1943,7.648322105407715,7.005582332611084,-0.6427397727966309
scan24,24,3,large_disparity,3886,7.446742534637451,7.360883712768555,-0.08585882186889648
scan24,24,3,occluded_any,1570,18.177797317504883,17.99070167541504,-0.18709564208984375
scan24,24,3,occluded_majority,505,27.37337875366211,27.157501220703125,-0.21587753295898438
scan24,24,3,large_disp_and_occluded,704,30.2872371673584,31.440900802612305,1.1536636352539062
scan24,24,3,boundary_and_occluded,620,19.009267807006836,17.55074691772461,-1.4585208892822266
scan24,25,3,full,18886,3.629955768585205,4.1319451332092285,0.5019893646240234
scan24,25,3,boundary,1889,7.038845539093018,7.1591033935546875,0.12025785446166992
scan24,25,3,large_disparity,3778,11.291584968566895,13.892471313476562,2.600886344909668
scan24,25,3,occluded_any,1844,15.607183456420898,15.972389221191406,0.3652057647705078
scan24,25,3,occluded_majority,575,24.931779861450195,25.569467544555664,0.6376876831054688
scan24,25,3,large_disp_and_occluded,571,26.9039306640625,26.68800163269043,-0.2159290313720703
scan24,25,3,boundary_and_occluded,750,14.103293418884277,14.397603988647461,0.2943105697631836
scan24,26,3,full,18733,3.9586641788482666,3.7875702381134033,-0.17109394073486328
scan24,26,3,boundary,1874,10.069433212280273,9.429320335388184,-0.6401128768920898
scan24,26,3,large_disparity,3747,6.068744659423828,6.3941826820373535,0.3254380226135254
scan24,26,3,occluded_any,2529,11.379851341247559,10.587752342224121,-0.7920989990234375
scan24,26,3,occluded_majority,848,18.368024826049805,17.252178192138672,-1.1158466339111328
scan24,26,3,large_disp_and_occluded,720,8.909899711608887,6.4874653816223145,-2.4224343299865723
scan24,26,3,boundary_and_occluded,934,16.219772338867188,15.735983848571777,-0.48378849029541016
scan24,27,3,full,18292,5.537790298461914,3.7115559577941895,-1.8262343406677246
scan24,27,3,boundary,1830,20.15969467163086,15.902749061584473,-4.256945610046387
scan24,27,3,large_disparity,3659,6.190343379974365,5.684030532836914,-0.5063128471374512
scan24,27,3,occluded_any,2398,17.39870262145996,15.446610450744629,-1.952092170715332
scan24,27,3,occluded_majority,693,26.965131759643555,21.43674659729004,-5.528385162353516
scan24,27,3,large_disp_and_occluded,618,18.522842407226562,23.764476776123047,5.241634368896484
scan24,27,3,boundary_and_occluded,1000,27.554481506347656,24.67398452758789,-2.8804969787597656
scan24,28,3,full,15382,5.1205549240112305,5.779571533203125,0.6590166091918945
scan24,28,3,boundary,1539,22.494483947753906,20.603687286376953,-1.8907966613769531
scan24,28,3,large_disparity,3077,11.368096351623535,10.934785842895508,-0.43331050872802734
scan24,28,3,occluded_any,1457,21.29147720336914,23.949392318725586,2.6579151153564453
scan24,28,3,occluded_majority,651,23.242399215698242,22.656084060668945,-0.5863151550292969
scan24,28,3,large_disp_and_occluded,247,39.17799377441406,46.7431526184082,7.565158843994141
scan24,28,3,boundary_and_occluded,600,23.162939071655273,23.504255294799805,0.34131622314453125
scan24,29,3,full,16141,4.891867637634277,4.297770977020264,-0.5940966606140137
scan24,29,3,boundary,1615,17.795040130615234,16.077274322509766,-1.7177658081054688
scan24,29,3,large_disparity,3229,10.101432800292969,8.532861709594727,-1.5685710906982422
scan24,29,3,occluded_any,3160,15.501814842224121,13.712309837341309,-1.7895050048828125
scan24,29,3,occluded_majority,946,34.445884704589844,31.790346145629883,-2.655538558959961
scan24,29,3,large_disp_and_occluded,826,23.92186737060547,19.33070945739746,-4.591157913208008
scan24,29,3,boundary_and_occluded,1035,23.800334930419922,21.370058059692383,-2.430276870727539
scan24,30,3,full,16805,4.304226398468018,4.541621685028076,0.2373952865600586
scan24,30,3,boundary,1681,11.442033767700195,10.817363739013672,-0.6246700286865234
scan24,30,3,large_disparity,3361,8.902817726135254,11.05954360961914,2.1567258834838867
scan24,30,3,occluded_any,2526,14.010721206665039,14.401044845581055,0.3903236389160156
scan24,30,3,occluded_majority,838,29.977327346801758,30.704315185546875,0.7269878387451172
scan24,30,3,large_disp_and_occluded,815,17.582828521728516,20.398897171020508,2.816068649291992
scan24,30,3,boundary_and_occluded,893,17.061168670654297,16.599185943603516,-0.46198272705078125
scan24,31,3,full,17282,2.5682177543640137,3.284559726715088,0.7163419723510742
scan24,31,3,boundary,1729,8.267934799194336,9.239592552185059,0.9716577529907227
scan24,31,3,large_disparity,3457,7.400777816772461,10.974514961242676,3.573737144470215
scan24,31,3,occluded_any,1898,14.944939613342285,17.519939422607422,2.5749998092651367
scan24,31,3,occluded_majority,732,26.37588882446289,28.819772720336914,2.4438838958740234
scan24,31,3,large_disp_and_occluded,723,25.35430908203125,31.646276473999023,6.291967391967773
scan24,31,3,boundary_and_occluded,741,16.18158721923828,18.20052146911621,2.0189342498779297
scan24,32,3,full,17934,1.8838050365447998,3.0988810062408447,1.215075969696045
scan24,32,3,boundary,1794,8.067436218261719,9.788662910461426,1.721226692199707
scan24,32,3,large_disparity,3587,4.192388534545898,10.165223121643066,5.972834587097168
scan24,32,3,occluded_any,1714,10.268391609191895,21.75741195678711,11.489020347595215
scan24,32,3,occluded_majority,693,15.397049903869629,31.05536460876465,15.65831470489502
scan24,32,3,large_disp_and_occluded,877,12.029608726501465,33.29905319213867,21.269444465637207
scan24,32,3,boundary_and_occluded,695,16.4864559173584,21.2921085357666,4.805652618408203
scan24,33,3,full,18620,1.964770793914795,2.1103625297546387,0.14559173583984375
scan24,33,3,boundary,1862,8.085810661315918,8.758938789367676,0.6731281280517578
scan24,33,3,large_disparity,3724,4.398306846618652,5.389013767242432,0.9907069206237793
scan24,33,3,occluded_any,1603,13.415721893310547,16.105220794677734,2.6894989013671875
scan24,33,3,occluded_majority,754,17.647268295288086,20.65821647644043,3.0109481811523438
scan24,33,3,large_disp_and_occluded,740,18.85602378845215,24.191194534301758,5.335170745849609
scan24,33,3,boundary_and_occluded,720,17.442277908325195,19.29421615600586,1.851938247680664
scan24,34,3,full,18361,2.3532865047454834,1.8629908561706543,-0.4902956485748291
scan24,34,3,boundary,1837,9.389687538146973,8.387770652770996,-1.0019168853759766
scan24,34,3,large_disparity,3673,3.7502737045288086,2.5233516693115234,-1.2269220352172852
scan24,34,3,occluded_any,1631,16.91064453125,11.489049911499023,-5.421594619750977
scan24,34,3,occluded_majority,729,19.87760353088379,16.374197006225586,-3.503406524658203
scan24,34,3,large_disp_and_occluded,512,16.075721740722656,9.555980682373047,-6.519741058349609
scan24,34,3,boundary_and_occluded,672,19.87643814086914,17.722692489624023,-2.153745651245117
scan24,35,3,full,17552,3.8879828453063965,3.3392536640167236,-0.5487291812896729
scan24,35,3,boundary,1756,13.158348083496094,11.034707069396973,-2.123641014099121
scan24,35,3,large_disparity,3511,12.315383911132812,9.951828002929688,-2.363555908203125
scan24,35,3,occluded_any,2123,19.350553512573242,21.331478118896484,1.9809246063232422
scan24,35,3,occluded_majority,461,38.46351623535156,29.935436248779297,-8.528079986572266
scan24,35,3,large_disp_and_occluded,901,29.02989959716797,34.40684509277344,5.376945495605469
scan24,35,3,boundary_and_occluded,687,28.132783889770508,23.687074661254883,-4.445709228515625
scan24,36,3,full,16673,8.72208023071289,5.099429130554199,-3.6226511001586914
scan24,36,3,boundary,1668,23.611299514770508,20.316652297973633,-3.294647216796875
scan24,36,3,large_disparity,3335,32.758628845214844,16.29338836669922,-16.465240478515625
scan24,36,3,occluded_any,3089,29.96000862121582,21.90569305419922,-8.054315567016602
scan24,36,3,occluded_majority,397,56.92163848876953,39.034786224365234,-17.886852264404297
scan24,36,3,large_disp_and_occluded,1117,62.032047271728516,42.77967834472656,-19.252368927001953
scan24,36,3,boundary_and_occluded,1053,33.02823257446289,28.897483825683594,-4.130748748779297
scan24,37,3,full,15508,11.17921257019043,5.706523418426514,-5.472689151763916
scan24,37,3,boundary,1551,48.48019790649414,33.86399841308594,-14.616199493408203
scan24,37,3,large_disparity,3102,37.24420166015625,9.058119773864746,-28.186081886291504
scan24,37,3,occluded_any,3743,20.68225860595703,14.23274040222168,-6.449518203735352
scan24,37,3,occluded_majority,1063,34.15568542480469,20.569488525390625,-13.586196899414062
scan24,37,3,large_disp_and_occluded,681,53.324501037597656,18.65303611755371,-34.671464920043945
scan24,37,3,boundary_and_occluded,997,42.525299072265625,39.5119514465332,-3.013347625732422
scan24,38,3,full,10258,13.182342529296875,8.153932571411133,-5.028409957885742
scan24,38,3,boundary,1026,66.19114685058594,43.122440338134766,-23.068706512451172
scan24,38,3,large_disparity,2052,40.024452209472656,15.994241714477539,-24.030210494995117
scan24,38,3,occluded_any,677,42.74395751953125,37.7784309387207,-4.965526580810547
scan24,38,3,occluded_majority,473,47.37914276123047,42.734779357910156,-4.6443634033203125
scan24,38,3,large_disp_and_occluded,161,90.7509536743164,78.66324615478516,-12.08770751953125
scan24,38,3,boundary_and_occluded,265,72.68692779541016,57.758914947509766,-14.92801284790039
scan24,39,3,full,12315,8.709668159484863,4.17390251159668,-4.535765647888184
scan24,39,3,boundary,1232,30.216197967529297,25.291303634643555,-4.924894332885742
scan24,39,3,large_disparity,2463,30.57248878479004,9.018418312072754,-21.554070472717285
scan24,39,3,occluded_any,3173,17.585227966308594,11.12717056274414,-6.458057403564453
scan24,39,3,occluded_majority,663,40.129146575927734,29.117935180664062,-11.011211395263672
scan24,39,3,large_disp_and_occluded,799,41.864723205566406,17.44057846069336,-24.424144744873047
scan24,39,3,boundary_and_occluded,939,32.745540618896484,28.195287704467773,-4.550252914428711
scan24,40,3,full,13834,5.256672382354736,3.3439180850982666,-1.9127542972564697
scan24,40,3,boundary,1384,26.975040435791016,20.50411033630371,-6.470930099487305
scan24,40,3,large_disparity,2767,19.702207565307617,10.59827995300293,-9.103927612304688
scan24,40,3,occluded_any,2200,16.939363479614258,14.119393348693848,-2.81997013092041
scan24,40,3,occluded_majority,479,38.59181213378906,33.45175552368164,-5.140056610107422
scan24,40,3,large_disp_and_occluded,918,33.923336029052734,26.808107376098633,-7.115228652954102
scan24,40,3,boundary_and_occluded,964,30.13930320739746,26.458635330200195,-3.6806678771972656
scan24,41,3,full,15033,2.449626922607422,1.9557045698165894,-0.4939223527908325
scan24,41,3,boundary,1504,15.601253509521484,10.829910278320312,-4.771343231201172
scan24,41,3,large_disparity,3007,7.985870361328125,5.347853183746338,-2.638017177581787
scan24,41,3,occluded_any,1426,11.196300506591797,10.071683883666992,-1.1246166229248047
scan24,41,3,occluded_majority,370,22.648422241210938,19.24051856994629,-3.4079036712646484
scan24,41,3,large_disp_and_occluded,726,18.556482315063477,15.561005592346191,-2.995476722717285
scan24,41,3,boundary_and_occluded,576,23.168601989746094,20.98693084716797,-2.181671142578125
scan24,42,3,full,16320,1.7534987926483154,1.5519312620162964,-0.20156753063201904
scan24,42,3,boundary,1632,8.462345123291016,7.462469577789307,-0.999875545501709
scan24,42,3,large_disparity,3264,3.889957904815674,3.144474983215332,-0.7454829216003418
scan24,42,3,occluded_any,1226,8.652936935424805,7.685019493103027,-0.9679174423217773
scan24,42,3,occluded_majority,344,15.915678024291992,12.813821792602539,-3.101856231689453
scan24,42,3,large_disp_and_occluded,865,9.490755081176758,8.05286693572998,-1.4378881454467773
scan24,42,3,boundary_and_occluded,553,15.89198112487793,14.04941463470459,-1.8425664901733398
scan24,43,3,full,16877,1.656860113143921,1.6438814401626587,-0.012978672981262207
scan24,43,3,boundary,1688,6.509820938110352,6.828709125518799,0.31888818740844727
scan24,43,3,large_disparity,3376,2.2789485454559326,3.0381393432617188,0.7591907978057861
scan24,43,3,occluded_any,1280,8.335589408874512,8.846943855285645,0.5113544464111328
scan24,43,3,occluded_majority,800,9.965073585510254,10.121441841125488,0.15636825561523438
scan24,43,3,large_disp_and_occluded,717,7.824972152709961,9.638599395751953,1.8136272430419922
scan24,43,3,boundary_and_occluded,486,13.872519493103027,15.966362953186035,2.093843460083008
scan24,44,3,full,16237,2.3490827083587646,2.1332755088806152,-0.21580719947814941
scan24,44,3,boundary,1624,9.35740852355957,9.101631164550781,-0.25577735900878906
scan24,44,3,large_disparity,3248,4.85237979888916,3.6888391971588135,-1.1635406017303467
scan24,44,3,occluded_any,1331,15.070222854614258,11.459939956665039,-3.6102828979492188
scan24,44,3,occluded_majority,753,15.159893035888672,11.787603378295898,-3.3722896575927734
scan24,44,3,large_disp_and_occluded,808,16.704212188720703,11.318075180053711,-5.386137008666992
scan24,44,3,boundary_and_occluded,525,20.19645881652832,19.09945297241211,-1.097005844116211
scan24,45,3,full,15411,3.2271528244018555,2.6379318237304688,-0.5892210006713867
scan24,45,3,boundary,1542,12.371225357055664,9.536766052246094,-2.8344593048095703
scan24,45,3,large_disparity,3083,8.664227485656738,7.151360034942627,-1.5128674507141113
scan24,45,3,occluded_any,1467,18.392131805419922,15.09454345703125,-3.297588348388672
scan24,45,3,occluded_majority,695,14.006497383117676,12.023580551147461,-1.9829168319702148
scan24,45,3,large_disp_and_occluded,822,21.99234390258789,19.76582908630371,-2.2265148162841797
scan24,45,3,boundary_and_occluded,605,22.481081008911133,17.545879364013672,-4.935201644897461
scan24,46,3,full,14625,5.093020439147949,4.450252532958984,-0.6427679061889648
scan24,46,3,boundary,1463,15.970672607421875,14.565468788146973,-1.4052038192749023
scan24,46,3,large_disparity,2925,12.460036277770996,12.005573272705078,-0.45446300506591797
scan24,46,3,occluded_any,2028,20.902484893798828,19.31205177307129,-1.590433120727539
scan24,46,3,occluded_majority,711,17.676456451416016,17.25057601928711,-0.42588043212890625
scan24,46,3,large_disp_and_occluded,786,28.32648277282715,29.345802307128906,1.0193195343017578
scan24,46,3,boundary_and_occluded,699,26.79623794555664,24.503799438476562,-2.292438507080078
scan24,47,3,full,13928,6.612556457519531,4.482011318206787,-2.130545139312744
scan24,47,3,boundary,1393,21.51316261291504,16.999155044555664,-4.514007568359375
scan24,47,3,large_disparity,2786,17.0411319732666,11.17239761352539,-5.868734359741211
scan24,47,3,occluded_any,2830,17.998363494873047,14.813355445861816,-3.1850080490112305
scan24,47,3,occluded_majority,881,17.388662338256836,14.732474327087402,-2.6561880111694336
scan24,47,3,large_disp_and_occluded,976,26.379804611206055,23.816055297851562,-2.563749313354492
scan24,47,3,boundary_and_occluded,929,25.165864944458008,21.144695281982422,-4.021169662475586
scan24,48,3,full,13182,6.725663661956787,6.19996452331543,-0.5256991386413574
scan24,48,3,boundary,1319,25.981342315673828,21.553457260131836,-4.427885055541992
scan24,48,3,large_disparity,2637,19.106067657470703,15.776032447814941,-3.3300352096557617
scan24,48,3,occluded_any,1760,20.7999324798584,21.487106323242188,0.6871738433837891
scan24,48,3,occluded_majority,586,32.14406204223633,29.704200744628906,-2.439861297607422
scan24,48,3,large_disp_and_occluded,551,48.41483688354492,44.74222946166992,-3.672607421875
scan24,48,3,boundary_and_occluded,578,24.42958641052246,22.474767684936523,-1.9548187255859375
scan29,0,3,full,20029,1.511357307434082,1.6664423942565918,0.15508508682250977
scan29,0,3,boundary,2003,3.372077703475952,3.4927711486816406,0.12069344520568848
scan29,0,3,large_disparity,4006,1.7757620811462402,2.298755645751953,0.5229935646057129
scan29,0,3,occluded_any,179,10.592761039733887,15.87826156616211,5.285500526428223
scan29,0,3,occluded_majority,138,11.792122840881348,18.763164520263672,6.971041679382324
scan29,0,3,large_disp_and_occluded,33,22.794382095336914,50.35472106933594,27.560338973999023
scan29,0,3,boundary_and_occluded,76,20.953393936157227,26.514949798583984,5.561555862426758
scan29,1,3,full,20469,1.2956968545913696,1.528228759765625,0.23253190517425537
scan29,1,3,boundary,2047,4.110108852386475,4.043391704559326,-0.06671714782714844
scan29,1,3,large_disparity,4094,2.4889066219329834,2.8472578525543213,0.3583512306213379
scan29,1,3,occluded_any,379,11.68185806274414,13.908345222473145,2.226487159729004
scan29,1,3,occluded_majority,112,28.387725830078125,29.681978225708008,1.2942523956298828
scan29,1,3,large_disp_and_occluded,259,14.13687515258789,17.121166229248047,2.9842910766601562
scan29,1,3,boundary_and_occluded,229,17.775463104248047,18.92339324951172,1.1479301452636719
scan29,2,3,full,20464,1.9336087703704834,1.460768222808838,-0.4728405475616455
scan29,2,3,boundary,2047,6.231520652770996,3.982266902923584,-2.249253749847412
scan29,2,3,large_disparity,4093,5.650001525878906,3.05065655708313,-2.5993449687957764
scan29,2,3,occluded_any,306,7.327746868133545,7.794867515563965,0.4671206474304199
scan29,2,3,occluded_majority,139,5.505726337432861,4.5019755363464355,-1.0037508010864258
scan29,2,3,large_disp_and_occluded,253,7.846495151519775,8.457598686218262,0.6111035346984863
scan29,2,3,boundary_and_occluded,174,10.158286094665527,10.429433822631836,0.2711477279663086
scan29,3,3,full,20360,1.6342569589614868,1.4184322357177734,-0.21582472324371338
scan29,3,3,boundary,2036,5.502491474151611,5.005164623260498,-0.4973268508911133
scan29,3,3,large_disparity,4072,3.686474084854126,2.8986706733703613,-0.7878034114837646
scan29,3,3,occluded_any,399,6.664844512939453,8.734326362609863,2.06948184967041
scan29,3,3,occluded_majority,91,8.580888748168945,9.70046329498291,1.1195745468139648
scan29,3,3,large_disp_and_occluded,211,9.918624877929688,13.543723106384277,3.62509822845459
scan29,3,3,boundary_and_occluded,236,9.07331371307373,12.730762481689453,3.6574487686157227
scan29,4,3,full,18271,1.629238486289978,1.9645448923110962,0.33530640602111816
scan29,4,3,boundary,1828,6.986375331878662,6.580496788024902,-0.40587854385375977
scan29,4,3,large_disparity,3655,1.1364089250564575,1.0534135103225708,-0.08299541473388672
scan29,4,3,occluded_any,214,5.966547966003418,7.732740879058838,1.76619291305542
scan29,4,3,occluded_majority,98,2.6859748363494873,4.018784523010254,1.3328096866607666
scan29,4,3,large_disp_and_occluded,109,3.009331703186035,3.7016854286193848,0.6923537254333496
scan29,4,3,boundary_and_occluded,162,6.598008155822754,8.836463928222656,2.2384557723999023
scan29,5,3,full,18487,2.1106650829315186,1.5601760149002075,-0.550489068031311
scan29,5,3,boundary,1849,4.576210975646973,4.749613285064697,0.1734023094177246
scan29,5,3,large_disparity,3698,2.520303249359131,1.1772358417510986,-1.3430674076080322
scan29,5,3,occluded_any,315,4.665025234222412,2.757051706314087,-1.9079735279083252
scan29,5,3,occluded_majority,202,3.173828125,2.4161882400512695,-0.7576398849487305
scan29,5,3,large_disp_and_occluded,75,3.2660319805145264,2.071077585220337,-1.1949543952941895
scan29,5,3,boundary_and_occluded,262,4.881216049194336,2.919090747833252,-1.962125301361084
scan29,6,3,full,20385,2.4390029907226562,1.7298760414123535,-0.7091269493103027
scan29,6,3,boundary,2039,6.586649417877197,6.437186241149902,-0.14946317672729492
scan29,6,3,large_disparity,4077,4.497084140777588,3.2764267921447754,-1.2206573486328125
scan29,6,3,occluded_any,849,8.965221405029297,9.21288776397705,0.2476663589477539
scan29,6,3,occluded_majority,247,10.27700138092041,6.9753193855285645,-3.3016819953918457
scan29,6,3,large_disp_and_occluded,477,10.233675003051758,10.508004188537598,0.27432918548583984
scan29,6,3,boundary_and_occluded,423,14.732529640197754,14.880305290222168,0.14777565002441406
scan29,7,3,full,20479,2.227022171020508,2.146387815475464,-0.08063435554504395
scan29,7,3,boundary,2048,4.913876533508301,5.143378257751465,0.22950172424316406
scan29,7,3,large_disparity,4096,3.2219085693359375,3.5246870517730713,0.3027784824371338
scan29,7,3,occluded_any,760,8.113317489624023,9.151936531066895,1.038619041442871
scan29,7,3,occluded_majority,161,11.619662284851074,14.356304168701172,2.7366418838500977
scan29,7,3,large_disp_and_occluded,489,6.672090530395508,8.292328834533691,1.6202383041381836
scan29,7,3,boundary_and_occluded,372,10.557483673095703,12.900282859802246,2.342799186706543
scan29,8,3,full,20479,2.0964386463165283,1.9043562412261963,-0.19208240509033203
scan29,8,3,boundary,2048,6.240394115447998,5.363382339477539,-0.877011775970459
scan29,8,3,large_disparity,4096,5.256949424743652,4.3308916091918945,-0.9260578155517578
scan29,8,3,occluded_any,421,7.540499687194824,8.855791091918945,1.315291404724121
scan29,8,3,occluded_majority,134,9.521453857421875,11.3187255859375,1.797271728515625
scan29,8,3,large_disp_and_occluded,283,8.949787139892578,11.057962417602539,2.108175277709961
scan29,8,3,boundary_and_occluded,335,8.683919906616211,10.22299861907959,1.539078712463379
scan29,9,3,full,20193,3.0470023155212402,2.2980263233184814,-0.7489759922027588
scan29,9,3,boundary,2020,7.800000190734863,7.857786178588867,0.057785987854003906
scan29,9,3,large_disparity,4039,10.319786071777344,7.511987686157227,-2.807798385620117
scan29,9,3,occluded_any,722,12.990134239196777,18.105186462402344,5.115052223205566
scan29,9,3,occluded_majority,388,21.27334976196289,30.115360260009766,8.842010498046875
scan29,9,3,large_disp_and_occluded,630,13.425575256347656,19.35761070251465,5.932035446166992
scan29,9,3,boundary_and_occluded,289,22.817493438720703,33.002784729003906,10.185291290283203
scan29,10,3,full,20411,2.170360803604126,2.3435468673706055,0.1731860637664795
scan29,10,3,boundary,2042,8.64997673034668,8.036160469055176,-0.6138162612915039
scan29,10,3,large_disparity,4083,5.964137077331543,7.191932678222656,1.2277956008911133
scan29,10,3,occluded_any,921,19.81852912902832,22.79242515563965,2.973896026611328
scan29,10,3,occluded_majority,644,23.132946014404297,28.19514274597168,5.062196731567383
scan29,10,3,large_disp_and_occluded,759,22.493637084960938,26.24959373474121,3.7559566497802734
scan29,10,3,boundary_and_occluded,315,43.27967071533203,40.552494049072266,-2.7271766662597656
scan29,11,3,full,20279,8.424560546875,2.68182635307312,-5.74273419380188
scan29,11,3,boundary,2028,38.36475372314453,14.394111633300781,-23.97064208984375
scan29,11,3,large_disparity,4056,34.318355560302734,7.540748119354248,-26.777607440948486
scan29,11,3,occluded_any,389,23.915224075317383,20.25152015686035,-3.6637039184570312
scan29,11,3,occluded_majority,245,21.61166763305664,18.531740188598633,-3.079927444458008
scan29,11,3,large_disp_and_occluded,29,92.80931854248047,77.89643096923828,-14.912887573242188
scan29,11,3,boundary_and_occluded,313,25.95939064025879,22.54109764099121,-3.418292999267578
scan29,12,3,full,20132,6.962839603424072,2.299159049987793,-4.663680553436279
scan29,12,3,boundary,2014,41.06586837768555,9.767054557800293,-31.298813819885254
scan29,12,3,large_disparity,4027,27.880146026611328,6.857044219970703,-21.023101806640625
scan29,12,3,occluded_any,1260,46.166690826416016,15.704634666442871,-30.462056159973145
scan29,12,3,occluded_majority,748,58.953548431396484,22.021902084350586,-36.9316463470459
scan29,12,3,large_disp_and_occluded,1028,54.00844955444336,17.03546905517578,-36.97298049926758
scan29,12,3,boundary_and_occluded,649,72.97423553466797,21.785032272338867,-51.1892032623291
scan29,13,3,full,19690,6.620409965515137,8.356837272644043,1.7364273071289062
scan29,13,3,boundary,1969,42.7326774597168,65.30899047851562,22.576313018798828
scan29,13,3,large_disparity,3938,28.323795318603516,37.273380279541016,8.9495849609375
scan29,13,3,occluded_any,1216,39.38315963745117,46.667266845703125,7.284107208251953
scan29,13,3,occluded_majority,495,48.728145599365234,76.80168914794922,28.073543548583984
scan29,13,3,large_disp_and_occluded,1070,43.298423767089844,51.73824691772461,8.439823150634766
scan29,13,3,boundary_and_occluded,660,60.90005874633789,80.5374984741211,19.637439727783203
scan29,14,3,full,19930,7.3671875,4.397808074951172,-2.969379425048828
scan29,14,3,boundary,1993,24.632015228271484,17.503854751586914,-7.12816047668457
scan29,14,3,large_disparity,3986,28.79539680480957,17.019241333007812,-11.776155471801758
scan29,14,3,occluded_any,613,39.93472671508789,38.764862060546875,-1.1698646545410156
scan29,14,3,occluded_majority,342,35.253761291503906,35.40935516357422,0.1555938720703125
scan29,14,3,large_disp_and_occluded,408,55.21084213256836,54.96091842651367,-0.2499237060546875
scan29,14,3,boundary_and_occluded,418,39.716888427734375,44.77980041503906,5.0629119873046875
scan29,15,3,full,20341,4.450714588165283,3.2197272777557373,-1.230987310409546
scan29,15,3,boundary,2035,11.686290740966797,9.289165496826172,-2.397125244140625
scan29,15,3,large_disparity,4069,14.958293914794922,8.948626518249512,-6.00966739654541
scan29,15,3,occluded_any,994,34.970054626464844,21.20512580871582,-13.764928817749023
scan29,15,3,occluded_majority,235,33.89877700805664,36.03098678588867,2.1322097778320312
scan29,15,3,large_disp_and_occluded,756,43.34661102294922,25.302339553833008,-18.04427146911621
scan29,15,3,boundary_and_occluded,418,27.80986976623535,28.010202407836914,0.2003326416015625
scan29,16,3,full,20374,3.0617024898529053,2.383643388748169,-0.6780591011047363
scan29,16,3,boundary,2038,8.72968864440918,7.280486106872559,-1.449202537536621
scan29,16,3,large_disparity,4075,7.847294807434082,5.023062705993652,-2.8242321014404297
scan29,16,3,occluded_any,933,20.408634185791016,14.073786735534668,-6.334847450256348
scan29,16,3,occluded_majority,224,20.696842193603516,18.713443756103516,-1.9833984375
scan29,16,3,large_disp_and_occluded,595,27.88721466064453,17.080730438232422,-10.80648422241211
scan29,16,3,boundary_and_occluded,500,20.865514755249023,17.436986923217773,-3.42852783203125
scan29,17,3,full,20267,4.17200231552124,2.9269402027130127,-1.2450621128082275
scan29,17,3,boundary,2027,15.984586715698242,13.491843223571777,-2.492743492126465
scan29,17,3,large_disparity,4054,13.254307746887207,7.604358673095703,-5.649949073791504
scan29,17,3,occluded_any,1309,14.407629013061523,11.492877006530762,-2.9147520065307617
scan29,17,3,occluded_majority,469,29.634965896606445,22.06790542602539,-7.567060470581055
scan29,17,3,large_disp_and_occluded,817,17.902755737304688,12.947870254516602,-4.954885482788086
scan29,17,3,boundary_and_occluded,684,22.730045318603516,18.52943229675293,-4.200613021850586
scan29,18,3,full,19594,9.42932415008545,5.624711513519287,-3.804612636566162
scan29,18,3,boundary,1960,24.768774032592773,26.60580062866211,1.837026596069336
scan29,18,3,large_disparity,3919,37.98573303222656,21.08745765686035,-16.89827537536621
scan29,18,3,occluded_any,724,41.02682876586914,51.03476333618164,10.0079345703125
scan29,18,3,occluded_majority,287,49.643192291259766,44.675533294677734,-4.967658996582031
scan29,18,3,large_disp_and_occluded,412,66.7686538696289,84.3499984741211,17.581344604492188
scan29,18,3,boundary_and_occluded,482,54.75499725341797,58.656341552734375,3.9013442993164062
scan29,19,3,full,16415,12.534420013427734,7.1925249099731445,-5.34189510345459
scan29,19,3,boundary,1642,71.77408599853516,48.67998123168945,-23.094104766845703
scan29,19,3,large_disparity,3283,47.952415466308594,26.141990661621094,-21.8104248046875
scan29,19,3,occluded_any,349,53.135101318359375,38.2853889465332,-14.849712371826172
scan29,19,3,occluded_majority,165,73.26392364501953,52.67567443847656,-20.58824920654297
scan29,19,3,large_disp_and_occluded,182,95.20399475097656,70.02559661865234,-25.17839813232422
scan29,19,3,boundary_and_occluded,258,68.20594024658203,49.3674430847168,-18.838497161865234
scan29,20,3,full,18880,9.572256088256836,5.771028518676758,-3.801227569580078
scan29,20,3,boundary,1888,31.4993896484375,31.26742172241211,-0.23196792602539062
scan29,20,3,large_disparity,3776,35.9999885559082,19.586498260498047,-16.413490295410156
scan29,20,3,occluded_any,1141,35.25054931640625,36.514339447021484,1.2637901306152344
scan29,20,3,occluded_majority,538,46.52839660644531,48.482547760009766,1.9541511535644531
scan29,20,3,large_disp_and_occluded,673,50.079505920410156,53.647193908691406,3.56768798828125
scan29,20,3,boundary_and_occluded,621,57.74597930908203,60.45963668823242,2.7136573791503906
scan29,21,3,full,20038,5.252936840057373,2.5408830642700195,-2.7120537757873535
scan29,21,3,boundary,2004,21.851165771484375,10.582610130310059,-11.268555641174316
scan29,21,3,large_disparity,4008,16.56577491760254,5.712687969207764,-10.853086948394775
scan29,21,3,occluded_any,1657,22.34081268310547,11.299463272094727,-11.041349411010742
scan29,21,3,occluded_majority,828,32.14459228515625,17.421104431152344,-14.723487854003906
scan29,21,3,large_disp_and_occluded,1112,28.76714324951172,12.919978141784668,-15.84716510772705
scan29,21,3,boundary_and_occluded,783,35.78111267089844,18.992122650146484,-16.788990020751953
scan29,22,3,full,20170,4.570221900939941,3.053394317626953,-1.5168275833129883
scan29,22,3,boundary,2017,16.64864730834961,12.998627662658691,-3.650019645690918
scan29,22,3,large_disparity,4034,15.262723922729492,9.676259994506836,-5.586463928222656
scan29,22,3,occluded_any,969,40.872127532958984,33.80857467651367,-7.0635528564453125
scan29,22,3,occluded_majority,362,42.680171966552734,38.77473068237305,-3.9054412841796875
scan29,22,3,large_disp_and_occluded,679,53.99193572998047,43.976566314697266,-10.015369415283203
scan29,22,3,boundary_and_occluded,614,40.27459716796875,34.48386764526367,-5.790729522705078
scan29,23,3,full,19993,6.04012393951416,5.628875732421875,-0.41124820709228516
scan29,23,3,boundary,2000,22.773738861083984,19.369726181030273,-3.404012680053711
scan29,23,3,large_disparity,3999,23.633602142333984,21.780012130737305,-1.8535900115966797
scan29,23,3,occluded_any,1170,44.43109130859375,46.97561264038086,2.5445213317871094
scan29,23,3,occluded_majority,320,38.5665397644043,52.86134719848633,14.294807434082031
scan29,23,3,large_disp_and_occluded,899,55.74565124511719,58.6951904296875,2.9495391845703125
scan29,23,3,boundary_and_occluded,719,42.890342712402344,42.862117767333984,-0.028224945068359375
scan29,24,3,full,19385,6.960207462310791,7.068631649017334,0.10842418670654297
scan29,24,3,boundary,1939,24.412872314453125,27.046066284179688,2.6331939697265625
scan29,24,3,large_disparity,3877,28.214611053466797,28.230253219604492,0.015642166137695312
scan29,24,3,occluded_any,1158,48.5814323425293,48.544090270996094,-0.037342071533203125
scan29,24,3,occluded_majority,378,39.625526428222656,52.545406341552734,12.919879913330078
scan29,24,3,large_disp_and_occluded,819,65.87306213378906,65.17066955566406,-0.702392578125
scan29,24,3,boundary_and_occluded,646,52.870731353759766,61.606327056884766,8.735595703125
scan29,25,3,full,18190,17.78733253479004,14.253579139709473,-3.5337533950805664
scan29,25,3,boundary,1819,79.62491607666016,63.02045822143555,-16.60445785522461
scan29,25,3,large_disparity,3638,79.76307678222656,64.46891784667969,-15.294158935546875
scan29,25,3,occluded_any,1575,126.207275390625,101.27305603027344,-24.934219360351562
scan29,25,3,occluded_majority,613,171.6361541748047,157.47427368164062,-14.161880493164062
scan29,25,3,large_disp_and_occluded,1347,145.59725952148438,116.86128997802734,-28.73596954345703
scan29,25,3,boundary_and_occluded,919,124.2938461303711,98.33395385742188,-25.95989227294922
scan29,26,3,full,18283,13.815916061401367,11.693868637084961,-2.1220474243164062
scan29,26,3,boundary,1829,76.49465942382812,63.26029968261719,-13.234359741210938
scan29,26,3,large_disparity,3657,62.34988021850586,52.88237762451172,-9.46750259399414
scan29,26,3,occluded_any,1287,95.5758285522461,91.85796356201172,-3.717864990234375
scan29,26,3,occluded_majority,879,127.28460693359375,124.330810546875,-2.95379638671875
scan29,26,3,large_disp_and_occluded,1031,115.06063842773438,111.90113067626953,-3.1595077514648438
scan29,26,3,boundary_and_occluded,743,108.24240112304688,101.54122924804688,-6.701171875
scan29,27,3,full,18154,11.218591690063477,4.8453497886657715,-6.373241901397705
scan29,27,3,boundary,1816,68.48906707763672,33.12302017211914,-35.36604690551758
scan29,27,3,large_disparity,3631,48.379730224609375,17.7940731048584,-30.585657119750977
scan29,27,3,occluded_any,844,53.25529098510742,35.30831527709961,-17.946975708007812
scan29,27,3,occluded_majority,466,59.35636520385742,37.27753829956055,-22.078826904296875
scan29,27,3,large_disp_and_occluded,347,106.50540161132812,70.91123962402344,-35.59416198730469
scan29,27,3,boundary_and_occluded,611,60.51401901245117,42.61350631713867,-17.9005126953125
scan29,28,3,full,14714,13.780344009399414,6.344953536987305,-7.435390472412109
scan29,28,3,boundary,1472,88.80535888671875,41.732147216796875,-47.073211669921875
scan29,28,3,large_disparity,2943,57.371856689453125,21.722707748413086,-35.64914894104004
scan29,28,3,occluded_any,563,71.5379409790039,47.05461883544922,-24.483322143554688
scan29,28,3,occluded_majority,295,75.42037200927734,48.85816192626953,-26.562210083007812
scan29,28,3,large_disp_and_occluded,189,148.82254028320312,99.79243469238281,-49.03010559082031
scan29,28,3,boundary_and_occluded,368,90.5042495727539,58.089935302734375,-32.41431427001953
scan29,29,3,full,14983,10.853677749633789,4.642717361450195,-6.210960388183594
scan29,29,3,boundary,1499,71.07420349121094,30.04673957824707,-41.02746391296387
scan29,29,3,large_disparity,2997,44.434078216552734,15.778406143188477,-28.655672073364258
scan29,29,3,occluded_any,1100,49.029876708984375,23.604143142700195,-25.42573356628418
scan29,29,3,occluded_majority,499,62.27267074584961,33.31960678100586,-28.95306396484375
scan29,29,3,large_disp_and_occluded,478,85.65448760986328,39.66110610961914,-45.99338150024414
scan29,29,3,boundary_and_occluded,707,56.924583435058594,29.506635665893555,-27.41794776916504
scan29,30,3,full,15826,20.562551498413086,20.78097915649414,0.2184276580810547
scan29,30,3,boundary,1583,97.37379455566406,81.33783721923828,-16.03595733642578
scan29,30,3,large_disparity,3166,92.7016830444336,93.02680969238281,0.32512664794921875
scan29,30,3,occluded_any,1496,112.74462890625,129.94189453125,17.197265625
scan29,30,3,occluded_majority,706,153.072509765625,180.02755737304688,26.955047607421875
scan29,30,3,large_disp_and_occluded,1027,153.97286987304688,181.7597198486328,27.786849975585938
scan29,30,3,boundary_and_occluded,791,121.5631332397461,129.91346740722656,8.350334167480469
scan29,31,3,full,16273,27.583345413208008,30.046085357666016,2.462739944458008
scan29,31,3,boundary,1628,94.76637268066406,93.89077758789062,-0.8755950927734375
scan29,31,3,large_disparity,3255,126.5523910522461,141.6147918701172,15.062400817871094
scan29,31,3,occluded_any,2177,146.90798950195312,160.81520080566406,13.907211303710938
scan29,31,3,occluded_majority,1047,173.98818969726562,186.79043579101562,12.80224609375
scan29,31,3,large_disp_and_occluded,1686,185.2852325439453,204.48252868652344,19.197296142578125
scan29,31,3,boundary_and_occluded,1000,119.08997344970703,126.23400115966797,7.1440277099609375
scan29,32,3,full,17423,11.826229095458984,10.416104316711426,-1.4101247787475586
scan29,32,3,boundary,1743,54.77785110473633,49.73067855834961,-5.047172546386719
scan29,32,3,large_disparity,3485,49.29478454589844,43.626007080078125,-5.6687774658203125
scan29,32,3,occluded_any,1452,71.5179214477539,66.68648529052734,-4.8314361572265625
scan29,32,3,occluded_majority,754,86.5217056274414,90.09407806396484,3.5723724365234375
scan29,32,3,large_disp_and_occluded,815,117.17031860351562,111.58779907226562,-5.58251953125
scan29,32,3,boundary_and_occluded,889,80.35446166992188,75.71979522705078,-4.634666442871094
scan29,33,3,full,18733,10.961216926574707,9.898161888122559,-1.0630550384521484
scan29,33,3,boundary,1874,47.12557601928711,41.06406021118164,-6.061515808105469
scan29,33,3,large_disparity,3747,45.77552032470703,42.216854095458984,-3.558666229248047
scan29,33,3,occluded_any,1528,67.47921752929688,62.25714111328125,-5.222076416015625
scan29,33,3,occluded_majority,785,76.0302963256836,73.85145568847656,-2.1788406372070312
scan29,33,3,large_disp_and_occluded,972,97.44342803955078,93.45730590820312,-3.9861221313476562
scan29,33,3,boundary_and_occluded,1010,71.01934051513672,63.47243881225586,-7.546901702880859
scan29,34,3,full,19345,10.194112777709961,7.578406810760498,-2.615705966949463
scan29,34,3,boundary,1935,33.90857696533203,25.934349060058594,-7.9742279052734375
scan29,34,3,large_disparity,3869,40.85776138305664,29.95437240600586,-10.903388977050781
scan29,34,3,occluded_any,1813,69.05522918701172,58.009620666503906,-11.045608520507812
scan29,34,3,occluded_majority,899,90.97620391845703,84.02869415283203,-6.947509765625
scan29,34,3,large_disp_and_occluded,1281,92.13929748535156,77.99458312988281,-14.14471435546875
scan29,34,3,boundary_and_occluded,998,54.425296783447266,44.11126708984375,-10.314029693603516
scan29,35,3,full,19218,5.796144008636475,3.5661492347717285,-2.229994773864746
scan29,35,3,boundary,1922,17.341142654418945,13.375654220581055,-3.9654884338378906
scan29,35,3,large_disparity,3844,15.867027282714844,8.779853820800781,-7.0871734619140625
scan29,35,3,occluded_any,1457,25.26629066467285,18.808168411254883,-6.458122253417969
scan29,35,3,occluded_majority,606,34.603843688964844,26.401466369628906,-8.202377319335938
scan29,35,3,large_disp_and_occluded,827,33.48247528076172,24.568729400634766,-8.913745880126953
scan29,35,3,boundary_and_occluded,905,27.818620681762695,22.7171688079834,-5.101451873779297
scan29,36,3,full,18342,8.14455795288086,9.6608304977417,1.5162725448608398
scan29,36,3,boundary,1835,26.646860122680664,55.57609939575195,28.92923927307129
scan29,36,3,large_disparity,3669,24.12844467163086,37.256103515625,13.12765884399414
scan29,36,3,occluded_any,2073,23.859695434570312,44.585060119628906,20.725364685058594
scan29,36,3,occluded_majority,568,48.05620574951172,91.44690704345703,43.39070129394531
scan29,36,3,large_disp_and_occluded,1303,29.182619094848633,63.10560989379883,33.922990798950195
scan29,36,3,boundary_and_occluded,896,37.69638442993164,82.47124481201172,44.77486038208008
scan29,37,3,full,16719,12.723440170288086,7.581658363342285,-5.141781806945801
scan29,37,3,boundary,1672,47.72266387939453,42.52202224731445,-5.200641632080078
scan29,37,3,large_disparity,3344,46.80813217163086,27.185619354248047,-19.622512817382812
scan29,37,3,occluded_any,1177,52.80906677246094,47.88500213623047,-4.924064636230469
scan29,37,3,occluded_majority,534,66.46304321289062,61.14152526855469,-5.3215179443359375
scan29,37,3,large_disp_and_occluded,608,88.13358306884766,83.2219467163086,-4.9116363525390625
scan29,37,3,boundary_and_occluded,719,77.49366760253906,70.92835235595703,-6.565315246582031
scan29,38,3,full,10721,13.761539459228516,8.902368545532227,-4.859170913696289
scan29,38,3,boundary,1073,71.70076751708984,55.18268966674805,-16.518077850341797
scan29,38,3,large_disparity,2145,46.88495635986328,25.827024459838867,-21.057931900024414
scan29,38,3,occluded_any,438,57.37495040893555,58.08478546142578,0.7098350524902344
scan29,38,3,occluded_majority,289,66.91812133789062,63.6862907409668,-3.231830596923828
scan29,38,3,large_disp_and_occluded,244,90.05986022949219,92.0711898803711,2.0113296508789062
scan29,38,3,boundary_and_occluded,216,100.81947326660156,103.76292419433594,2.943450927734375
scan29,39,3,full,13152,14.036829948425293,15.136842727661133,1.1000127792358398
scan29,39,3,boundary,1316,61.7064094543457,79.41720581054688,17.710796356201172
scan29,39,3,large_disparity,2631,44.464935302734375,48.91230773925781,4.4473724365234375
scan29,39,3,occluded_any,1309,59.651512145996094,74.90579986572266,15.254287719726562
scan29,39,3,occluded_majority,429,102.4484634399414,111.2109375,8.762474060058594
scan29,39,3,large_disp_and_occluded,640,96.68482208251953,121.35489654541016,24.670074462890625
scan29,39,3,boundary_and_occluded,775,86.30362701416016,111.6535873413086,25.349960327148438
scan29,40,3,full,14923,12.445524215698242,5.126271724700928,-7.3192524909973145
scan29,40,3,boundary,1493,57.76207733154297,26.0546875,-31.70738983154297
scan29,40,3,large_disparity,2985,33.220455169677734,10.117290496826172,-23.103164672851562
scan29,40,3,occluded_any,1881,37.963741302490234,16.503053665161133,-21.4606876373291
scan29,40,3,occluded_majority,608,85.61668395996094,33.31629180908203,-52.300392150878906
scan29,40,3,large_disp_and_occluded,1190,44.50236511230469,15.805045127868652,-28.697319984436035
scan29,40,3,boundary_and_occluded,691,71.10105895996094,36.74277877807617,-34.358280181884766
scan29,41,3,full,15799,5.359650611877441,3.443108320236206,-1.9165422916412354
scan29,41,3,boundary,1580,16.544633865356445,13.801740646362305,-2.7428932189941406
scan29,41,3,large_disparity,3160,15.040657043457031,8.26140022277832,-6.779256820678711
scan29,41,3,occluded_any,1138,24.28244972229004,19.39693832397461,-4.88551139831543
scan29,41,3,occluded_majority,483,24.652050018310547,22.147130966186523,-2.5049190521240234
scan29,41,3,large_disp_and_occluded,596,35.22748565673828,27.402326583862305,-7.825159072875977
scan29,41,3,boundary_and_occluded,675,28.780372619628906,24.62482261657715,-4.155550003051758
scan29,42,3,full,15972,9.339113235473633,6.775067329406738,-2.5640459060668945
scan29,42,3,boundary,1598,29.87347984313965,22.608583450317383,-7.264896392822266
scan29,42,3,large_disparity,3195,36.24304962158203,25.491588592529297,-10.751461029052734
scan29,42,3,occluded_any,1692,56.825321197509766,45.90876770019531,-10.916553497314453
scan29,42,3,occluded_majority,524,51.800392150878906,43.96446990966797,-7.8359222412109375
scan29,42,3,large_disp_and_occluded,1207,72.95942687988281,58.86477279663086,-14.094654083251953
scan29,42,3,boundary_and_occluded,816,47.951045989990234,37.66006851196289,-10.290977478027344
scan29,43,3,full,15288,10.53042221069336,9.572330474853516,-0.9580917358398438
scan29,43,3,boundary,1529,36.580142974853516,37.69514846801758,1.1150054931640625
scan29,43,3,large_disparity,3058,40.95153045654297,37.81134033203125,-3.1401901245117188
scan29,43,3,occluded_any,1277,47.46031951904297,51.50893783569336,4.048618316650391
scan29,43,3,occluded_majority,615,57.333065032958984,70.1617431640625,12.828678131103516
scan29,43,3,large_disp_and_occluded,744,68.69432830810547,76.98284149169922,8.28851318359375
scan29,43,3,boundary_and_occluded,790,51.97013854980469,58.16650390625,6.1963653564453125
scan29,44,3,full,14083,10.715843200683594,9.856374740600586,-0.8594684600830078
scan29,44,3,boundary,1409,46.04042434692383,43.62289810180664,-2.4175262451171875
scan29,44,3,large_disparity,2817,39.3145866394043,38.87289810180664,-0.44168853759765625
scan29,44,3,occluded_any,1168,52.858848571777344,51.949546813964844,-0.9093017578125
scan29,44,3,occluded_majority,659,60.340110778808594,51.396385192871094,-8.9437255859375
scan29,44,3,large_disp_and_occluded,702,67.08677673339844,73.03785705566406,5.951080322265625
scan29,44,3,boundary_and_occluded,671,64.6898193359375,63.274166107177734,-1.4156532287597656
scan29,45,3,full,12977,39.166168212890625,44.02866744995117,4.862499237060547
scan29,45,3,boundary,1298,129.25355529785156,146.08273315429688,16.829177856445312
scan29,45,3,large_disparity,2596,173.54652404785156,206.29771423339844,32.751190185546875
scan29,45,3,occluded_any,1968,201.93814086914062,196.475830078125,-5.462310791015625
scan29,45,3,occluded_majority,1614,216.82217407226562,212.18711853027344,-4.6350555419921875
scan29,45,3,large_disp_and_occluded,1340,278.4386901855469,277.982177734375,-0.456512451171875
scan29,45,3,boundary_and_occluded,791,169.7041778564453,165.84909057617188,-3.8550872802734375
scan29,46,3,full,12659,41.59848403930664,39.93807601928711,-1.6604080200195312
scan29,46,3,boundary,1266,126.33587646484375,107.35537719726562,-18.980499267578125
scan29,46,3,large_disparity,2532,194.35870361328125,187.78089904785156,-6.5778045654296875
scan29,46,3,occluded_any,1323,152.47332763671875,140.29701232910156,-12.176315307617188
scan29,46,3,occluded_majority,997,168.1270751953125,152.2817840576172,-15.845291137695312
scan29,46,3,large_disp_and_occluded,864,216.60134887695312,199.84762573242188,-16.75372314453125
scan29,46,3,boundary_and_occluded,685,162.43666076660156,149.06089782714844,-13.375762939453125
scan29,47,3,full,11299,9.642016410827637,5.4375,-4.204516410827637
scan29,47,3,boundary,1130,71.1724853515625,33.316184997558594,-37.856300354003906
scan29,47,3,large_disparity,2260,37.60790252685547,20.415081024169922,-17.192821502685547
scan29,47,3,occluded_any,819,56.52356719970703,39.992244720458984,-16.531322479248047
scan29,47,3,occluded_majority,445,66.31287384033203,57.265010833740234,-9.047863006591797
scan29,47,3,large_disp_and_occluded,519,73.57392883300781,53.30095291137695,-20.27297592163086
scan29,47,3,boundary_and_occluded,511,71.90216827392578,46.010318756103516,-25.891849517822266
scan29,48,3,full,11488,11.863415718078613,5.468898296356201,-6.394517421722412
scan29,48,3,boundary,1149,86.568603515625,34.1325798034668,-52.4360237121582
scan29,48,3,large_disparity,2298,48.074424743652344,19.52881622314453,-28.545608520507812
scan29,48,3,occluded_any,836,41.25212097167969,25.221576690673828,-16.03054428100586
scan29,48,3,occluded_majority,351,58.277740478515625,37.632205963134766,-20.64553451538086
scan29,48,3,large_disp_and_occluded,295,73.8386001586914,44.48367691040039,-29.354923248291016
scan29,48,3,boundary_and_occluded,242,84.16258239746094,47.936607360839844,-36.225975036621094
scan32,0,3,full,19941,1.8353716135025024,1.7633991241455078,-0.07197248935699463
scan32,0,3,boundary,1995,10.216681480407715,8.556866645812988,-1.6598148345947266
scan32,0,3,large_disparity,3989,4.248249053955078,4.277480125427246,0.02923107147216797
scan32,0,3,occluded_any,276,16.28849983215332,12.620214462280273,-3.668285369873047
scan32,0,3,occluded_majority,196,19.291181564331055,14.608433723449707,-4.682747840881348
scan32,0,3,large_disp_and_occluded,145,23.607990264892578,17.42247772216797,-6.185512542724609
scan32,0,3,boundary_and_occluded,161,24.895282745361328,20.11720848083496,-4.778074264526367
scan32,1,3,full,20324,1.6025010347366333,1.5262999534606934,-0.07620108127593994
scan32,1,3,boundary,2033,7.870828151702881,7.713724136352539,-0.1571040153503418
scan32,1,3,large_disparity,4065,3.1980698108673096,2.9471778869628906,-0.25089192390441895
scan32,1,3,occluded_any,1291,8.83247184753418,7.963072299957275,-0.8693995475769043
scan32,1,3,occluded_majority,391,21.159332275390625,18.3948974609375,-2.764434814453125
scan32,1,3,large_disp_and_occluded,447,17.043325424194336,14.27125358581543,-2.7720718383789062
scan32,1,3,boundary_and_occluded,531,19.043575286865234,17.07033920288086,-1.973236083984375
scan32,2,3,full,19546,2.177013635635376,1.8442306518554688,-0.3327829837799072
scan32,2,3,boundary,1955,11.438055992126465,10.090803146362305,-1.3472528457641602
scan32,2,3,large_disparity,3910,5.5228776931762695,3.785975456237793,-1.7369022369384766
scan32,2,3,occluded_any,1179,12.829547882080078,9.656705856323242,-3.172842025756836
scan32,2,3,occluded_majority,328,22.086946487426758,21.775554656982422,-0.31139183044433594
scan32,2,3,large_disp_and_occluded,665,19.664539337158203,13.960495948791504,-5.704043388366699
scan32,2,3,boundary_and_occluded,644,19.805063247680664,16.215002059936523,-3.5900611877441406
scan32,3,3,full,19708,2.2076351642608643,2.250033140182495,0.04239797592163086
scan32,3,3,boundary,1971,12.415037155151367,11.749996185302734,-0.6650409698486328
scan32,3,3,large_disparity,3942,3.1052308082580566,2.684542417526245,-0.4206883907318115
scan32,3,3,occluded_any,1095,11.598224639892578,9.309761047363281,-2.288463592529297
scan32,3,3,occluded_majority,596,13.055834770202637,10.364282608032227,-2.69155216217041
scan32,3,3,large_disp_and_occluded,405,16.389463424682617,12.693821907043457,-3.69564151763916
scan32,3,3,boundary_and_occluded,571,17.861249923706055,14.092426300048828,-3.7688236236572266
scan32,4,3,full,18001,4.538434028625488,4.132205486297607,-0.40622854232788086
scan32,4,3,boundary,1801,23.095949172973633,20.37103271484375,-2.724916458129883
scan32,4,3,large_disparity,3601,2.9295828342437744,3.220158576965332,0.2905757427215576
scan32,4,3,occluded_any,517,27.853113174438477,28.074338912963867,0.22122573852539062
scan32,4,3,occluded_majority,168,36.053993225097656,36.65425491333008,0.6002616882324219
scan32,4,3,large_disp_and_occluded,76,2.894007682800293,5.730743408203125,2.836735725402832
scan32,4,3,boundary_and_occluded,281,30.05691146850586,30.807533264160156,0.7506217956542969
scan32,5,3,full,17643,4.988795280456543,4.931289196014404,-0.05750608444213867
scan32,5,3,boundary,1765,28.44916343688965,25.32866096496582,-3.120502471923828
scan32,5,3,large_disparity,3529,2.643101215362549,2.9156198501586914,0.2725186347961426
scan32,5,3,occluded_any,1158,17.920866012573242,19.04132843017578,1.120462417602539
scan32,5,3,occluded_majority,358,36.80423355102539,35.56409454345703,-1.2401390075683594
scan32,5,3,large_disp_and_occluded,280,9.995641708374023,12.672656059265137,2.6770143508911133
scan32,5,3,boundary_and_occluded,535,29.569658279418945,29.119232177734375,-0.4504261016845703
scan32,6,3,full,19547,4.897420406341553,4.539753437042236,-0.3576669692993164
scan32,6,3,boundary,1955,19.118202209472656,18.560165405273438,-0.5580368041992188
scan32,6,3,large_disparity,3910,10.811488151550293,9.905427932739258,-0.9060602188110352
scan32,6,3,occluded_any,1715,25.946475982666016,23.351329803466797,-2.5951461791992188
scan32,6,3,occluded_majority,988,34.78535842895508,29.54351043701172,-5.241847991943359
scan32,6,3,large_disp_and_occluded,901,34.63190460205078,30.23033905029297,-4.4015655517578125
scan32,6,3,boundary_and_occluded,687,34.30280685424805,34.330081939697266,0.02727508544921875
scan32,7,3,full,19417,2.1103525161743164,2.3024189472198486,0.19206643104553223
scan32,7,3,boundary,1942,9.743577003479004,12.10216999053955,2.358592987060547
scan32,7,3,large_disparity,3884,3.6136748790740967,4.566594123840332,0.9529192447662354
scan32,7,3,occluded_any,1385,7.7931365966796875,10.866890907287598,3.07375431060791
scan32,7,3,occluded_majority,496,11.036108016967773,20.234142303466797,9.198034286499023
scan32,7,3,large_disp_and_occluded,643,9.719285011291504,17.027751922607422,7.308466911315918
scan32,7,3,boundary_and_occluded,728,12.587536811828613,17.377119064331055,4.789582252502441
scan32,8,3,full,19309,2.261288642883301,1.6161092519760132,-0.6451793909072876
scan32,8,3,boundary,1931,9.051655769348145,6.92219877243042,-2.1294569969177246
scan32,8,3,large_disparity,3862,5.161192417144775,2.9972071647644043,-2.163985252380371
scan32,8,3,occluded_any,1238,9.179586410522461,7.356747627258301,-1.8228387832641602
scan32,8,3,occluded_majority,742,10.657493591308594,8.258345603942871,-2.3991479873657227
scan32,8,3,large_disp_and_occluded,607,13.20809268951416,9.296366691589355,-3.9117259979248047
scan32,8,3,boundary_and_occluded,692,13.824848175048828,10.535429000854492,-3.289419174194336
scan32,9,3,full,19427,1.7891167402267456,1.9522316455841064,0.16311490535736084
scan32,9,3,boundary,1943,7.499813079833984,7.599308967590332,0.09949588775634766
scan32,9,3,large_disparity,3886,3.029210329055786,5.1216535568237305,2.0924432277679443
scan32,9,3,occluded_any,1408,7.623493671417236,9.798991203308105,2.175497531890869
scan32,9,3,occluded_majority,489,9.604942321777344,15.381019592285156,5.7760772705078125
scan32,9,3,large_disp_and_occluded,732,9.803094863891602,13.452583312988281,3.6494884490966797
scan32,9,3,boundary_and_occluded,673,13.522255897521973,14.251535415649414,0.7292795181274414
scan32,10,3,full,20301,1.7790971994400024,1.7696211338043213,-0.009476065635681152
scan32,10,3,boundary,2031,8.487503051757812,9.853191375732422,1.3656883239746094
scan32,10,3,large_disparity,4061,2.720792531967163,3.6378769874572754,0.9170844554901123
scan32,10,3,occluded_any,740,9.51860523223877,12.197283744812012,2.678678512573242
scan32,10,3,occluded_majority,387,10.61474323272705,16.59636878967285,5.981625556945801
scan32,10,3,large_disp_and_occluded,425,10.092533111572266,14.900505065917969,4.807971954345703
scan32,10,3,boundary_and_occluded,420,15.439000129699707,16.882699966430664,1.443699836730957
scan32,11,3,full,19039,2.347287893295288,1.9979610443115234,-0.34932684898376465
scan32,11,3,boundary,1904,8.206692695617676,8.633418083190918,0.4267253875732422
scan32,11,3,large_disparity,3808,4.718673229217529,4.557344436645508,-0.16132879257202148
scan32,11,3,occluded_any,662,5.715909004211426,5.411284923553467,-0.304624080657959
scan32,11,3,occluded_majority,332,6.572305202484131,6.16353178024292,-0.40877342224121094
scan32,11,3,large_disp_and_occluded,375,6.124399185180664,4.732478618621826,-1.391920566558838
scan32,11,3,boundary_and_occluded,426,7.127935886383057,6.803019046783447,-0.3249168395996094
scan32,12,3,full,19407,1.8992137908935547,1.5733000040054321,-0.32591378688812256
scan32,12,3,boundary,1941,7.617295742034912,7.518049716949463,-0.09924602508544922
scan32,12,3,large_disparity,3882,3.3528785705566406,3.5990493297576904,0.2461707592010498
scan32,12,3,occluded_any,1494,9.922052383422852,9.575613975524902,-0.3464384078979492
scan32,12,3,occluded_majority,728,16.505104064941406,17.129745483398438,0.6246414184570312
scan32,12,3,large_disp_and_occluded,902,11.155457496643066,12.175924301147461,1.0204668045043945
scan32,12,3,boundary_and_occluded,717,15.799432754516602,15.21932601928711,-0.5801067352294922
scan32,13,3,full,18778,1.7869164943695068,1.661941647529602,-0.12497484683990479
scan32,13,3,boundary,1878,6.783759593963623,6.6996026039123535,-0.08415699005126953
scan32,13,3,large_disparity,3756,2.8466968536376953,2.8976736068725586,0.05097675323486328
scan32,13,3,occluded_any,1455,7.004417896270752,7.29462194442749,0.2902040481567383
scan32,13,3,occluded_majority,471,10.266388893127441,11.657975196838379,1.3915863037109375
scan32,13,3,large_disp_and_occluded,1024,7.100268840789795,7.845849990844727,0.7455811500549316
scan32,13,3,boundary_and_occluded,762,10.85651683807373,11.261199951171875,0.40468311309814453
scan32,14,3,full,18205,3.4115116596221924,2.417433738708496,-0.9940779209136963
scan32,14,3,boundary,1821,13.81196403503418,10.009204864501953,-3.8027591705322266
scan32,14,3,large_disparity,3641,9.337528228759766,5.041200637817383,-4.296327590942383
scan32,14,3,occluded_any,1447,11.7901611328125,7.018759727478027,-4.771401405334473
scan32,14,3,occluded_majority,979,14.179319381713867,8.446906089782715,-5.732413291931152
scan32,14,3,large_disp_and_occluded,973,13.659523963928223,6.916573524475098,-6.742950439453125
scan32,14,3,boundary_and_occluded,742,18.663475036621094,11.607240676879883,-7.056234359741211
scan32,15,3,full,19104,7.313134670257568,3.068207263946533,-4.244927406311035
scan32,15,3,boundary,1911,21.72020149230957,14.783345222473145,-6.936856269836426
scan32,15,3,large_disparity,3821,30.75974464416504,9.532698631286621,-21.227046012878418
scan32,15,3,occluded_any,2080,18.968713760375977,10.571758270263672,-8.396955490112305
scan32,15,3,occluded_majority,1229,26.370296478271484,13.934194564819336,-12.436101913452148
scan32,15,3,large_disp_and_occluded,1433,24.73015022277832,12.826285362243652,-11.903864860534668
scan32,15,3,boundary_and_occluded,888,29.32539176940918,19.98322105407715,-9.342170715332031
scan32,16,3,full,18944,7.424463272094727,2.998730182647705,-4.4257330894470215
scan32,16,3,boundary,1895,25.595216751098633,15.504378318786621,-10.090838432312012
scan32,16,3,large_disparity,3789,30.962234497070312,9.199278831481934,-21.76295566558838
scan32,16,3,occluded_any,2268,28.325847625732422,9.602853775024414,-18.722993850708008
scan32,16,3,occluded_majority,1180,39.35233688354492,12.061768531799316,-27.290568351745605
scan32,16,3,large_disp_and_occluded,1363,43.4399299621582,12.080716133117676,-31.359213829040527
scan32,16,3,boundary_and_occluded,1018,31.206249237060547,15.519342422485352,-15.686906814575195
scan32,17,3,full,18463,6.581974506378174,3.965479612350464,-2.61649489402771
scan32,17,3,boundary,1847,26.19991683959961,16.652612686157227,-9.547304153442383
scan32,17,3,large_disparity,3693,22.131486892700195,6.73702335357666,-15.394463539123535
scan32,17,3,occluded_any,2244,27.075817108154297,10.444222450256348,-16.63159465789795
scan32,17,3,occluded_majority,1036,38.50297927856445,14.677906036376953,-23.8250732421875
scan32,17,3,large_disp_and_occluded,1149,47.47420883178711,13.046236038208008,-34.4279727935791
scan32,17,3,boundary_and_occluded,990,32.15928649902344,16.80846405029297,-15.350822448730469
scan32,18,3,full,17890,9.551085472106934,5.020752906799316,-4.530332565307617
scan32,18,3,boundary,1789,38.03301239013672,27.131332397460938,-10.901679992675781
scan32,18,3,large_disparity,3578,27.88027572631836,7.28329610824585,-20.59697961807251
scan32,18,3,occluded_any,2138,36.68431091308594,18.304096221923828,-18.38021469116211
scan32,18,3,occluded_majority,1191,55.28559112548828,24.91289520263672,-30.372695922851562
scan32,18,3,large_disp_and_occluded,1425,45.07207489013672,16.270429611206055,-28.801645278930664
scan32,18,3,boundary_and_occluded,1066,45.2432746887207,32.072174072265625,-13.171100616455078
scan32,19,3,full,13378,8.466411590576172,6.249777317047119,-2.2166342735290527
scan32,19,3,boundary,1338,30.34917449951172,25.777326583862305,-4.571847915649414
scan32,19,3,large_disparity,2676,22.074296951293945,7.655184268951416,-14.41911268234253
scan32,19,3,occluded_any,779,25.696670532226562,17.46405029296875,-8.232620239257812
scan32,19,3,occluded_majority,312,40.47966003417969,27.445819854736328,-13.03384017944336
scan32,19,3,large_disp_and_occluded,375,32.9577522277832,22.269929885864258,-10.687822341918945
scan32,19,3,boundary_and_occluded,455,37.52223587036133,26.123905181884766,-11.398330688476562
scan32,20,3,full,15189,7.363038063049316,4.602300643920898,-2.760737419128418
scan32,20,3,boundary,1519,32.49295425415039,25.16082191467285,-7.332132339477539
scan32,20,3,large_disparity,3038,19.070898056030273,7.683649063110352,-11.387248992919922
scan32,20,3,occluded_any,1745,29.716712951660156,19.961957931518555,-9.754755020141602
scan32,20,3,occluded_majority,866,47.956024169921875,33.211143493652344,-14.744880676269531
scan32,20,3,large_disp_and_occluded,641,57.63078308105469,32.21796798706055,-25.41281509399414
scan32,20,3,boundary_and_occluded,893,41.46458435058594,31.617292404174805,-9.847291946411133
scan32,21,3,full,15929,7.222185134887695,4.778017044067383,-2.4441680908203125
scan32,21,3,boundary,1593,36.7807502746582,24.97195816040039,-11.808792114257812
scan32,21,3,large_disparity,3186,22.321508407592773,12.404396057128906,-9.917112350463867
scan32,21,3,occluded_any,2170,35.61231994628906,21.4095516204834,-14.202768325805664
scan32,21,3,occluded_majority,1160,53.16465759277344,31.919504165649414,-21.245153427124023
scan32,21,3,large_disp_and_occluded,1270,52.16681671142578,27.844417572021484,-24.322399139404297
scan32,21,3,boundary_and_occluded,1060,47.144344329833984,30.9563045501709,-16.188039779663086
scan32,22,3,full,16614,7.5518107414245605,4.557758808135986,-2.994051933288574
scan32,22,3,boundary,1662,32.59284973144531,21.330116271972656,-11.262733459472656
scan32,22,3,large_disparity,3323,30.690227508544922,14.413018226623535,-16.277209281921387
scan32,22,3,occluded_any,2217,46.978782653808594,22.759056091308594,-24.2197265625
scan32,22,3,occluded_majority,1300,62.766170501708984,30.590484619140625,-32.17568588256836
scan32,22,3,large_disp_and_occluded,1541,63.388301849365234,29.321338653564453,-34.06696319580078
scan32,22,3,boundary_and_occluded,1040,46.67646026611328,27.493303298950195,-19.183156967163086
scan32,23,3,full,17139,8.239150047302246,4.25496244430542,-3.984187602996826
scan32,23,3,boundary,1714,29.918912887573242,20.886472702026367,-9.032440185546875
scan32,23,3,large_disparity,3428,34.28431701660156,15.429618835449219,-18.854698181152344
scan32,23,3,occluded_any,2163,39.661399841308594,20.016239166259766,-19.645160675048828
scan32,23,3,occluded_majority,1215,49.80929946899414,27.23714256286621,-22.57215690612793
scan32,23,3,large_disp_and_occluded,1591,50.348812103271484,24.383554458618164,-25.96525764465332
scan32,23,3,boundary_and_occluded,964,41.99472427368164,29.59703254699707,-12.39769172668457
scan32,24,3,full,16886,5.925816535949707,2.8123462200164795,-3.1134703159332275
scan32,24,3,boundary,1689,23.933549880981445,14.048264503479004,-9.885285377502441
scan32,24,3,large_disparity,3378,19.92146873474121,7.375447750091553,-12.546020984649658
scan32,24,3,occluded_any,1739,23.360157012939453,11.218615531921387,-12.141541481018066
scan32,24,3,occluded_majority,1074,27.753984451293945,13.743261337280273,-14.010723114013672
scan32,24,3,large_disp_and_occluded,1279,26.983800888061523,12.64205265045166,-14.341748237609863
scan32,24,3,boundary_and_occluded,823,32.712032318115234,18.863935470581055,-13.84809684753418
scan32,25,3,full,16991,2.4736416339874268,1.952722191810608,-0.5209194421768188
scan32,25,3,boundary,1700,13.646220207214355,9.76651668548584,-3.8797035217285156
scan32,25,3,large_disparity,3399,5.830046653747559,4.145022869110107,-1.6850237846374512
scan32,25,3,occluded_any,1649,12.873086929321289,8.805887222290039,-4.06719970703125
scan32,25,3,occluded_majority,1018,16.405746459960938,11.052125930786133,-5.353620529174805
scan32,25,3,large_disp_and_occluded,1059,15.207496643066406,9.979637145996094,-5.2278594970703125
scan32,25,3,boundary_and_occluded,863,21.625089645385742,14.381949424743652,-7.24314022064209
scan32,26,3,full,17578,1.6980947256088257,1.660447359085083,-0.037647366523742676
scan32,26,3,boundary,1758,8.564552307128906,7.653124809265137,-0.9114274978637695
scan32,26,3,large_disparity,3516,3.5530946254730225,3.4222733974456787,-0.13082122802734375
scan32,26,3,occluded_any,1498,7.979470252990723,7.063084125518799,-0.9163861274719238
scan32,26,3,occluded_majority,625,13.584772109985352,12.352441787719727,-1.232330322265625
scan32,26,3,large_disp_and_occluded,1157,7.929800510406494,7.6692280769348145,-0.2605724334716797
scan32,26,3,boundary_and_occluded,825,12.744112014770508,10.883272171020508,-1.86083984375
scan32,27,3,full,17848,3.0428009033203125,2.05495023727417,-0.9878506660461426
scan32,27,3,boundary,1785,12.024700164794922,8.244029998779297,-3.780670166015625
scan32,27,3,large_disparity,3570,8.733749389648438,4.504298686981201,-4.229450702667236
scan32,27,3,occluded_any,1478,9.530508995056152,7.059784412384033,-2.470724582672119
scan32,27,3,occluded_majority,608,16.49345588684082,11.976125717163086,-4.517330169677734
scan32,27,3,large_disp_and_occluded,678,12.500635147094727,10.052047729492188,-2.448587417602539
scan32,27,3,boundary_and_occluded,729,16.65093421936035,11.382316589355469,-5.268617630004883
scan32,28,3,full,14936,3.135946035385132,2.7979347705841064,-0.3380112648010254
scan32,28,3,boundary,1494,13.646068572998047,12.409961700439453,-1.2361068725585938
scan32,28,3,large_disparity,2988,7.555283069610596,7.5584917068481445,0.003208637237548828
scan32,28,3,occluded_any,942,12.077473640441895,10.879258155822754,-1.1982154846191406
scan32,28,3,occluded_majority,623,13.995838165283203,12.086080551147461,-1.9097576141357422
scan32,28,3,large_disp_and_occluded,493,14.465211868286133,13.16861629486084,-1.296595573425293
scan32,28,3,boundary_and_occluded,676,12.629706382751465,11.46323013305664,-1.1664762496948242
scan32,29,3,full,15274,2.4759573936462402,2.2431821823120117,-0.23277521133422852
scan32,29,3,boundary,1528,13.807008743286133,11.852474212646484,-1.9545345306396484
scan32,29,3,large_disparity,3055,5.373462200164795,4.391637802124023,-0.9818243980407715
scan32,29,3,occluded_any,1509,12.334842681884766,9.107547760009766,-3.227294921875
scan32,29,3,occluded_majority,767,17.860790252685547,12.72341251373291,-5.137377738952637
scan32,29,3,large_disp_and_occluded,821,14.054736137390137,10.107282638549805,-3.947453498840332
scan32,29,3,boundary_and_occluded,904,16.623838424682617,12.362410545349121,-4.261427879333496
scan32,30,3,full,15145,2.6566338539123535,2.1757256984710693,-0.4809081554412842
scan32,30,3,boundary,1515,16.658294677734375,12.873991966247559,-3.7843027114868164
scan32,30,3,large_disparity,3029,6.975595951080322,5.887617588043213,-1.0879783630371094
scan32,30,3,occluded_any,1543,14.742198944091797,11.508936882019043,-3.233262062072754
scan32,30,3,occluded_majority,804,20.758142471313477,16.28521728515625,-4.472925186157227
scan32,30,3,large_disp_and_occluded,1018,15.811979293823242,13.282991409301758,-2.5289878845214844
scan32,30,3,boundary_and_occluded,912,22.007488250732422,16.57139015197754,-5.436098098754883
scan32,31,3,full,14864,3.7917351722717285,2.594752788543701,-1.1969823837280273
scan32,31,3,boundary,1487,23.18437385559082,14.911494255065918,-8.272879600524902
scan32,31,3,large_disparity,2973,11.688237190246582,7.234188556671143,-4.4540486335754395
scan32,31,3,occluded_any,1632,22.06262969970703,12.783193588256836,-9.279436111450195
scan32,31,3,occluded_majority,918,31.47232437133789,17.481647491455078,-13.990676879882812
scan32,31,3,large_disp_and_occluded,1108,25.292436599731445,14.233202934265137,-11.059233665466309
scan32,31,3,boundary_and_occluded,917,31.662525177001953,19.203704833984375,-12.458820343017578
scan32,32,3,full,14507,5.0240797996521,3.3570938110351562,-1.6669859886169434
scan32,32,3,boundary,1451,26.3564510345459,18.780193328857422,-7.576257705688477
scan32,32,3,large_disparity,2902,13.712019920349121,8.032325744628906,-5.679694175720215
scan32,32,3,occluded_any,1690,25.857139587402344,16.56363868713379,-9.293500900268555
scan32,32,3,occluded_majority,994,35.487998962402344,21.72047233581543,-13.767526626586914
scan32,32,3,large_disp_and_occluded,1062,30.489198684692383,17.35490608215332,-13.134292602539062
scan32,32,3,boundary_and_occluded,936,33.63344192504883,23.60098648071289,-10.032455444335938
scan32,33,3,full,14494,7.515717029571533,7.4255523681640625,-0.0901646614074707
scan32,33,3,boundary,1450,45.62261199951172,45.484893798828125,-0.13771820068359375
scan32,33,3,large_disparity,2899,27.42223358154297,29.18815803527832,1.7659244537353516
scan32,33,3,occluded_any,1886,44.92075729370117,46.63584899902344,1.7150917053222656
scan32,33,3,occluded_majority,1169,62.874717712402344,64.84683227539062,1.9721145629882812
scan32,33,3,large_disp_and_occluded,1195,61.91737747192383,67.11334228515625,5.195964813232422
scan32,33,3,boundary_and_occluded,955,63.080448150634766,64.23095703125,1.1505088806152344
scan32,34,3,full,14319,7.783847808837891,8.222126960754395,0.4382791519165039
scan32,34,3,boundary,1432,49.14250183105469,53.63973617553711,4.497234344482422
scan32,34,3,large_disparity,2864,29.900758743286133,32.98311233520508,3.0823535919189453
scan32,34,3,occluded_any,1888,48.71950149536133,53.54261016845703,4.823108673095703
scan32,34,3,occluded_majority,1139,64.70584106445312,72.5978775024414,7.892036437988281
scan32,34,3,large_disp_and_occluded,1115,71.35188293457031,81.4124984741211,10.060615539550781
scan32,34,3,boundary_and_occluded,979,66.9968032836914,74.21947479248047,7.2226715087890625
scan32,35,3,full,13468,5.475285530090332,4.241098880767822,-1.2341866493225098
scan32,35,3,boundary,1347,36.84101867675781,29.946460723876953,-6.894557952880859
scan32,35,3,large_disparity,2694,20.490238189697266,14.975425720214844,-5.514812469482422
scan32,35,3,occluded_any,1661,34.660099029541016,25.46214485168457,-9.197954177856445
scan32,35,3,occluded_majority,761,60.52882766723633,48.401084899902344,-12.127742767333984
scan32,35,3,large_disp_and_occluded,1075,46.58380889892578,33.83371353149414,-12.75009536743164
scan32,35,3,boundary_and_occluded,872,51.8231315612793,42.03728485107422,-9.785846710205078
scan32,36,3,full,12357,4.771262168884277,3.784888505935669,-0.9863736629486084
scan32,36,3,boundary,1236,23.60536766052246,18.56960678100586,-5.035760879516602
scan32,36,3,large_disparity,2472,10.405163764953613,6.750197410583496,-3.654966354370117
scan32,36,3,occluded_any,1457,20.10289764404297,13.880885124206543,-6.222012519836426
scan32,36,3,occluded_majority,517,34.26986312866211,24.397266387939453,-9.872596740722656
scan32,36,3,large_disp_and_occluded,735,26.033954620361328,16.729711532592773,-9.304243087768555
scan32,36,3,boundary_and_occluded,785,26.942520141601562,20.24176025390625,-6.7007598876953125
scan32,37,3,full,11809,8.404857635498047,4.8648176193237305,-3.5400400161743164
scan32,37,3,boundary,1181,32.07868576049805,22.058786392211914,-10.019899368286133
scan32,37,3,large_disparity,2362,21.911020278930664,7.195473670959473,-14.715546607971191
scan32,37,3,occluded_any,1551,22.604955673217773,14.568438529968262,-8.036517143249512
scan32,37,3,occluded_majority,697,28.774412155151367,23.7061710357666,-5.068241119384766
scan32,37,3,large_disp_and_occluded,550,38.03742599487305,18.22392463684082,-19.813501358032227
scan32,37,3,boundary_and_occluded,776,30.282779693603516,22.71510124206543,-7.567678451538086
scan32,38,3,full,8445,13.03048038482666,10.067562103271484,-2.962918281555176
scan32,38,3,boundary,845,47.05697250366211,24.463348388671875,-22.593624114990234
scan32,38,3,large_disparity,1689,40.933349609375,27.85055923461914,-13.08279037475586
scan32,38,3,occluded_any,232,26.475906372070312,21.49541473388672,-4.980491638183594
scan32,38,3,occluded_majority,112,43.99441146850586,31.30368423461914,-12.690727233886719
scan32,38,3,large_disp_and_occluded,74,49.42597579956055,35.080162048339844,-14.345813751220703
scan32,38,3,boundary_and_occluded,130,37.74846649169922,29.11859130859375,-8.629875183105469
scan32,39,3,full,9242,5.3081865310668945,3.1042046546936035,-2.203981876373291
scan32,39,3,boundary,925,34.11322784423828,14.698057174682617,-19.415170669555664
scan32,39,3,large_disparity,1849,14.808754920959473,5.097239971160889,-9.711514949798584
scan32,39,3,occluded_any,1094,18.28404426574707,9.984968185424805,-8.299076080322266
scan32,39,3,occluded_majority,301,37.03001022338867,17.72899627685547,-19.301013946533203
scan32,39,3,large_disp_and_occluded,404,29.788166046142578,11.969133377075195,-17.819032669067383
scan32,39,3,boundary_and_occluded,491,34.70174789428711,17.718585968017578,-16.98316192626953
scan32,40,3,full,9659,3.2930824756622314,2.8731260299682617,-0.4199564456939697
scan32,40,3,boundary,966,20.972999572753906,17.991254806518555,-2.9817447662353516
scan32,40,3,large_disparity,1932,9.441248893737793,9.823695182800293,0.3824462890625
scan32,40,3,occluded_any,722,20.213071823120117,15.570657730102539,-4.642414093017578
scan32,40,3,occluded_majority,302,26.738656997680664,22.993061065673828,-3.745595932006836
scan32,40,3,large_disp_and_occluded,501,21.2501277923584,18.32552146911621,-2.9246063232421875
scan32,40,3,boundary_and_occluded,468,25.959802627563477,20.247758865356445,-5.712043762207031
scan32,41,3,full,10794,5.045698642730713,3.397505283355713,-1.648193359375
scan32,41,3,boundary,1080,31.938085556030273,23.370941162109375,-8.567144393920898
scan32,41,3,large_disparity,2159,14.441699981689453,13.738636016845703,-0.70306396484375
scan32,41,3,occluded_any,780,29.4176025390625,25.3590087890625,-4.05859375
scan32,41,3,occluded_majority,279,43.90454864501953,41.361854553222656,-2.542694091796875
scan32,41,3,large_disp_and_occluded,663,29.166955947875977,28.847700119018555,-0.3192558288574219
scan32,41,3,boundary_and_occluded,517,40.457828521728516,34.84789276123047,-5.609935760498047
scan32,42,3,full,11458,5.324859142303467,4.521511077880859,-0.8033480644226074
scan32,42,3,boundary,1146,35.55893325805664,33.414608001708984,-2.1443252563476562
scan32,42,3,large_disparity,2292,17.81108856201172,17.65962028503418,-0.15146827697753906
scan32,42,3,occluded_any,1235,29.259159088134766,29.364423751831055,0.10526466369628906
scan32,42,3,occluded_majority,451,57.46638107299805,58.340606689453125,0.8742256164550781
scan32,42,3,large_disp_and_occluded,924,33.11656188964844,35.472347259521484,2.355785369873047
scan32,42,3,boundary_and_occluded,691,46.82414627075195,46.84329605102539,0.0191497802734375
scan32,43,3,full,11678,4.772161960601807,3.9006009101867676,-0.8715610504150391
scan32,43,3,boundary,1168,29.540918350219727,25.785036087036133,-3.7558822631835938
scan32,43,3,large_disparity,2336,15.495365142822266,12.632967948913574,-2.8623971939086914
scan32,43,3,occluded_any,1310,28.721778869628906,23.980493545532227,-4.74128532409668
scan32,43,3,occluded_majority,740,37.704612731933594,33.276729583740234,-4.427883148193359
scan32,43,3,large_disp_and_occluded,980,31.652162551879883,26.847257614135742,-4.804904937744141
scan32,43,3,boundary_and_occluded,670,44.03324890136719,39.6097297668457,-4.423519134521484
scan32,44,3,full,11774,4.55811071395874,3.5764453411102295,-0.9816653728485107
scan32,44,3,boundary,1178,26.924226760864258,22.56424331665039,-4.359983444213867
scan32,44,3,large_disparity,2355,13.111141204833984,11.278763771057129,-1.8323774337768555
scan32,44,3,occluded_any,1196,26.096006393432617,21.805011749267578,-4.290994644165039
scan32,44,3,occluded_majority,684,32.515655517578125,28.624271392822266,-3.8913841247558594
scan32,44,3,large_disp_and_occluded,865,27.562156677246094,24.603445053100586,-2.958711624145508
scan32,44,3,boundary_and_occluded,684,37.456050872802734,31.77092742919922,-5.685123443603516
scan32,45,3,full,12111,3.8218507766723633,2.9351229667663574,-0.8867278099060059
scan32,45,3,boundary,1212,25.378080368041992,19.208492279052734,-6.169588088989258
scan32,45,3,large_disparity,2423,12.575284004211426,9.024409294128418,-3.550874710083008
scan32,45,3,occluded_any,1244,23.99695587158203,17.42161750793457,-6.575338363647461
scan32,45,3,occluded_majority,700,30.732458114624023,22.170635223388672,-8.561822891235352
scan32,45,3,large_disp_and_occluded,932,26.250425338745117,18.947444915771484,-7.302980422973633
scan32,45,3,boundary_and_occluded,742,34.480037689208984,25.79924964904785,-8.680788040161133
scan32,46,3,full,12362,3.308326005935669,2.6765546798706055,-0.6317713260650635
scan32,46,3,boundary,1237,22.278348922729492,18.009368896484375,-4.268980026245117
scan32,46,3,large_disparity,2473,12.363903999328613,9.108694076538086,-3.2552099227905273
scan32,46,3,occluded_any,1277,21.030115127563477,15.24315071105957,-5.786964416503906
scan32,46,3,occluded_majority,737,24.664134979248047,19.321378707885742,-5.342756271362305
scan32,46,3,large_disp_and_occluded,1042,23.739757537841797,17.083690643310547,-6.65606689453125
scan32,46,3,boundary_and_occluded,737,30.786605834960938,23.42437744140625,-7.3622283935546875
scan32,47,3,full,12292,3.1268470287323,2.411781072616577,-0.7150659561157227
scan32,47,3,boundary,1230,19.826906204223633,14.938813209533691,-4.888092994689941
scan32,47,3,large_disparity,2459,10.016929626464844,7.971901893615723,-2.045027732849121
scan32,47,3,occluded_any,1234,17.700666427612305,13.164339065551758,-4.536327362060547
scan32,47,3,occluded_majority,707,23.664825439453125,16.896774291992188,-6.7680511474609375
scan32,47,3,large_disp_and_occluded,888,20.409536361694336,16.061552047729492,-4.347984313964844
scan32,47,3,boundary_and_occluded,742,25.51344108581543,19.38082504272461,-6.13261604309082
scan32,48,3,full,11995,2.700965166091919,2.0884079933166504,-0.6125571727752686
scan32,48,3,boundary,1200,14.667945861816406,11.204763412475586,-3.4631824493408203
scan32,48,3,large_disparity,2399,7.866393089294434,6.203983783721924,-1.6624093055725098
scan32,48,3,occluded_any,886,14.040047645568848,11.041461944580078,-2.9985857009887695
scan32,48,3,occluded_majority,504,17.046892166137695,13.678142547607422,-3.3687496185302734
scan32,48,3,large_disp_and_occluded,534,16.659395217895508,13.766107559204102,-2.8932876586914062
scan32,48,3,boundary_and_occluded,597,18.428695678710938,14.695963859558105,-3.732731819152832
scan33,0,3,full,19425,27.578983306884766,32.9682731628418,5.389289855957031
scan33,0,3,boundary,1943,63.137107849121094,66.63813781738281,3.5010299682617188
scan33,0,3,large_disparity,3885,73.7555923461914,101.03690338134766,27.28131103515625
scan33,0,3,occluded_any,3991,124.67520141601562,151.32928466796875,26.654083251953125
scan33,0,3,occluded_majority,3037,157.55770874023438,189.92677307128906,32.36906433105469
scan33,0,3,large_disp_and_occluded,1674,167.66677856445312,230.24119567871094,62.57441711425781
scan33,0,3,boundary_and_occluded,952,108.20932006835938,116.70787811279297,8.498558044433594
scan33,1,3,full,19740,30.664030075073242,28.719608306884766,-1.9444217681884766
scan33,1,3,boundary,1974,76.2431640625,77.76301574707031,1.5198516845703125
scan33,1,3,large_disparity,3948,134.0564727783203,127.59571075439453,-6.460762023925781
scan33,1,3,occluded_any,5140,109.77560424804688,104.54759216308594,-5.2280120849609375
scan33,1,3,occluded_majority,2780,199.19781494140625,189.66128540039062,-9.536529541015625
scan33,1,3,large_disp_and_occluded,2471,212.94647216796875,202.63706970214844,-10.309402465820312
scan33,1,3,boundary_and_occluded,1211,117.05682373046875,119.12684631347656,2.0700225830078125
scan33,2,3,full,19955,20.169357299804688,16.407434463500977,-3.761922836303711
scan33,2,3,boundary,1996,63.030330657958984,56.170963287353516,-6.859367370605469
scan33,2,3,large_disparity,3991,56.371185302734375,46.82712936401367,-9.544055938720703
scan33,2,3,occluded_any,4038,71.11177062988281,58.960655212402344,-12.151115417480469
scan33,2,3,occluded_majority,2601,105.62562561035156,86.67013549804688,-18.955490112304688
scan33,2,3,large_disp_and_occluded,2252,97.23912048339844,81.740478515625,-15.498641967773438
scan33,2,3,boundary_and_occluded,1088,90.01726531982422,76.70513916015625,-13.312126159667969
scan33,3,3,full,19873,20.57737922668457,23.0770320892334,2.499652862548828
scan33,3,3,boundary,1988,61.44844055175781,63.592838287353516,2.144397735595703
scan33,3,3,large_disparity,3975,75.3659896850586,88.30677795410156,12.940788269042969
scan33,3,3,occluded_any,5371,69.80474090576172,79.17718505859375,9.372444152832031
scan33,3,3,occluded_majority,2703,128.35348510742188,145.77711486816406,17.423629760742188
scan33,3,3,large_disp_and_occluded,2412,121.119140625,142.26541137695312,21.146270751953125
scan33,3,3,boundary_and_occluded,1252,89.46673583984375,93.55284118652344,4.0861053466796875
scan33,4,3,full,16543,21.028873443603516,18.135929107666016,-2.8929443359375
scan33,4,3,boundary,1655,52.3243293762207,54.4061279296875,2.081798553466797
scan33,4,3,large_disparity,3309,27.253128051757812,22.758169174194336,-4.494958877563477
scan33,4,3,occluded_any,2460,101.16752624511719,100.64087677001953,-0.5266494750976562
scan33,4,3,occluded_majority,1839,120.30755615234375,122.02543640136719,1.7178802490234375
scan33,4,3,large_disp_and_occluded,519,161.28878784179688,136.72174072265625,-24.567047119140625
scan33,4,3,boundary_and_occluded,771,87.40403747558594,90.4427719116211,3.0387344360351562
scan33,5,3,full,17161,21.821521759033203,22.64527130126953,0.8237495422363281
scan33,5,3,boundary,1717,61.365509033203125,63.905548095703125,2.5400390625
scan33,5,3,large_disparity,3433,66.93778991699219,82.17709350585938,15.239303588867188
scan33,5,3,occluded_any,3190,98.0289306640625,110.31233215332031,12.283401489257812
scan33,5,3,occluded_majority,1762,167.7847900390625,190.77084350585938,22.986053466796875
scan33,5,3,large_disp_and_occluded,963,226.61175537109375,283.1644287109375,56.55267333984375
scan33,5,3,boundary_and_occluded,914,95.19334411621094,101.40120697021484,6.207862854003906
scan33,6,3,full,19855,20.002803802490234,20.47902488708496,0.47622108459472656
scan33,6,3,boundary,1986,61.15700149536133,61.66157913208008,0.50457763671875
scan33,6,3,large_disparity,3971,85.27996826171875,86.7232894897461,1.4433212280273438
scan33,6,3,occluded_any,4714,77.17533874511719,79.14940643310547,1.9740676879882812
scan33,6,3,occluded_majority,2571,135.880859375,139.05357360839844,3.1727142333984375
scan33,6,3,large_disp_and_occluded,2365,141.08314514160156,144.61204528808594,3.528900146484375
scan33,6,3,boundary_and_occluded,1205,91.85639953613281,92.89994812011719,1.043548583984375
scan33,7,3,full,19969,17.94695281982422,17.863279342651367,-0.08367347717285156
scan33,7,3,boundary,1997,67.39567565917969,64.27355194091797,-3.1221237182617188
scan33,7,3,large_disparity,3994,72.09590148925781,69.55535888671875,-2.5405426025390625
scan33,7,3,occluded_any,4302,73.33751678466797,74.08899688720703,0.7514801025390625
scan33,7,3,occluded_majority,2290,115.4472427368164,109.66474151611328,-5.782501220703125
scan33,7,3,large_disp_and_occluded,2056,131.7071533203125,127.91856384277344,-3.7885894775390625
scan33,7,3,boundary_and_occluded,1211,100.70402526855469,95.8329849243164,-4.871040344238281
scan33,8,3,full,19849,17.455015182495117,17.113143920898438,-0.3418712615966797
scan33,8,3,boundary,1985,69.1304931640625,65.42688751220703,-3.7036056518554688
scan33,8,3,large_disparity,3970,64.68350982666016,67.9227523803711,3.2392425537109375
scan33,8,3,occluded_any,4065,66.8091049194336,69.81783294677734,3.00872802734375
scan33,8,3,occluded_majority,2382,106.26658630371094,108.49179077148438,2.2252044677734375
scan33,8,3,large_disp_and_occluded,1969,122.76278686523438,130.74659729003906,7.9838104248046875
scan33,8,3,boundary_and_occluded,1229,96.27932739257812,95.29325103759766,-0.9860763549804688
scan33,9,3,full,19092,14.773656845092773,16.151050567626953,1.3773937225341797
scan33,9,3,boundary,1910,60.052650451660156,59.39927291870117,-0.6533775329589844
scan33,9,3,large_disparity,3819,65.11534118652344,72.35651397705078,7.241172790527344
scan33,9,3,occluded_any,3605,70.77769470214844,73.59793090820312,2.8202362060546875
scan33,9,3,occluded_majority,1626,146.62013244628906,149.9492950439453,3.32916259765625
scan33,9,3,large_disp_and_occluded,1822,131.8214569091797,137.71871948242188,5.8972625732421875
scan33,9,3,boundary_and_occluded,1147,94.24336242675781,93.73484802246094,-0.508514404296875
scan33,10,3,full,19330,16.140865325927734,16.127296447753906,-0.013568878173828125
scan33,10,3,boundary,1933,79.07902526855469,77.59186553955078,-1.4871597290039062
scan33,10,3,large_disparity,3866,69.50730895996094,69.04890441894531,-0.458404541015625
scan33,10,3,occluded_any,2747,103.489990234375,101.241943359375,-2.248046875
scan33,10,3,occluded_majority,1396,162.95721435546875,157.63722229003906,-5.3199920654296875
scan33,10,3,large_disp_and_occluded,905,285.9951477050781,280.27716064453125,-5.717987060546875
scan33,10,3,boundary_and_occluded,1197,119.49655151367188,115.69434356689453,-3.8022079467773438
scan33,11,3,full,19011,17.099910736083984,17.061521530151367,-0.03838920593261719
scan33,11,3,boundary,1902,46.77957534790039,49.99844741821289,3.2188720703125
scan33,11,3,large_disparity,3803,49.54740524291992,53.59440612792969,4.047000885009766
scan33,11,3,occluded_any,2436,90.8558349609375,80.00397491455078,-10.851860046386719
scan33,11,3,occluded_majority,1542,137.68421936035156,120.6024169921875,-17.081802368164062
scan33,11,3,large_disp_and_occluded,389,285.68963623046875,273.6156921386719,-12.073944091796875
scan33,11,3,boundary_and_occluded,827,65.48966217041016,66.29679870605469,0.8071365356445312
scan33,12,3,full,19074,15.230671882629395,17.727468490600586,2.4967966079711914
scan33,12,3,boundary,1908,48.57639694213867,51.250972747802734,2.6745758056640625
scan33,12,3,large_disparity,3815,64.4530029296875,76.81427001953125,12.36126708984375
scan33,12,3,occluded_any,4366,58.6452522277832,68.44705200195312,9.801799774169922
scan33,12,3,occluded_majority,2184,110.221923828125,127.44511413574219,17.223190307617188
scan33,12,3,large_disp_and_occluded,2084,109.65043640136719,130.5988006591797,20.9483642578125
scan33,12,3,boundary_and_occluded,1160,73.24298858642578,78.92218780517578,5.67919921875
scan33,13,3,full,18518,9.969038963317871,11.80402946472168,1.8349905014038086
scan33,13,3,boundary,1852,51.123374938964844,52.40732192993164,1.2839469909667969
scan33,13,3,large_disparity,3704,41.66379928588867,51.52378463745117,9.8599853515625
scan33,13,3,occluded_any,3310,48.09347152709961,57.66720962524414,9.573738098144531
scan33,13,3,occluded_majority,1414,101.55862426757812,105.02728271484375,3.468658447265625
scan33,13,3,large_disp_and_occluded,1771,82.34335327148438,100.95720672607422,18.613853454589844
scan33,13,3,boundary_and_occluded,1054,83.55879974365234,86.55003356933594,2.9912338256835938
scan33,14,3,full,17959,5.942873001098633,10.874346733093262,4.931473731994629
scan33,14,3,boundary,1796,36.74180603027344,41.78496551513672,5.043159484863281
scan33,14,3,large_disparity,3592,20.33997344970703,44.97694778442383,24.636974334716797
scan33,14,3,occluded_any,3067,28.401437759399414,53.028717041015625,24.62727928161621
scan33,14,3,occluded_majority,1917,37.90629577636719,67.07808685302734,29.171791076660156
scan33,14,3,large_disp_and_occluded,1544,44.50776290893555,94.26311492919922,49.75535202026367
scan33,14,3,boundary_and_occluded,1064,57.31882858276367,65.22216033935547,7.903331756591797
scan33,15,3,full,18622,6.9321088790893555,9.379254341125488,2.447145462036133
scan33,15,3,boundary,1863,35.68785095214844,43.02283477783203,7.334983825683594
scan33,15,3,large_disparity,3725,25.03658103942871,37.51685333251953,12.48027229309082
scan33,15,3,occluded_any,3895,26.687400817871094,37.22165298461914,10.534252166748047
scan33,15,3,occluded_majority,2200,39.07437515258789,55.750118255615234,16.675743103027344
scan33,15,3,large_disp_and_occluded,2248,38.87076950073242,57.55500030517578,18.68423080444336
scan33,15,3,boundary_and_occluded,1143,49.537052154541016,60.743404388427734,11.206352233886719
scan33,16,3,full,19114,13.88381576538086,12.836835861206055,-1.0469799041748047
scan33,16,3,boundary,1912,56.81698226928711,54.37156677246094,-2.445415496826172
scan33,16,3,large_disparity,3823,57.23572540283203,52.64078903198242,-4.594936370849609
scan33,16,3,occluded_any,4094,53.54111862182617,50.46063995361328,-3.0804786682128906
scan33,16,3,occluded_majority,2072,86.27881622314453,78.47279357910156,-7.806022644042969
scan33,16,3,large_disp_and_occluded,2305,86.29486083984375,81.4318618774414,-4.862998962402344
scan33,16,3,boundary_and_occluded,1153,78.90620422363281,75.19853973388672,-3.7076644897460938
scan33,17,3,full,19185,15.274325370788574,12.20755386352539,-3.0667715072631836
scan33,17,3,boundary,1919,56.395896911621094,51.01395034790039,-5.381946563720703
scan33,17,3,large_disparity,3837,60.306610107421875,45.686527252197266,-14.62008285522461
scan33,17,3,occluded_any,4236,59.49332046508789,48.330299377441406,-11.163021087646484
scan33,17,3,occluded_majority,2481,86.81997680664062,69.88031768798828,-16.939659118652344
scan33,17,3,large_disp_and_occluded,2060,104.68751525878906,83.20831298828125,-21.479202270507812
scan33,17,3,boundary_and_occluded,1176,82.74005889892578,73.62940979003906,-9.110649108886719
scan33,18,3,full,18686,17.94550323486328,13.109445571899414,-4.836057662963867
scan33,18,3,boundary,1869,67.87994384765625,68.61309814453125,0.733154296875
scan33,18,3,large_disparity,3738,69.0573501586914,44.751102447509766,-24.30624771118164
scan33,18,3,occluded_any,3266,69.51875305175781,63.96953582763672,-5.549217224121094
scan33,18,3,occluded_majority,1535,122.22300720214844,119.42102813720703,-2.8019790649414062
scan33,18,3,large_disp_and_occluded,1346,130.97982788085938,117.1458740234375,-13.833953857421875
scan33,18,3,boundary_and_occluded,1107,104.33374786376953,106.50993347167969,2.1761856079101562
scan33,19,3,full,14996,13.620630264282227,8.791672706604004,-4.828957557678223
scan33,19,3,boundary,1500,34.356842041015625,31.61190414428711,-2.7449378967285156
scan33,19,3,large_disparity,3000,52.38630294799805,24.37596321105957,-28.010339736938477
scan33,19,3,occluded_any,1472,51.659305572509766,50.70510482788086,-0.9542007446289062
scan33,19,3,occluded_majority,801,82.25711822509766,79.31611633300781,-2.9410018920898438
scan33,19,3,large_disp_and_occluded,448,109.78388214111328,94.58361053466797,-15.200271606445312
scan33,19,3,boundary_and_occluded,612,51.941219329833984,49.00529098510742,-2.9359283447265625
scan33,20,3,full,17503,11.982315063476562,6.5822601318359375,-5.400054931640625
scan33,20,3,boundary,1751,30.777753829956055,27.695701599121094,-3.082052230834961
scan33,20,3,large_disparity,3501,36.913883209228516,8.838950157165527,-28.07493305206299
scan33,20,3,occluded_any,2799,36.88590621948242,25.727943420410156,-11.157962799072266
scan33,20,3,occluded_majority,1351,43.649593353271484,33.24351119995117,-10.406082153320312
scan33,20,3,large_disp_and_occluded,985,53.81011199951172,19.19886589050293,-34.61124610900879
scan33,20,3,boundary_and_occluded,985,40.9554328918457,36.34307861328125,-4.612354278564453
scan33,21,3,full,17736,13.567460060119629,8.132158279418945,-5.435301780700684
scan33,21,3,boundary,1774,49.75354766845703,41.634037017822266,-8.119510650634766
scan33,21,3,large_disparity,3548,48.51722717285156,20.680747985839844,-27.83647918701172
scan33,21,3,occluded_any,3061,56.94700622558594,30.79487419128418,-26.152132034301758
scan33,21,3,occluded_majority,1765,68.50695037841797,39.41502380371094,-29.09192657470703
scan33,21,3,large_disp_and_occluded,1540,90.52303314208984,38.242515563964844,-52.280517578125
scan33,21,3,boundary_and_occluded,1056,70.4793472290039,57.018184661865234,-13.461162567138672
scan33,22,3,full,17589,12.301031112670898,10.273123741149902,-2.027907371520996
scan33,22,3,boundary,1759,46.90951156616211,43.481327056884766,-3.4281845092773438
scan33,22,3,large_disparity,3518,47.764522552490234,35.76634979248047,-11.998172760009766
scan33,22,3,occluded_any,2768,54.01747131347656,45.59101104736328,-8.426460266113281
scan33,22,3,occluded_majority,1392,91.9601821899414,69.92304229736328,-22.037139892578125
scan33,22,3,large_disp_and_occluded,1556,82.68867492675781,64.3812255859375,-18.307449340820312
scan33,22,3,boundary_and_occluded,1082,65.1610336303711,60.410404205322266,-4.750629425048828
scan33,23,3,full,17221,9.862190246582031,6.134856700897217,-3.7273335456848145
scan33,23,3,boundary,1723,41.63982391357422,34.03336715698242,-7.606456756591797
scan33,23,3,large_disparity,3445,37.54494857788086,18.886138916015625,-18.658809661865234
scan33,23,3,occluded_any,3065,43.59018325805664,26.10254669189453,-17.48763656616211
scan33,23,3,occluded_majority,1525,71.0183334350586,43.19865798950195,-27.81967544555664
scan33,23,3,large_disp_and_occluded,1742,65.11468505859375,34.33659362792969,-30.778091430664062
scan33,23,3,boundary_and_occluded,1116,55.62757110595703,44.743099212646484,-10.884471893310547
scan33,24,3,full,16689,6.85286283493042,5.844900131225586,-1.007962703704834
scan33,24,3,boundary,1669,32.25168991088867,28.100261688232422,-4.15142822265625
scan33,24,3,large_disparity,3338,25.739315032958984,18.989303588867188,-6.750011444091797
scan33,24,3,occluded_any,2662,34.599945068359375,27.805782318115234,-6.794162750244141
scan33,24,3,occluded_majority,1523,54.37104034423828,41.34187698364258,-13.029163360595703
scan33,24,3,large_disp_and_occluded,1366,56.806854248046875,41.367862701416016,-15.43899154663086
scan33,24,3,boundary_and_occluded,1027,46.079349517822266,39.223140716552734,-6.856208801269531
scan33,25,3,full,16668,8.443757057189941,6.77669095993042,-1.6670660972595215
scan33,25,3,boundary,1667,45.93416213989258,40.14997482299805,-5.784187316894531
scan33,25,3,large_disparity,3334,33.603309631347656,25.671424865722656,-7.931884765625
scan33,25,3,occluded_any,2532,44.50292205810547,36.446781158447266,-8.056140899658203
scan33,25,3,occluded_majority,1438,71.42463684082031,57.3406867980957,-14.08395004272461
scan33,25,3,large_disp_and_occluded,1187,82.7093276977539,66.40052032470703,-16.308807373046875
scan33,25,3,boundary_and_occluded,992,72.14930725097656,62.417545318603516,-9.731761932373047
scan33,26,3,full,17134,12.009395599365234,9.050532341003418,-2.9588632583618164
scan33,26,3,boundary,1714,48.70426559448242,41.566497802734375,-7.137767791748047
scan33,26,3,large_disparity,3427,51.47597122192383,37.94997024536133,-13.5260009765625
scan33,26,3,occluded_any,3151,55.5444221496582,43.734256744384766,-11.810165405273438
scan33,26,3,occluded_majority,1031,119.80545806884766,97.7228775024414,-22.08258056640625
scan33,26,3,large_disp_and_occluded,1681,96.20901489257812,75.20381164550781,-21.005203247070312
scan33,26,3,boundary_and_occluded,1026,75.38603973388672,65.3076400756836,-10.078399658203125
scan33,27,3,full,17245,15.70385456085205,11.307940483093262,-4.395914077758789
scan33,27,3,boundary,1725,52.815242767333984,49.39292526245117,-3.4223175048828125
scan33,27,3,large_disparity,3449,46.91591262817383,35.29127883911133,-11.6246337890625
scan33,27,3,occluded_any,3200,70.0964584350586,52.32518005371094,-17.771278381347656
scan33,27,3,occluded_majority,1261,144.8525848388672,92.88740539550781,-51.965179443359375
scan33,27,3,large_disp_and_occluded,1194,110.43697357177734,93.02680206298828,-17.410171508789062
scan33,27,3,boundary_and_occluded,1061,77.77063751220703,74.31880187988281,-3.4518356323242188
scan33,28,3,full,14823,10.423131942749023,7.248666763305664,-3.1744651794433594
scan33,28,3,boundary,1483,69.70318603515625,48.251258850097656,-21.451927185058594
scan33,28,3,large_disparity,2965,39.647315979003906,25.264745712280273,-14.382570266723633
scan33,28,3,occluded_any,1278,64.75550079345703,53.611942291259766,-11.143558502197266
scan33,28,3,occluded_majority,755,100.48867797851562,84.11467742919922,-16.374000549316406
scan33,28,3,large_disp_and_occluded,272,236.01718139648438,198.43589782714844,-37.58128356933594
scan33,28,3,boundary_and_occluded,635,98.65122985839844,79.16951751708984,-19.481712341308594
scan33,29,3,full,14924,7.341084003448486,6.1237382888793945,-1.2173457145690918
scan33,29,3,boundary,1493,50.36246871948242,39.576419830322266,-10.786048889160156
scan33,29,3,large_disparity,2985,25.71457862854004,21.359832763671875,-4.354745864868164
scan33,29,3,occluded_any,2433,31.093399047851562,31.060277938842773,-0.03312110900878906
scan33,29,3,occluded_majority,917,58.50334548950195,75.05854797363281,16.55520248413086
scan33,29,3,large_disp_and_occluded,1030,54.39350509643555,58.405555725097656,4.012050628662109
scan33,29,3,boundary_and_occluded,932,63.77858352661133,58.44003677368164,-5.3385467529296875
scan33,30,3,full,15000,5.97445821762085,3.6244139671325684,-2.3500442504882812
scan33,30,3,boundary,1500,43.31957244873047,24.451309204101562,-18.868263244628906
scan33,30,3,large_disparity,3000,21.213977813720703,10.848298072814941,-10.365679740905762
scan33,30,3,occluded_any,2224,26.322711944580078,18.222248077392578,-8.1004638671875
scan33,30,3,occluded_majority,693,43.52251434326172,36.813045501708984,-6.709468841552734
scan33,30,3,large_disp_and_occluded,990,45.498268127441406,29.95867156982422,-15.539596557617188
scan33,30,3,boundary_and_occluded,946,52.4953498840332,35.13482666015625,-17.360523223876953
scan33,31,3,full,14873,4.5257768630981445,2.373117685317993,-2.1526591777801514
scan33,31,3,boundary,1488,35.273555755615234,14.549332618713379,-20.724223136901855
scan33,31,3,large_disparity,2975,15.13188648223877,5.705551624298096,-9.426334857940674
scan33,31,3,occluded_any,1967,22.91794776916504,12.119324684143066,-10.798623085021973
scan33,31,3,occluded_majority,611,33.26571273803711,20.87802505493164,-12.387687683105469
scan33,31,3,large_disp_and_occluded,889,36.73167419433594,16.238065719604492,-20.493608474731445
scan33,31,3,boundary_and_occluded,902,44.25510025024414,21.211483001708984,-23.043617248535156
scan33,32,3,full,14811,3.926617383956909,2.390622615814209,-1.5359947681427002
scan33,32,3,boundary,1482,28.426298141479492,14.944560050964355,-13.481738090515137
scan33,32,3,large_disparity,2963,10.71630859375,4.589247703552246,-6.127060890197754
scan33,32,3,occluded_any,1985,21.48822021484375,12.560614585876465,-8.927605628967285
scan33,32,3,occluded_majority,747,33.555023193359375,20.787275314331055,-12.76774787902832
scan33,32,3,large_disp_and_occluded,956,26.479196548461914,11.628477096557617,-14.850719451904297
scan33,32,3,boundary_and_occluded,951,38.0986442565918,20.90450096130371,-17.194143295288086
scan33,33,3,full,15011,4.594595432281494,3.179454803466797,-1.4151406288146973
scan33,33,3,boundary,1502,29.76926040649414,19.72358512878418,-10.045675277709961
scan33,33,3,large_disparity,3003,11.899142265319824,7.645198345184326,-4.253943920135498
scan33,33,3,occluded_any,2377,21.045652389526367,15.190326690673828,-5.855325698852539
scan33,33,3,occluded_majority,1086,29.787755966186523,20.940284729003906,-8.847471237182617
scan33,33,3,large_disp_and_occluded,1270,22.901384353637695,16.171554565429688,-6.729829788208008
scan33,33,3,boundary_and_occluded,1049,36.16142272949219,25.03341293334961,-11.128009796142578
scan33,34,3,full,15212,6.746201992034912,3.8587052822113037,-2.8874967098236084
scan33,34,3,boundary,1522,39.29106521606445,21.04057502746582,-18.250490188598633
scan33,34,3,large_disparity,3043,21.389209747314453,8.295527458190918,-13.093682289123535
scan33,34,3,occluded_any,2483,28.0992431640625,16.3302059173584,-11.769037246704102
scan33,34,3,occluded_majority,1059,31.079010009765625,19.769052505493164,-11.309957504272461
scan33,34,3,large_disp_and_occluded,1339,36.944759368896484,16.5419921875,-20.402767181396484
scan33,34,3,boundary_and_occluded,1016,45.769683837890625,26.63762855529785,-19.132055282592773
scan33,35,3,full,15282,8.47602653503418,5.02281379699707,-3.4532127380371094
scan33,35,3,boundary,1529,45.663761138916016,28.674638748168945,-16.98912239074707
scan33,35,3,large_disparity,3057,27.29899787902832,11.519872665405273,-15.779125213623047
scan33,35,3,occluded_any,2637,33.0425910949707,21.61728858947754,-11.425302505493164
scan33,35,3,occluded_majority,1256,46.824214935302734,34.65608215332031,-12.168132781982422
scan33,35,3,large_disp_and_occluded,1322,43.97856140136719,23.839284896850586,-20.1392765045166
scan33,35,3,boundary_and_occluded,1083,51.96464157104492,35.795650482177734,-16.168991088867188
scan33,36,3,full,15457,10.460597038269043,5.782234191894531,-4.678362846374512
scan33,36,3,boundary,1546,44.798927307128906,27.116111755371094,-17.682815551757812
scan33,36,3,large_disparity,3092,27.44825553894043,8.044769287109375,-19.403486251831055
scan33,36,3,occluded_any,2796,33.61240005493164,22.441268920898438,-11.171131134033203
scan33,36,3,occluded_majority,1225,44.75529479980469,32.561859130859375,-12.193435668945312
scan33,36,3,large_disp_and_occluded,1312,33.302635192871094,14.143617630004883,-19.15901756286621
scan33,36,3,boundary_and_occluded,999,49.64358901977539,33.96534729003906,-15.678241729736328
scan33,37,3,full,14781,13.623356819152832,9.345760345458984,-4.277596473693848
scan33,37,3,boundary,1479,58.943511962890625,44.135520935058594,-14.807991027832031
scan33,37,3,large_disparity,2957,45.61655044555664,25.06229591369629,-20.55425453186035
scan33,37,3,occluded_any,2619,51.91042709350586,42.11589813232422,-9.79452896118164
scan33,37,3,occluded_majority,1145,73.9625015258789,80.11212158203125,6.149620056152344
scan33,37,3,large_disp_and_occluded,1196,74.75282287597656,54.44103240966797,-20.311790466308594
scan33,37,3,boundary_and_occluded,985,63.883087158203125,56.09841537475586,-7.784671783447266
scan33,38,3,full,11478,10.995369911193848,8.241349220275879,-2.7540206909179688
scan33,38,3,boundary,1148,61.78540802001953,43.4871711730957,-18.298236846923828
scan33,38,3,large_disparity,2296,47.942691802978516,34.290496826171875,-13.65219497680664
scan33,38,3,occluded_any,1155,59.90414047241211,54.49931335449219,-5.404827117919922
scan33,38,3,occluded_majority,952,70.45133972167969,63.223846435546875,-7.2274932861328125
scan33,38,3,large_disp_and_occluded,727,90.56439208984375,81.93109130859375,-8.63330078125
scan33,38,3,boundary_and_occluded,509,66.28398132324219,61.79880142211914,-4.485179901123047
scan33,39,3,full,12359,9.14258861541748,5.7810540199279785,-3.361534595489502
scan33,39,3,boundary,1236,58.491455078125,29.04020118713379,-29.45125389099121
scan33,39,3,large_disparity,2472,37.18749237060547,21.064844131469727,-16.122648239135742
scan33,39,3,occluded_any,1987,39.45835494995117,27.212867736816406,-12.245487213134766
scan33,39,3,occluded_majority,831,56.235870361328125,48.14372253417969,-8.092147827148438
scan33,39,3,large_disp_and_occluded,1163,58.48405838012695,38.557247161865234,-19.92681121826172
scan33,39,3,boundary_and_occluded,817,64.84419250488281,37.96143341064453,-26.88275909423828
scan33,40,3,full,12808,7.18634033203125,5.29150915145874,-1.8948311805725098
scan33,40,3,boundary,1281,42.6420783996582,22.04543685913086,-20.596641540527344
scan33,40,3,large_disparity,2562,29.54258155822754,20.458009719848633,-9.084571838378906
scan33,40,3,occluded_any,2112,31.332401275634766,23.318340301513672,-8.014060974121094
scan33,40,3,occluded_majority,1113,41.96456527709961,34.03049087524414,-7.934074401855469
scan33,40,3,large_disp_and_occluded,1470,40.969783782958984,30.139238357543945,-10.830545425415039
scan33,40,3,boundary_and_occluded,912,46.03851318359375,26.70557403564453,-19.33293914794922
scan33,41,3,full,12761,5.462010860443115,3.988063335418701,-1.473947525024414
scan33,41,3,boundary,1277,34.54402160644531,21.160676956176758,-13.383344650268555
scan33,41,3,large_disparity,2553,22.624431610107422,15.633005142211914,-6.991426467895508
scan33,41,3,occluded_any,2003,25.437578201293945,17.924192428588867,-7.513385772705078
scan33,41,3,occluded_majority,1165,31.916332244873047,20.893354415893555,-11.022977828979492
scan33,41,3,large_disp_and_occluded,1397,33.638729095458984,23.146642684936523,-10.492086410522461
scan33,41,3,boundary_and_occluded,969,39.06879806518555,24.918331146240234,-14.150466918945312
scan33,42,3,full,12757,4.4024658203125,3.189110040664673,-1.2133557796478271
scan33,42,3,boundary,1276,29.41728973388672,19.248977661132812,-10.168312072753906
scan33,42,3,large_disparity,2552,17.237728118896484,11.426643371582031,-5.811084747314453
scan33,42,3,occluded_any,1875,21.43060302734375,13.870648384094238,-7.559954643249512
scan33,42,3,occluded_majority,1141,28.06764030456543,16.91334342956543,-11.154296875
scan33,42,3,large_disp_and_occluded,1314,26.96363639831543,16.362699508666992,-10.600936889648438
scan33,42,3,boundary_and_occluded,980,33.673667907714844,21.222370147705078,-12.451297760009766
scan33,43,3,full,12744,3.7640721797943115,3.478550672531128,-0.2855215072631836
scan33,43,3,boundary,1275,23.859922409057617,23.1551570892334,-0.7047653198242188
scan33,43,3,large_disparity,2549,11.05614948272705,11.073101997375488,0.0169525146484375
scan33,43,3,occluded_any,1476,21.046640396118164,19.94963836669922,-1.0970020294189453
scan33,43,3,occluded_majority,651,33.68022155761719,33.29759979248047,-0.38262176513671875
scan33,43,3,large_disp_and_occluded,690,29.904800415039062,31.057920455932617,1.1531200408935547
scan33,43,3,boundary_and_occluded,720,33.305702209472656,33.365718841552734,0.060016632080078125
scan33,44,3,full,12900,3.3230559825897217,3.0038187503814697,-0.31923723220825195
scan33,44,3,boundary,1290,20.213420867919922,19.015737533569336,-1.197683334350586
scan33,44,3,large_disparity,2580,10.397469520568848,10.044780731201172,-0.3526887893676758
scan33,44,3,occluded_any,1495,19.727752685546875,18.05561065673828,-1.6721420288085938
scan33,44,3,occluded_majority,632,31.40717124938965,29.940519332885742,-1.4666519165039062
scan33,44,3,large_disp_and_occluded,707,30.239765167236328,29.806848526000977,-0.43291664123535156
scan33,44,3,boundary_and_occluded,738,28.941003799438477,28.27324676513672,-0.6677570343017578
scan33,45,3,full,12978,3.3727545738220215,2.612861156463623,-0.7598934173583984
scan33,45,3,boundary,1298,21.569517135620117,14.963149070739746,-6.606368064880371
scan33,45,3,large_disparity,2596,10.37028980255127,7.42349100112915,-2.946798801422119
scan33,45,3,occluded_any,1513,17.282114028930664,14.43387222290039,-2.8482418060302734
scan33,45,3,occluded_majority,619,30.18903923034668,26.756168365478516,-3.432870864868164
scan33,45,3,large_disp_and_occluded,722,25.736988067626953,21.265682220458984,-4.471305847167969
scan33,45,3,boundary_and_occluded,671,29.30541229248047,23.995826721191406,-5.3095855712890625
scan33,46,3,full,13071,4.548839092254639,3.3759570121765137,-1.172882080078125
scan33,46,3,boundary,1308,32.268165588378906,21.485124588012695,-10.783041000366211
scan33,46,3,large_disparity,2615,14.071150779724121,9.781832695007324,-4.289318084716797
scan33,46,3,occluded_any,1711,21.461101531982422,18.235111236572266,-3.2259902954101562
scan33,46,3,occluded_majority,674,37.70686721801758,38.239891052246094,0.5330238342285156
scan33,46,3,large_disp_and_occluded,632,38.12584686279297,34.50575256347656,-3.6200942993164062
scan33,46,3,boundary_and_occluded,735,40.26314926147461,34.146873474121094,-6.116275787353516
scan33,47,3,full,12861,5.054256916046143,3.34460186958313,-1.7096550464630127
scan33,47,3,boundary,1287,36.48014831542969,21.409360885620117,-15.07078742980957
scan33,47,3,large_disparity,2573,15.535269737243652,9.493504524230957,-6.041765213012695
scan33,47,3,occluded_any,1738,24.050870895385742,17.66284942626953,-6.388021469116211
scan33,47,3,occluded_majority,685,40.08183288574219,38.04011917114258,-2.0417137145996094
scan33,47,3,large_disp_and_occluded,618,44.562767028808594,33.60441970825195,-10.95834732055664
scan33,47,3,boundary_and_occluded,708,48.10076904296875,34.666561126708984,-13.434207916259766
scan33,48,3,full,12654,5.467712879180908,2.958643913269043,-2.5090689659118652
scan33,48,3,boundary,1266,40.662105560302734,16.872699737548828,-23.789405822753906
scan33,48,3,large_disparity,2531,17.48878288269043,6.293182849884033,-11.195600032806396
scan33,48,3,occluded_any,1375,25.02912712097168,15.39201545715332,-9.63711166381836
scan33,48,3,occluded_majority,511,28.77190399169922,21.44551658630371,-7.326387405395508
scan33,48,3,large_disp_and_occluded,383,58.93387985229492,30.15423011779785,-28.77964973449707
scan33,48,3,boundary_and_occluded,412,63.851158142089844,34.80863952636719,-29.042518615722656
scan34,0,3,full,19965,1.6251027584075928,1.099979281425476,-0.5251234769821167
scan34,0,3,boundary,1997,6.849826812744141,4.1186652183532715,-2.731161594390869
scan34,0,3,large_disparity,3993,3.8378868103027344,1.7572591304779053,-2.080627679824829
scan34,0,3,occluded_any,269,16.554697036743164,14.813129425048828,-1.741567611694336
scan34,0,3,occluded_majority,157,22.686365127563477,19.91795539855957,-2.7684097290039062
scan34,0,3,large_disp_and_occluded,4,10.9566650390625,3.6899566650390625,-7.2667083740234375
scan34,0,3,boundary_and_occluded,155,18.358911514282227,18.109224319458008,-0.24968719482421875
scan34,1,3,full,20291,0.9168908596038818,0.9209467172622681,0.0040558576583862305
scan34,1,3,boundary,2030,2.456655502319336,2.2244415283203125,-0.23221397399902344
scan34,1,3,large_disparity,4059,1.7414038181304932,1.876815676689148,0.13541185855865479
scan34,1,3,occluded_any,439,10.058135032653809,10.124005317687988,0.06587028503417969
scan34,1,3,occluded_majority,259,11.79518985748291,11.93209171295166,0.13690185546875
scan34,1,3,large_disp_and_occluded,142,19.401084899902344,20.6321964263916,1.2311115264892578
scan34,1,3,boundary_and_occluded,253,11.328458786010742,10.53641414642334,-0.7920446395874023
scan34,2,3,full,20144,0.8519548773765564,0.9883649945259094,0.13641011714935303
scan34,2,3,boundary,2015,2.5988316535949707,2.7282471656799316,0.12941551208496094
scan34,2,3,large_disparity,4029,1.5337201356887817,1.588394284248352,0.05467414855957031
scan34,2,3,occluded_any,602,7.731320381164551,6.729884624481201,-1.0014357566833496
scan34,2,3,occluded_majority,406,9.290266036987305,7.622284412384033,-1.6679816246032715
scan34,2,3,large_disp_and_occluded,342,9.412351608276367,7.505349636077881,-1.9070019721984863
scan34,2,3,boundary_and_occluded,298,10.90911865234375,11.203072547912598,0.29395389556884766
scan34,3,3,full,19862,1.213446855545044,1.3093409538269043,0.09589409828186035
scan34,3,3,boundary,1987,4.938067436218262,4.580604076385498,-0.35746335983276367
scan34,3,3,large_disparity,3973,2.9897749423980713,3.3881866931915283,0.39841175079345703
scan34,3,3,occluded_any,698,9.67908000946045,9.786563873291016,0.1074838638305664
scan34,3,3,occluded_majority,377,12.810697555541992,14.221614837646484,1.4109172821044922
scan34,3,3,large_disp_and_occluded,368,15.687621116638184,15.529568672180176,-0.1580524444580078
scan34,3,3,boundary_and_occluded,345,14.28464412689209,14.362693786621094,0.0780496597290039
scan34,4,3,full,18215,0.9395133852958679,1.392883062362671,0.453369677066803
scan34,4,3,boundary,1822,3.288623332977295,3.177039623260498,-0.11158370971679688
scan34,4,3,large_disparity,3643,0.7302775979042053,1.2723389863967896,0.5420613884925842
scan34,4,3,occluded_any,222,2.581845998764038,4.661319255828857,2.0794732570648193
scan34,4,3,occluded_majority,124,2.568301200866699,5.5790300369262695,3.0107288360595703
scan34,4,3,large_disp_and_occluded,61,1.5037351846694946,4.326239109039307,2.822503924369812
scan34,4,3,boundary_and_occluded,153,3.230388879776001,5.771990776062012,2.5416018962860107
scan34,5,3,full,18408,1.2055885791778564,0.9841044545173645,-0.22148412466049194
scan34,5,3,boundary,1841,4.7207512855529785,4.527408599853516,-0.1933426856994629
scan34,5,3,large_disparity,3682,3.177267551422119,2.1706628799438477,-1.0066046714782715
scan34,5,3,occluded_any,367,12.613974571228027,10.649401664733887,-1.9645729064941406
scan34,5,3,occluded_majority,165,13.70634937286377,10.298537254333496,-3.4078121185302734
scan34,5,3,large_disp_and_occluded,211,18.412841796875,15.422859191894531,-2.9899826049804688
scan34,5,3,boundary_and_occluded,275,13.921915054321289,11.8557710647583,-2.0661439895629883
scan34,6,3,full,20148,1.2870689630508423,1.1446685791015625,-0.14240038394927979
scan34,6,3,boundary,2015,4.030710220336914,3.8414952754974365,-0.18921494483947754
scan34,6,3,large_disparity,4030,4.235785007476807,2.5839736461639404,-1.6518113613128662
scan34,6,3,occluded_any,882,6.966034412384033,7.429433822631836,0.46339941024780273
scan34,6,3,occluded_majority,515,9.361749649047852,10.710617065429688,1.348867416381836
scan34,6,3,large_disp_and_occluded,562,9.542828559875488,9.835402488708496,0.2925739288330078
scan34,6,3,boundary_and_occluded,421,11.249134063720703,12.676155090332031,1.4270210266113281
scan34,7,3,full,19690,2.377408266067505,2.6786184310913086,0.3012101650238037
scan34,7,3,boundary,1969,10.329568862915039,12.02622127532959,1.6966524124145508
scan34,7,3,large_disparity,3938,9.579272270202637,11.225144386291504,1.6458721160888672
scan34,7,3,occluded_any,706,20.97038459777832,30.485210418701172,9.514825820922852
scan34,7,3,occluded_majority,365,33.23522186279297,44.954856872558594,11.719635009765625
scan34,7,3,large_disp_and_occluded,438,31.84568977355957,47.51273727416992,15.667047500610352
scan34,7,3,boundary_and_occluded,392,34.34189987182617,42.788490295410156,8.446590423583984
scan34,8,3,full,19753,0.7264777421951294,0.854072093963623,0.12759435176849365
scan34,8,3,boundary,1976,2.8209786415100098,2.800785779953003,-0.020192861557006836
scan34,8,3,large_disparity,3951,1.5154166221618652,1.6199328899383545,0.10451626777648926
scan34,8,3,occluded_any,400,8.325130462646484,11.203588485717773,2.878458023071289
scan34,8,3,occluded_majority,211,8.90011978149414,9.226811408996582,0.3266916275024414
scan34,8,3,large_disp_and_occluded,180,10.72123908996582,15.947352409362793,5.226113319396973
scan34,8,3,boundary_and_occluded,325,9.325471878051758,11.368165969848633,2.042694091796875
scan34,9,3,full,20053,0.7783874273300171,0.6579229831695557,-0.12046444416046143
scan34,9,3,boundary,2006,2.835345983505249,2.459507703781128,-0.3758382797241211
scan34,9,3,large_disparity,4011,1.9282907247543335,1.3895580768585205,-0.538732647895813
scan34,9,3,occluded_any,506,13.089158058166504,8.101968765258789,-4.987189292907715
scan34,9,3,occluded_majority,303,15.5440034866333,10.977655410766602,-4.566348075866699
scan34,9,3,large_disp_and_occluded,231,23.60190200805664,12.752883911132812,-10.849018096923828
scan34,9,3,boundary_and_occluded,291,13.293109893798828,10.23314094543457,-3.059968948364258
scan34,10,3,full,20283,0.845590353012085,0.7566778063774109,-0.08891254663467407
scan34,10,3,boundary,2029,3.6755733489990234,3.0881311893463135,-0.58744215965271
scan34,10,3,large_disparity,4057,1.9420061111450195,1.5072978734970093,-0.43470823764801025
scan34,10,3,occluded_any,365,15.250800132751465,11.580244064331055,-3.67055606842041
scan34,10,3,occluded_majority,168,18.71171760559082,15.30713939666748,-3.40457820892334
scan34,10,3,large_disp_and_occluded,181,21.660703659057617,15.56116771697998,-6.099535942077637
scan34,10,3,boundary_and_occluded,270,16.9244384765625,13.959054946899414,-2.965383529663086
scan34,11,3,full,18892,1.8952724933624268,2.1922833919525146,0.2970108985900879
scan34,11,3,boundary,1890,8.502630233764648,8.782193183898926,0.27956295013427734
scan34,11,3,large_disparity,3779,6.181964874267578,7.5932722091674805,1.4113073348999023
scan34,11,3,occluded_any,216,19.650625228881836,19.107675552368164,-0.5429496765136719
scan34,11,3,occluded_majority,112,30.44380760192871,29.414567947387695,-1.0292396545410156
scan34,11,3,large_disp_and_occluded,137,22.7523193359375,22.6579532623291,-0.09436607360839844
scan34,11,3,boundary_and_occluded,177,20.301345825195312,20.57827377319336,0.2769279479980469
scan34,12,3,full,19109,0.9637527465820312,0.8776658177375793,-0.0860869288444519
scan34,12,3,boundary,1911,3.9089016914367676,3.8117597103118896,-0.09714198112487793
scan34,12,3,large_disparity,3822,2.0811502933502197,1.9272282123565674,-0.15392208099365234
scan34,12,3,occluded_any,577,7.677297592163086,8.289298057556152,0.6120004653930664
scan34,12,3,occluded_majority,335,8.657163619995117,10.137603759765625,1.4804401397705078
scan34,12,3,large_disp_and_occluded,315,10.809563636779785,11.926904678344727,1.1173410415649414
scan34,12,3,boundary_and_occluded,329,11.9835205078125,13.12045955657959,1.1369390487670898
scan34,13,3,full,19256,0.8183133602142334,0.8582709431648254,0.03995758295059204
scan34,13,3,boundary,1926,3.1951494216918945,3.1349923610687256,-0.060157060623168945
scan34,13,3,large_disparity,3852,1.7008068561553955,1.8056708574295044,0.10486400127410889
scan34,13,3,occluded_any,547,9.120153427124023,7.548599720001221,-1.5715537071228027
scan34,13,3,occluded_majority,365,11.164115905761719,9.122511863708496,-2.0416040420532227
scan34,13,3,large_disp_and_occluded,342,11.06227970123291,8.721198081970215,-2.3410816192626953
scan34,13,3,boundary_and_occluded,345,10.643339157104492,9.494888305664062,-1.1484508514404297
scan34,14,3,full,19425,0.754880428314209,0.9485361576080322,0.19365572929382324
scan34,14,3,boundary,1943,3.4925999641418457,3.893861770629883,0.4012618064880371
scan34,14,3,large_disparity,3885,1.4987984895706177,2.6222312450408936,1.1234327554702759
scan34,14,3,occluded_any,379,9.277976036071777,10.609625816345215,1.3316497802734375
scan34,14,3,occluded_majority,254,10.258770942687988,12.703047752380371,2.444276809692383
scan34,14,3,large_disp_and_occluded,252,9.147202491760254,11.383956909179688,2.2367544174194336
scan34,14,3,boundary_and_occluded,268,11.964577674865723,14.008105278015137,2.043527603149414
scan34,15,3,full,19228,0.9928725361824036,0.7649411559104919,-0.22793138027191162
scan34,15,3,boundary,1923,4.894737243652344,3.663851261138916,-1.2308859825134277
scan34,15,3,large_disparity,3846,2.7075493335723877,1.812828540802002,-0.8947207927703857
scan34,15,3,occluded_any,628,10.738880157470703,8.212182998657227,-2.5266971588134766
scan34,15,3,occluded_majority,370,14.745075225830078,10.791768074035645,-3.9533071517944336
scan34,15,3,large_disp_and_occluded,341,16.56108283996582,11.059603691101074,-5.501479148864746
scan34,15,3,boundary_and_occluded,395,15.967251777648926,11.934575080871582,-4.032676696777344
scan34,16,3,full,19092,2.7155113220214844,1.1514225006103516,-1.5640888214111328
scan34,16,3,boundary,1910,21.47808265686035,6.7501654624938965,-14.727917194366455
scan34,16,3,large_disparity,3819,11.346259117126465,3.7214853763580322,-7.624773740768433
scan34,16,3,occluded_any,738,40.00905990600586,14.507857322692871,-25.50120258331299
scan34,16,3,occluded_majority,425,63.379520416259766,22.272071838378906,-41.10744857788086
scan34,16,3,large_disp_and_occluded,483,58.904232025146484,20.156768798828125,-38.74746322631836
scan34,16,3,boundary_and_occluded,518,55.37956237792969,19.47475242614746,-35.90480995178223
scan34,17,3,full,19543,5.242346286773682,1.2172513008117676,-4.025094985961914
scan34,17,3,boundary,1955,11.809961318969727,5.642399311065674,-6.167562007904053
scan34,17,3,large_disparity,3909,24.086483001708984,3.5558080673217773,-20.530674934387207
scan34,17,3,occluded_any,907,34.74213790893555,8.093619346618652,-26.648518562316895
scan34,17,3,occluded_majority,536,42.164981842041016,10.560894012451172,-31.604087829589844
scan34,17,3,large_disp_and_occluded,652,46.96582794189453,9.629942893981934,-37.3358850479126
scan34,17,3,boundary_and_occluded,407,40.11497116088867,15.221343994140625,-24.893627166748047
scan34,18,3,full,19537,9.913418769836426,2.4139468669891357,-7.49947190284729
scan34,18,3,boundary,1954,18.38553237915039,10.928260803222656,-7.457271575927734
scan34,18,3,large_disparity,3908,46.61716842651367,8.09642505645752,-38.52074337005615
scan34,18,3,occluded_any,1190,59.85099792480469,17.342214584350586,-42.5087833404541
scan34,18,3,occluded_majority,541,73.99603271484375,28.32512855529785,-45.6709041595459
scan34,18,3,large_disp_and_occluded,870,79.30340576171875,20.637041091918945,-58.666364669799805
scan34,18,3,boundary_and_occluded,450,62.38299560546875,33.7340087890625,-28.64898681640625
scan34,19,3,full,15093,10.74144458770752,3.5142884254455566,-7.227156162261963
scan34,19,3,boundary,1510,21.273527145385742,11.580215454101562,-9.69331169128418
scan34,19,3,large_disparity,3019,49.74080276489258,14.101810455322266,-35.63899230957031
scan34,19,3,occluded_any,353,60.291927337646484,21.985376358032227,-38.30655097961426
scan34,19,3,occluded_majority,132,73.19087982177734,32.71414566040039,-40.47673416137695
scan34,19,3,large_disp_and_occluded,227,89.9705810546875,31.391010284423828,-58.57957077026367
scan34,19,3,boundary_and_occluded,249,62.98396682739258,28.02666473388672,-34.95730209350586
scan34,20,3,full,16915,8.437647819519043,2.6581015586853027,-5.77954626083374
scan34,20,3,boundary,1692,51.164039611816406,18.537288665771484,-32.62675094604492
scan34,20,3,large_disparity,3383,37.718589782714844,8.403671264648438,-29.314918518066406
scan34,20,3,occluded_any,869,56.798377990722656,19.45096778869629,-37.34741020202637
scan34,20,3,occluded_majority,379,63.39024353027344,26.504140853881836,-36.8861026763916
scan34,20,3,large_disp_and_occluded,496,88.877197265625,22.591270446777344,-66.28592681884766
scan34,20,3,boundary_and_occluded,503,66.51644897460938,30.65048599243164,-35.865962982177734
scan34,21,3,full,17195,6.205142974853516,2.0988709926605225,-4.106271982192993
scan34,21,3,boundary,1720,48.671714782714844,13.340193748474121,-35.33152103424072
scan34,21,3,large_disparity,3439,27.563758850097656,7.086907386779785,-20.47685146331787
scan34,21,3,occluded_any,1112,56.750179290771484,16.298439025878906,-40.45174026489258
scan34,21,3,occluded_majority,772,70.36773681640625,20.712501525878906,-49.655235290527344
scan34,21,3,large_disp_and_occluded,758,78.56806182861328,20.045122146606445,-58.522939682006836
scan34,21,3,boundary_and_occluded,689,81.7995376586914,24.467191696166992,-57.332345962524414
scan34,22,3,full,17373,2.8567285537719727,1.5702977180480957,-1.286430835723877
scan34,22,3,boundary,1738,19.614513397216797,9.332077026367188,-10.28243637084961
scan34,22,3,large_disparity,3475,11.851316452026367,5.577801704406738,-6.273514747619629
scan34,22,3,occluded_any,617,46.64984130859375,20.994359970092773,-25.655481338500977
scan34,22,3,occluded_majority,410,64.34226989746094,27.886032104492188,-36.45623779296875
scan34,22,3,large_disp_and_occluded,412,66.7763671875,29.036819458007812,-37.73954772949219
scan34,22,3,boundary_and_occluded,432,55.376766204833984,27.799564361572266,-27.57720184326172
scan34,23,3,full,17847,1.4279624223709106,1.4130855798721313,-0.014876842498779297
scan34,23,3,boundary,1785,9.584994316101074,9.014625549316406,-0.570368766784668
scan34,23,3,large_disparity,3570,5.330676555633545,5.252480506896973,-0.07819604873657227
scan34,23,3,occluded_any,581,25.164539337158203,29.037771224975586,3.873231887817383
scan34,23,3,occluded_majority,332,34.4416618347168,42.78175735473633,8.340095520019531
scan34,23,3,large_disp_and_occluded,376,36.07078552246094,41.680198669433594,5.609413146972656
scan34,23,3,boundary_and_occluded,370,35.334495544433594,37.179290771484375,1.8447952270507812
scan34,24,3,full,18011,1.1554538011550903,1.3068571090698242,0.1514033079147339
scan34,24,3,boundary,1802,6.984974384307861,7.3754048347473145,0.3904304504394531
scan34,24,3,large_disparity,3603,3.982250690460205,4.593479156494141,0.6112284660339355
scan34,24,3,occluded_any,608,16.660531997680664,23.628963470458984,6.96843147277832
scan34,24,3,occluded_majority,346,20.711750030517578,34.32370376586914,13.611953735351562
scan34,24,3,large_disp_and_occluded,424,21.039417266845703,30.55941390991211,9.519996643066406
scan34,24,3,boundary_and_occluded,380,24.068262100219727,27.86684799194336,3.798585891723633
scan34,25,3,full,17848,1.377925992012024,0.9889814853668213,-0.38894450664520264
scan34,25,3,boundary,1785,7.794919490814209,4.9257636070251465,-2.8691558837890625
scan34,25,3,large_disparity,3570,4.1380767822265625,2.5720691680908203,-1.5660076141357422
scan34,25,3,occluded_any,518,21.663122177124023,13.073102951049805,-8.590019226074219
scan34,25,3,occluded_majority,333,26.22706413269043,16.112916946411133,-10.114147186279297
scan34,25,3,large_disp_and_occluded,355,25.326213836669922,14.477276802062988,-10.848937034606934
scan34,25,3,boundary_and_occluded,305,32.23016357421875,19.094579696655273,-13.135583877563477
scan34,26,3,full,17322,1.2755266427993774,1.0772461891174316,-0.1982804536819458
scan34,26,3,boundary,1733,6.680859088897705,5.824033737182617,-0.8568253517150879
scan34,26,3,large_disparity,3465,3.768937110900879,3.010981559753418,-0.7579555511474609
scan34,26,3,occluded_any,587,14.593964576721191,11.654870986938477,-2.939093589782715
scan34,26,3,occluded_majority,301,19.74332046508789,16.899017333984375,-2.8443031311035156
scan34,26,3,large_disp_and_occluded,420,18.450754165649414,14.685246467590332,-3.765507698059082
scan34,26,3,boundary_and_occluded,342,22.955530166625977,19.02692413330078,-3.9286060333251953
scan34,27,3,full,16690,1.4216707944869995,1.2267982959747314,-0.19487249851226807
scan34,27,3,boundary,1669,8.568283081054688,6.831593990325928,-1.7366890907287598
scan34,27,3,large_disparity,3338,4.193354606628418,3.4801037311553955,-0.7132508754730225
scan34,27,3,occluded_any,433,19.03316307067871,14.997425079345703,-4.035737991333008
scan34,27,3,occluded_majority,141,39.337100982666016,32.10125732421875,-7.235843658447266
scan34,27,3,large_disp_and_occluded,313,19.415382385253906,17.080615997314453,-2.334766387939453
scan34,27,3,boundary_and_occluded,311,25.594694137573242,20.244190216064453,-5.350503921508789
scan34,28,3,full,13222,2.524510622024536,2.522284746170044,-0.0022258758544921875
scan34,28,3,boundary,1323,13.75939655303955,11.30880355834961,-2.4505929946899414
scan34,28,3,large_disparity,2645,7.460885047912598,9.438714027404785,1.9778289794921875
scan34,28,3,occluded_any,352,26.112133026123047,23.04538345336914,-3.0667495727539062
scan34,28,3,occluded_majority,162,37.45359420776367,35.187313079833984,-2.2662811279296875
scan34,28,3,large_disp_and_occluded,211,36.38125228881836,32.37321853637695,-4.008033752441406
scan34,28,3,boundary_and_occluded,250,34.81679916381836,30.849191665649414,-3.9676074981689453
scan34,29,3,full,14042,1.8425110578536987,1.667651653289795,-0.1748594045639038
scan34,29,3,boundary,1405,12.057281494140625,9.717606544494629,-2.339674949645996
scan34,29,3,large_disparity,2809,5.779642581939697,5.289214134216309,-0.49042844772338867
scan34,29,3,occluded_any,582,20.266067504882812,17.61960792541504,-2.6464595794677734
scan34,29,3,occluded_majority,245,36.74346160888672,31.6739559173584,-5.06950569152832
scan34,29,3,large_disp_and_occluded,449,20.641183853149414,18.654850006103516,-1.9863338470458984
scan34,29,3,boundary_and_occluded,289,37.852745056152344,31.732799530029297,-6.119945526123047
scan34,30,3,full,14691,1.9693489074707031,1.6916000843048096,-0.27774882316589355
scan34,30,3,boundary,1470,12.760188102722168,10.026671409606934,-2.7335166931152344
scan34,30,3,large_disparity,2939,7.1429524421691895,5.731561183929443,-1.411391258239746
scan34,30,3,occluded_any,530,26.95265769958496,21.23236656188965,-5.7202911376953125
scan34,30,3,occluded_majority,227,42.77609634399414,34.839637756347656,-7.936458587646484
scan34,30,3,large_disp_and_occluded,435,30.54994773864746,24.46796417236328,-6.08198356628418
scan34,30,3,boundary_and_occluded,292,46.15369415283203,35.87303161621094,-10.280662536621094
scan34,31,3,full,15214,1.8636624813079834,1.438877820968628,-0.42478466033935547
scan34,31,3,boundary,1522,12.391029357910156,8.698081016540527,-3.692948341369629
scan34,31,3,large_disparity,3043,7.16965913772583,4.850030422210693,-2.3196287155151367
scan34,31,3,occluded_any,521,29.010963439941406,20.54714584350586,-8.463817596435547
scan34,31,3,occluded_majority,306,37.53981399536133,27.668119430541992,-9.871694564819336
scan34,31,3,large_disp_and_occluded,364,38.756141662597656,26.57027816772461,-12.185863494873047
scan34,31,3,boundary_and_occluded,312,44.28353500366211,31.598419189453125,-12.685115814208984
scan34,32,3,full,15335,1.6050039529800415,1.3938555717468262,-0.21114838123321533
scan34,32,3,boundary,1534,9.242070198059082,7.91510009765625,-1.326970100402832
scan34,32,3,large_disparity,3068,6.144121170043945,5.270869255065918,-0.8732519149780273
scan34,32,3,occluded_any,459,27.92311668395996,25.868568420410156,-2.0545482635498047
scan34,32,3,occluded_majority,269,35.947879791259766,34.33746337890625,-1.6104164123535156
scan34,32,3,large_disp_and_occluded,325,36.858177185058594,34.63982391357422,-2.218353271484375
scan34,32,3,boundary_and_occluded,247,42.52897262573242,39.2394905090332,-3.2894821166992188
scan34,33,3,full,15290,1.8214598894119263,1.5859497785568237,-0.23551011085510254
scan34,33,3,boundary,1529,11.145231246948242,9.556245803833008,-1.5889854431152344
scan34,33,3,large_disparity,3058,7.052350044250488,5.538029193878174,-1.5143208503723145
scan34,33,3,occluded_any,501,29.394704818725586,26.903169631958008,-2.491535186767578
scan34,33,3,occluded_majority,303,37.55782699584961,36.63534927368164,-0.9224777221679688
scan34,33,3,large_disp_and_occluded,321,42.88213348388672,37.49538040161133,-5.386753082275391
scan34,33,3,boundary_and_occluded,278,45.583675384521484,41.18449783325195,-4.399177551269531
scan34,34,3,full,14779,2.190749406814575,1.6591522693634033,-0.5315971374511719
scan34,34,3,boundary,1478,15.682825088500977,11.08310317993164,-4.599721908569336
scan34,34,3,large_disparity,2956,8.503446578979492,6.12097692489624,-2.382469654083252
scan34,34,3,occluded_any,482,34.589378356933594,29.589574813842773,-4.99980354309082
scan34,34,3,occluded_majority,298,46.15302658081055,40.44023513793945,-5.712791442871094
scan34,34,3,large_disp_and_occluded,322,47.44498062133789,40.902889251708984,-6.542091369628906
scan34,34,3,boundary_and_occluded,298,52.88615417480469,44.908451080322266,-7.977703094482422
scan34,35,3,full,14315,4.3237385749816895,2.847551107406616,-1.4761874675750732
scan34,35,3,boundary,1432,21.3143253326416,17.09493064880371,-4.219394683837891
scan34,35,3,large_disparity,2863,19.405704498291016,12.070052146911621,-7.3356523513793945
scan34,35,3,occluded_any,707,62.546661376953125,38.91743469238281,-23.629226684570312
scan34,35,3,occluded_majority,455,89.25221252441406,54.71049880981445,-34.54171371459961
scan34,35,3,large_disp_and_occluded,483,88.68343353271484,54.90949630737305,-33.7739372253418
scan34,35,3,boundary_and_occluded,355,70.31327819824219,56.22554397583008,-14.08773422241211
scan34,36,3,full,13781,5.234912395477295,2.1907103061676025,-3.0442020893096924
scan34,36,3,boundary,1379,19.336151123046875,12.586604118347168,-6.749547004699707
scan34,36,3,large_disparity,2757,23.33165168762207,8.143144607543945,-15.188507080078125
scan34,36,3,occluded_any,866,47.59122848510742,18.92941665649414,-28.66181182861328
scan34,36,3,occluded_majority,400,70.32145690917969,29.228769302368164,-41.09268760681152
scan34,36,3,large_disp_and_occluded,618,63.968788146972656,24.047637939453125,-39.92115020751953
scan34,36,3,boundary_and_occluded,395,53.43736267089844,31.951265335083008,-21.48609733581543
scan34,37,3,full,13277,8.493471145629883,3.0046324729919434,-5.4888386726379395
scan34,37,3,boundary,1328,40.83262252807617,18.702316284179688,-22.130306243896484
scan34,37,3,large_disparity,2656,39.35136413574219,11.58061695098877,-27.770747184753418
scan34,37,3,occluded_any,1015,56.263031005859375,21.697200775146484,-34.56583023071289
scan34,37,3,occluded_majority,489,75.41129302978516,31.747146606445312,-43.664146423339844
scan34,37,3,large_disp_and_occluded,690,79.42498016357422,29.26095962524414,-50.16402053833008
scan34,37,3,boundary_and_occluded,504,66.82259368896484,33.316280364990234,-33.50631332397461
scan34,38,3,full,8659,7.552065372467041,4.302716255187988,-3.2493491172790527
scan34,38,3,boundary,866,28.747713088989258,25.219715118408203,-3.5279979705810547
scan34,38,3,large_disparity,1732,32.54910659790039,14.401846885681152,-18.14725971221924
scan34,38,3,occluded_any,104,90.73478698730469,55.922401428222656,-34.81238555908203
scan34,38,3,occluded_majority,65,129.8743438720703,75.60334014892578,-54.27100372314453
scan34,38,3,large_disp_and_occluded,78,115.08255767822266,69.99935150146484,-45.08320617675781
scan34,38,3,boundary_and_occluded,86,107.06363677978516,65.42911529541016,-41.634521484375
scan34,39,3,full,9952,6.548119068145752,5.008363246917725,-1.5397558212280273
scan34,39,3,boundary,996,36.6363639831543,42.11656951904297,5.480205535888672
scan34,39,3,large_disparity,1991,28.445497512817383,19.879871368408203,-8.56562614440918
scan34,39,3,occluded_any,560,50.347232818603516,34.218360900878906,-16.12887191772461
scan34,39,3,occluded_majority,165,85.29113006591797,64.83125305175781,-20.459877014160156
scan34,39,3,large_disp_and_occluded,449,59.01860046386719,39.67154312133789,-19.347057342529297
scan34,39,3,boundary_and_occluded,263,77.62394714355469,66.97595977783203,-10.647987365722656
scan34,40,3,full,10644,4.1226654052734375,4.743685245513916,0.6210198402404785
scan34,40,3,boundary,1065,29.90814208984375,39.90712356567383,9.998981475830078
scan34,40,3,large_disparity,2129,18.009981155395508,20.347932815551758,2.33795166015625
scan34,40,3,occluded_any,515,53.71384811401367,48.23360061645508,-5.480247497558594
scan34,40,3,occluded_majority,329,67.86878204345703,61.87253189086914,-5.996250152587891
scan34,40,3,large_disp_and_occluded,403,65.64102935791016,59.779876708984375,-5.861152648925781
scan34,40,3,boundary_and_occluded,293,73.27335357666016,73.39037322998047,0.1170196533203125
scan34,41,3,full,11361,2.833712339401245,2.6118710041046143,-0.22184133529663086
scan34,41,3,boundary,1137,23.709062576293945,21.7010555267334,-2.008007049560547
scan34,41,3,large_disparity,2273,12.111722946166992,11.062589645385742,-1.04913330078125
scan34,41,3,occluded_any,315,50.87062072753906,45.114952087402344,-5.755668640136719
scan34,41,3,occluded_majority,147,74.74614715576172,75.2311782836914,0.4850311279296875
scan34,41,3,large_disp_and_occluded,208,74.39906311035156,66.21610260009766,-8.182960510253906
scan34,41,3,boundary_and_occluded,220,70.821044921875,62.89510726928711,-7.925937652587891
scan34,42,3,full,12032,2.703791618347168,2.3883843421936035,-0.31540727615356445
scan34,42,3,boundary,1204,22.089649200439453,19.223468780517578,-2.866180419921875
scan34,42,3,large_disparity,2407,11.461098670959473,9.899011611938477,-1.562087059020996
scan34,42,3,occluded_any,293,47.206398010253906,35.323543548583984,-11.882854461669922
scan34,42,3,occluded_majority,135,62.87238311767578,47.69510269165039,-15.17728042602539
scan34,42,3,large_disp_and_occluded,199,65.13226318359375,47.981536865234375,-17.150726318359375
scan34,42,3,boundary_and_occluded,224,58.80422592163086,43.220542907714844,-15.583683013916016
scan34,43,3,full,12592,3.3783745765686035,3.378984212875366,0.0006096363067626953
scan34,43,3,boundary,1260,28.619823455810547,29.62035369873047,1.0005302429199219
scan34,43,3,large_disparity,2519,13.907325744628906,14.49740219116211,0.5900764465332031
scan34,43,3,occluded_any,345,59.53439712524414,51.99733352661133,-7.5370635986328125
scan34,43,3,occluded_majority,232,72.84487915039062,60.97623062133789,-11.868648529052734
scan34,43,3,large_disp_and_occluded,201,94.85609436035156,83.7949447631836,-11.061149597167969
scan34,43,3,boundary_and_occluded,247,78.78523254394531,69.45631408691406,-9.32891845703125
scan34,44,3,full,12641,3.0492637157440186,3.3977291584014893,0.3484654426574707
scan34,44,3,boundary,1265,24.5231876373291,29.11785125732422,4.594663619995117
scan34,44,3,large_disparity,2529,12.011361122131348,14.458998680114746,2.4476375579833984
scan34,44,3,occluded_any,332,56.412044525146484,50.847068786621094,-5.564975738525391
scan34,44,3,occluded_majority,173,71.01025390625,59.27300262451172,-11.737251281738281
scan34,44,3,large_disp_and_occluded,184,90.24874877929688,84.5785903930664,-5.670158386230469
scan34,44,3,boundary_and_occluded,206,82.17684173583984,76.81175231933594,-5.365089416503906
scan34,45,3,full,12602,3.0389158725738525,3.242841958999634,0.20392608642578125
scan34,45,3,boundary,1261,25.546249389648438,27.90979766845703,2.3635482788085938
scan34,45,3,large_disparity,2521,12.852688789367676,13.912190437316895,1.0595016479492188
scan34,45,3,occluded_any,361,45.7217903137207,45.663761138916016,-0.0580291748046875
scan34,45,3,occluded_majority,190,60.454200744628906,61.390316009521484,0.9361152648925781
scan34,45,3,large_disp_and_occluded,239,65.51654815673828,65.80219268798828,0.28564453125
scan34,45,3,boundary_and_occluded,272,58.455711364746094,58.82328796386719,0.36757659912109375
scan34,46,3,full,12137,2.9551644325256348,3.2743842601776123,0.31921982765197754
scan34,46,3,boundary,1214,25.1223201751709,28.7188720703125,3.5965518951416016
scan34,46,3,large_disparity,2428,12.055006980895996,13.750521659851074,1.6955146789550781
scan34,46,3,occluded_any,363,44.40169906616211,45.2874870300293,0.8857879638671875
scan34,46,3,occluded_majority,156,64.91730499267578,68.85301208496094,3.9357070922851562
scan34,46,3,large_disp_and_occluded,304,51.55518341064453,52.64330291748047,1.0881195068359375
scan34,46,3,boundary_and_occluded,265,59.30960464477539,60.72472381591797,1.4151191711425781
scan34,47,3,full,11533,2.8127405643463135,3.2677667140960693,0.45502614974975586
scan34,47,3,boundary,1154,22.62924575805664,27.551380157470703,4.9221343994140625
scan34,47,3,large_disparity,2307,10.426630020141602,12.708740234375,2.2821102142333984
scan34,47,3,occluded_any,391,33.12321090698242,36.55757522583008,3.4343643188476562
scan34,47,3,occluded_majority,143,61.268890380859375,70.50261688232422,9.233726501464844
scan34,47,3,large_disp_and_occluded,342,36.57225036621094,40.62263107299805,4.050380706787109
scan34,47,3,boundary_and_occluded,262,47.99269104003906,53.22111892700195,5.228427886962891
scan34,48,3,full,10684,3.9576830863952637,5.141963005065918,1.1842799186706543
scan34,48,3,boundary,1069,23.840761184692383,24.92198371887207,1.0812225341796875
scan34,48,3,large_disparity,2137,13.475496292114258,22.909870147705078,9.43437385559082
scan34,48,3,occluded_any,208,47.531166076660156,49.80800247192383,2.276836395263672
scan34,48,3,occluded_majority,135,57.292327880859375,62.80112838745117,5.508800506591797
scan34,48,3,large_disp_and_occluded,179,53.54574966430664,56.61050796508789,3.06475830078125
scan34,48,3,boundary_and_occluded,180,53.73909378051758,55.13833999633789,1.3992462158203125
scan48,0,3,full,19598,12.772851943969727,8.54305648803711,-4.229795455932617
scan48,0,3,boundary,1960,33.36362075805664,29.215234756469727,-4.148386001586914
scan48,0,3,large_disparity,3920,4.328676700592041,7.338560104370117,3.009883403778076
scan48,0,3,occluded_any,1630,14.31586742401123,17.924373626708984,3.608506202697754
scan48,0,3,occluded_majority,1044,15.4617338180542,21.345792770385742,5.884058952331543
scan48,0,3,large_disp_and_occluded,1132,10.640914916992188,18.152267456054688,7.5113525390625
scan48,0,3,boundary_and_occluded,406,35.554256439208984,35.591773986816406,0.037517547607421875
scan48,1,3,full,18887,11.267488479614258,9.409516334533691,-1.8579721450805664
scan48,1,3,boundary,1889,22.21980094909668,23.178207397460938,0.9584064483642578
scan48,1,3,large_disparity,3778,30.069223403930664,29.3214168548584,-0.7478065490722656
scan48,1,3,occluded_any,1341,18.074813842773438,19.160127639770508,1.0853137969970703
scan48,1,3,occluded_majority,1038,12.983121871948242,16.745878219604492,3.76275634765625
scan48,1,3,large_disp_and_occluded,987,14.14217758178711,15.14428424835205,1.0021066665649414
scan48,1,3,boundary_and_occluded,765,24.328577041625977,24.684799194335938,0.35622215270996094
scan48,2,3,full,19497,15.09721565246582,10.826393127441406,-4.270822525024414
scan48,2,3,boundary,1950,19.142675399780273,16.710779190063477,-2.431896209716797
scan48,2,3,large_disparity,3900,64.62477111816406,42.948883056640625,-21.675888061523438
scan48,2,3,occluded_any,951,88.57649993896484,40.862789154052734,-47.71371078491211
scan48,2,3,occluded_majority,712,108.31383514404297,45.639183044433594,-62.674652099609375
scan48,2,3,large_disp_and_occluded,599,134.14239501953125,56.44447708129883,-77.69791793823242
scan48,2,3,boundary_and_occluded,556,48.339630126953125,33.411556243896484,-14.92807388305664
scan48,3,3,full,19743,6.816563129425049,7.16041374206543,0.34385061264038086
scan48,3,3,boundary,1975,19.766626358032227,19.847959518432617,0.08133316040039062
scan48,3,3,large_disparity,3949,22.606338500976562,18.58421516418457,-4.022123336791992
scan48,3,3,occluded_any,1977,33.588157653808594,23.345258712768555,-10.242898941040039
scan48,3,3,occluded_majority,1031,33.283775329589844,26.039785385131836,-7.243989944458008
scan48,3,3,large_disp_and_occluded,1475,41.3441162109375,24.010875701904297,-17.333240509033203
scan48,3,3,boundary_and_occluded,614,32.93476486206055,32.12895202636719,-0.8058128356933594
scan48,4,3,full,17266,4.358578681945801,4.244920253753662,-0.11365842819213867
scan48,4,3,boundary,1727,21.246965408325195,16.503360748291016,-4.74360466003418
scan48,4,3,large_disparity,3454,3.439340591430664,2.065256118774414,-1.37408447265625
scan48,4,3,occluded_any,824,26.434371948242188,19.868595123291016,-6.565776824951172
scan48,4,3,occluded_majority,329,34.63316345214844,31.287967681884766,-3.345195770263672
scan48,4,3,large_disp_and_occluded,307,28.226009368896484,6.707817077636719,-21.518192291259766
scan48,4,3,boundary_and_occluded,365,21.882314682006836,21.299501419067383,-0.5828132629394531
scan48,5,3,full,17166,6.1603007316589355,5.030734539031982,-1.1295661926269531
scan48,5,3,boundary,1717,11.414294242858887,13.785761833190918,2.3714675903320312
scan48,5,3,large_disparity,3434,2.2409963607788086,1.495601773262024,-0.7453945875167847
scan48,5,3,occluded_any,326,17.092405319213867,46.47612380981445,29.383718490600586
scan48,5,3,occluded_majority,182,22.41124725341797,42.396602630615234,19.985355377197266
scan48,5,3,large_disp_and_occluded,110,6.840912342071533,8.15510082244873,1.3141884803771973
scan48,5,3,boundary_and_occluded,239,14.818802833557129,22.94568634033203,8.126883506774902
scan48,6,3,full,19668,12.99356460571289,10.087757110595703,-2.9058074951171875
scan48,6,3,boundary,1967,20.137863159179688,15.530255317687988,-4.607607841491699
scan48,6,3,large_disparity,3934,45.068538665771484,21.271364212036133,-23.79717445373535
scan48,6,3,occluded_any,2283,61.64813232421875,35.97102355957031,-25.677108764648438
scan48,6,3,occluded_majority,1717,67.69315338134766,46.532798767089844,-21.160354614257812
scan48,6,3,large_disp_and_occluded,1625,83.571044921875,47.76094055175781,-35.81010437011719
scan48,6,3,boundary_and_occluded,577,54.073760986328125,38.10308074951172,-15.970680236816406
scan48,7,3,full,19070,21.251577377319336,19.353534698486328,-1.8980426788330078
scan48,7,3,boundary,1907,32.10050582885742,23.741792678833008,-8.358713150024414
scan48,7,3,large_disparity,3814,69.1351089477539,53.99444580078125,-15.140663146972656
scan48,7,3,occluded_any,2167,87.65113067626953,63.84741973876953,-23.8037109375
scan48,7,3,occluded_majority,1566,95.64559173583984,78.12385559082031,-17.52173614501953
scan48,7,3,large_disp_and_occluded,1853,97.86498260498047,70.00157165527344,-27.86341094970703
scan48,7,3,boundary_and_occluded,722,74.38135528564453,54.73924255371094,-19.642112731933594
scan48,8,3,full,18862,20.47661018371582,21.410015106201172,0.9334049224853516
scan48,8,3,boundary,1887,33.8712272644043,33.05290222167969,-0.8183250427246094
scan48,8,3,large_disparity,3773,89.35603332519531,90.90202331542969,1.545989990234375
scan48,8,3,occluded_any,1298,78.5401840209961,73.58609771728516,-4.9540863037109375
scan48,8,3,occluded_majority,940,74.53412628173828,76.29635620117188,1.7622299194335938
scan48,8,3,large_disp_and_occluded,1077,88.0392837524414,82.68859100341797,-5.3506927490234375
scan48,8,3,boundary_and_occluded,668,76.32544708251953,70.2962875366211,-6.0291595458984375
scan48,9,3,full,19228,14.923036575317383,13.53509521484375,-1.3879413604736328
scan48,9,3,boundary,1923,19.262226104736328,21.424516677856445,2.162290573120117
scan48,9,3,large_disparity,3846,38.69510269165039,43.23164367675781,4.536540985107422
scan48,9,3,occluded_any,1857,16.047576904296875,22.444711685180664,6.397134780883789
scan48,9,3,occluded_majority,1473,13.877384185791016,22.855419158935547,8.978034973144531
scan48,9,3,large_disp_and_occluded,1566,12.10673713684082,22.325366973876953,10.218629837036133
scan48,9,3,boundary_and_occluded,698,26.912616729736328,33.423587799072266,6.5109710693359375
scan48,10,3,full,19603,13.570754051208496,10.359323501586914,-3.211430549621582
scan48,10,3,boundary,1961,23.894874572753906,22.01103401184082,-1.883840560913086
scan48,10,3,large_disparity,3921,10.080684661865234,14.76228141784668,4.681596755981445
scan48,10,3,occluded_any,1543,22.676389694213867,29.9544620513916,7.278072357177734
scan48,10,3,occluded_majority,1138,22.957176208496094,33.51249694824219,10.555320739746094
scan48,10,3,large_disp_and_occluded,1289,16.812284469604492,28.493330001831055,11.681045532226562
scan48,10,3,boundary_and_occluded,555,40.04735565185547,40.519737243652344,0.472381591796875
scan48,11,3,full,18559,15.263768196105957,11.729036331176758,-3.534731864929199
scan48,11,3,boundary,1856,30.29172134399414,23.443824768066406,-6.847896575927734
scan48,11,3,large_disparity,3712,24.03514862060547,8.033868789672852,-16.001279830932617
scan48,11,3,occluded_any,1607,43.08132553100586,11.789874076843262,-31.291451454162598
scan48,11,3,occluded_majority,998,38.57221603393555,13.719006538391113,-24.853209495544434
scan48,11,3,large_disp_and_occluded,1409,45.476585388183594,9.773079872131348,-35.703505516052246
scan48,11,3,boundary_and_occluded,334,67.33688354492188,38.47780990600586,-28.859073638916016
scan48,12,3,full,18842,21.565649032592773,13.530633926391602,-8.035015106201172
scan48,12,3,boundary,1885,34.167137145996094,26.171146392822266,-7.995990753173828
scan48,12,3,large_disparity,3769,42.91366958618164,11.981935501098633,-30.931734085083008
scan48,12,3,occluded_any,2238,30.999406814575195,13.736910820007324,-17.26249599456787
scan48,12,3,occluded_majority,1091,27.925552368164062,15.480329513549805,-12.445222854614258
scan48,12,3,large_disp_and_occluded,1560,36.277706146240234,11.613069534301758,-24.664636611938477
scan48,12,3,boundary_and_occluded,678,41.33613204956055,33.360557556152344,-7.975574493408203
scan48,13,3,full,18503,24.59476661682129,18.571102142333984,-6.023664474487305
scan48,13,3,boundary,1851,40.81269454956055,31.801387786865234,-9.011306762695312
scan48,13,3,large_disparity,3701,64.85614776611328,34.510196685791016,-30.345951080322266
scan48,13,3,occluded_any,1994,64.22004699707031,39.4741096496582,-24.74593734741211
scan48,13,3,occluded_majority,1653,63.322967529296875,39.46755599975586,-23.855411529541016
scan48,13,3,large_disp_and_occluded,1694,70.45282745361328,41.73181915283203,-28.72100830078125
scan48,13,3,boundary_and_occluded,800,65.4996109008789,48.064208984375,-17.435401916503906
scan48,14,3,full,18209,25.887496948242188,24.102752685546875,-1.7847442626953125
scan48,14,3,boundary,1821,56.27351379394531,43.38491439819336,-12.888599395751953
scan48,14,3,large_disparity,3642,77.21829223632812,62.94127655029297,-14.277015686035156
scan48,14,3,occluded_any,1696,103.33647155761719,78.79651641845703,-24.539955139160156
scan48,14,3,occluded_majority,1118,111.22746276855469,81.59587860107422,-29.63158416748047
scan48,14,3,large_disp_and_occluded,1465,112.1521224975586,84.33026885986328,-27.821853637695312
scan48,14,3,boundary_and_occluded,788,98.50149536132812,69.88922882080078,-28.612266540527344
scan48,15,3,full,17279,23.625471115112305,21.7586612701416,-1.8668098449707031
scan48,15,3,boundary,1728,57.877471923828125,38.189727783203125,-19.687744140625
scan48,15,3,large_disparity,3456,98.63678741455078,84.64794158935547,-13.988845825195312
scan48,15,3,occluded_any,1624,113.1686782836914,36.55010986328125,-76.61856842041016
scan48,15,3,occluded_majority,1150,136.5164337158203,40.6300048828125,-95.88642883300781
scan48,15,3,large_disp_and_occluded,1357,129.3296356201172,35.137306213378906,-94.19232940673828
scan48,15,3,boundary_and_occluded,799,106.15975189208984,53.8339729309082,-52.32577896118164
scan48,16,3,full,17312,23.2457275390625,19.8505802154541,-3.3951473236083984
scan48,16,3,boundary,1732,44.04703140258789,35.57394027709961,-8.473091125488281
scan48,16,3,large_disparity,3463,79.1386947631836,59.12235641479492,-20.016338348388672
scan48,16,3,occluded_any,2091,64.78466796875,27.80328941345215,-36.98137855529785
scan48,16,3,occluded_majority,1189,92.72755432128906,35.68821716308594,-57.039337158203125
scan48,16,3,large_disp_and_occluded,1803,70.64602661132812,24.851184844970703,-45.79484176635742
scan48,16,3,boundary_and_occluded,780,79.1983413696289,57.884464263916016,-21.31387710571289
scan48,17,3,full,18021,16.6750431060791,16.151630401611328,-0.5234127044677734
scan48,17,3,boundary,1803,33.7794189453125,29.009140014648438,-4.7702789306640625
scan48,17,3,large_disparity,3605,39.16680908203125,21.509140014648438,-17.657669067382812
scan48,17,3,occluded_any,2410,47.24873733520508,34.5247917175293,-12.723945617675781
scan48,17,3,occluded_majority,1165,65.38430786132812,36.64191436767578,-28.742393493652344
scan48,17,3,large_disp_and_occluded,1857,53.22301483154297,36.6812744140625,-16.54174041748047
scan48,17,3,boundary_and_occluded,605,79.68988037109375,66.61801147460938,-13.071868896484375
scan48,18,3,full,17577,12.5450439453125,16.274267196655273,3.7292232513427734
scan48,18,3,boundary,1758,25.877330780029297,23.586124420166016,-2.2912063598632812
scan48,18,3,large_disparity,3516,45.51425552368164,12.895021438598633,-32.61923408508301
scan48,18,3,occluded_any,1800,51.13749313354492,31.105932235717773,-20.03156089782715
scan48,18,3,occluded_majority,448,75.8265380859375,42.71146774291992,-33.11507034301758
scan48,18,3,large_disp_and_occluded,1136,72.66075134277344,32.62881088256836,-40.03194046020508
scan48,18,3,boundary_and_occluded,523,59.92932891845703,55.669857025146484,-4.259471893310547
scan48,19,3,full,13451,10.356419563293457,4.563615322113037,-5.79280424118042
scan48,19,3,boundary,1346,49.06632614135742,24.680517196655273,-24.38580894470215
scan48,19,3,large_disparity,2691,42.92750549316406,13.449746131896973,-29.47775936126709
scan48,19,3,occluded_any,277,51.710872650146484,34.470069885253906,-17.240802764892578
scan48,19,3,occluded_majority,143,71.77459716796875,44.48808670043945,-27.286510467529297
scan48,19,3,large_disp_and_occluded,124,104.6433334350586,64.90782165527344,-39.735511779785156
scan48,19,3,boundary_and_occluded,238,58.4204216003418,38.564231872558594,-19.856189727783203
scan48,20,3,full,14796,9.340868949890137,4.18568754196167,-5.155181407928467
scan48,20,3,boundary,1480,50.73307800292969,25.841100692749023,-24.891977310180664
scan48,20,3,large_disparity,2960,35.35478591918945,8.841313362121582,-26.51347255706787
scan48,20,3,occluded_any,872,45.02474594116211,30.571866989135742,-14.452878952026367
scan48,20,3,occluded_majority,483,49.495826721191406,42.088016510009766,-7.407810211181641
scan48,20,3,large_disp_and_occluded,375,78.8524398803711,42.09591293334961,-36.756526947021484
scan48,20,3,boundary_and_occluded,464,69.35831451416016,53.988338470458984,-15.369976043701172
scan48,21,3,full,14943,14.7645902633667,6.6868109703063965,-8.077779293060303
scan48,21,3,boundary,1495,55.04113006591797,38.19148635864258,-16.84964370727539
scan48,21,3,large_disparity,2989,35.83832550048828,15.57005500793457,-20.26827049255371
scan48,21,3,occluded_any,1827,58.59041976928711,33.229557037353516,-25.360862731933594
scan48,21,3,occluded_majority,1097,76.28687286376953,49.23612976074219,-27.050743103027344
scan48,21,3,large_disp_and_occluded,1331,67.39208221435547,33.30222702026367,-34.0898551940918
scan48,21,3,boundary_and_occluded,778,93.1062240600586,61.98122024536133,-31.125003814697266
scan48,22,3,full,14861,14.690482139587402,12.238880157470703,-2.451601982116699
scan48,22,3,boundary,1487,69.90603637695312,49.73938751220703,-20.166648864746094
scan48,22,3,large_disparity,2973,56.65760040283203,43.6002197265625,-13.057380676269531
scan48,22,3,occluded_any,1556,92.51709747314453,52.481815338134766,-40.035282135009766
scan48,22,3,occluded_majority,1151,101.09312438964844,53.29648208618164,-47.7966423034668
scan48,22,3,large_disp_and_occluded,1253,106.72513580322266,55.168495178222656,-51.556640625
scan48,22,3,boundary_and_occluded,916,102.52706909179688,67.479736328125,-35.047332763671875
scan48,23,3,full,14954,22.038532257080078,19.46359634399414,-2.5749359130859375
scan48,23,3,boundary,1496,87.06007385253906,68.8521728515625,-18.207901000976562
scan48,23,3,large_disparity,2991,82.83467102050781,80.65693664550781,-2.177734375
scan48,23,3,occluded_any,1403,109.62337493896484,79.7523193359375,-29.871055603027344
scan48,23,3,occluded_majority,859,109.60616302490234,86.72168731689453,-22.884475708007812
scan48,23,3,large_disp_and_occluded,1106,124.00443267822266,88.99661254882812,-35.00782012939453
scan48,23,3,boundary_and_occluded,925,115.35798645019531,89.78055572509766,-25.577430725097656
scan48,24,3,full,15773,27.25078773498535,25.864059448242188,-1.386728286743164
scan48,24,3,boundary,1578,106.6359634399414,82.16708374023438,-24.46887969970703
scan48,24,3,large_disparity,3155,107.31808471679688,97.52845001220703,-9.789634704589844
scan48,24,3,occluded_any,1543,126.26559448242188,97.4017333984375,-28.863861083984375
scan48,24,3,occluded_majority,771,116.99562072753906,115.97210693359375,-1.0235137939453125
scan48,24,3,large_disp_and_occluded,1225,148.8672332763672,113.01321411132812,-35.85401916503906
scan48,24,3,boundary_and_occluded,1064,136.97735595703125,102.51750183105469,-34.45985412597656
scan48,25,3,full,15866,28.104469299316406,26.220584869384766,-1.8838844299316406
scan48,25,3,boundary,1587,95.1568832397461,64.01795196533203,-31.138931274414062
scan48,25,3,large_disparity,3174,80.14927673339844,64.87239074707031,-15.276885986328125
scan48,25,3,occluded_any,1733,118.36129760742188,72.01753997802734,-46.34375762939453
scan48,25,3,occluded_majority,871,109.26419830322266,74.32693481445312,-34.93726348876953
scan48,25,3,large_disp_and_occluded,1453,134.03672790527344,78.92242431640625,-55.11430358886719
scan48,25,3,boundary_and_occluded,1057,127.14204406738281,81.62590026855469,-45.516143798828125
scan48,26,3,full,15437,26.101795196533203,22.05657196044922,-4.045223236083984
scan48,26,3,boundary,1544,76.62191009521484,49.22908401489258,-27.392826080322266
scan48,26,3,large_disparity,3088,62.602291107177734,34.80061340332031,-27.801677703857422
scan48,26,3,occluded_any,1958,93.14553833007812,44.90534210205078,-48.240196228027344
scan48,26,3,occluded_majority,932,104.09780883789062,49.419864654541016,-54.67794418334961
scan48,26,3,large_disp_and_occluded,1463,115.64561462402344,49.81296920776367,-65.83264541625977
scan48,26,3,boundary_and_occluded,1024,106.43270874023438,62.925750732421875,-43.5069580078125
scan48,27,3,full,15348,21.249042510986328,15.980448722839355,-5.268593788146973
scan48,27,3,boundary,1535,59.252708435058594,37.86624526977539,-21.386463165283203
scan48,27,3,large_disparity,3070,39.0078010559082,15.800357818603516,-23.207443237304688
scan48,27,3,occluded_any,1609,76.87662506103516,32.5416145324707,-44.33501052856445
scan48,27,3,occluded_majority,735,98.53852081298828,44.06977081298828,-54.46875
scan48,27,3,large_disp_and_occluded,1155,94.26861572265625,32.95008087158203,-61.31853485107422
scan48,27,3,boundary_and_occluded,811,91.6090316772461,49.207340240478516,-42.40169143676758
scan48,28,3,full,11727,14.33292293548584,10.334327697753906,-3.9985952377319336
scan48,28,3,boundary,1173,32.61405944824219,22.364999771118164,-10.249059677124023
scan48,28,3,large_disparity,2346,11.902830123901367,4.431888103485107,-7.47094202041626
scan48,28,3,occluded_any,1058,21.781396865844727,20.26552963256836,-1.5158672332763672
scan48,28,3,occluded_majority,712,22.27831268310547,19.95475959777832,-2.3235530853271484
scan48,28,3,large_disp_and_occluded,92,88.43104553222656,35.65294647216797,-52.778099060058594
scan48,28,3,boundary_and_occluded,479,37.0402946472168,31.019025802612305,-6.021268844604492
scan48,29,3,full,12031,14.581530570983887,14.109321594238281,-0.47220897674560547
scan48,29,3,boundary,1204,30.833202362060547,28.645854949951172,-2.187347412109375
scan48,29,3,large_disparity,2407,11.528131484985352,6.667344093322754,-4.860787391662598
scan48,29,3,occluded_any,1659,19.46377182006836,19.117034912109375,-0.3467369079589844
scan48,29,3,occluded_majority,214,72.50475311279297,69.87523651123047,-2.6295166015625
scan48,29,3,large_disp_and_occluded,414,34.0816764831543,21.790998458862305,-12.290678024291992
scan48,29,3,boundary_and_occluded,747,38.25523376464844,36.736934661865234,-1.5182991027832031
scan48,30,3,full,12241,16.960294723510742,16.943933486938477,-0.016361236572265625
scan48,30,3,boundary,1225,29.437419891357422,23.892446517944336,-5.544973373413086
scan48,30,3,large_disparity,2449,28.265995025634766,30.076465606689453,1.8104705810546875
scan48,30,3,occluded_any,1383,30.801416397094727,27.665382385253906,-3.1360340118408203
scan48,30,3,occluded_majority,281,89.92113494873047,82.90786743164062,-7.013267517089844
scan48,30,3,large_disp_and_occluded,583,48.11080551147461,40.80417251586914,-7.306632995605469
scan48,30,3,boundary_and_occluded,751,39.21090316772461,32.28718185424805,-6.9237213134765625
scan48,31,3,full,12790,19.880544662475586,20.456384658813477,0.5758399963378906
scan48,31,3,boundary,1279,60.27790832519531,56.66395950317383,-3.6139488220214844
scan48,31,3,large_disparity,2558,61.78480529785156,63.725860595703125,1.9410552978515625
scan48,31,3,occluded_any,1323,60.79169464111328,60.55739974975586,-0.23429489135742188
scan48,31,3,occluded_majority,511,118.94884490966797,117.10800170898438,-1.8408432006835938
scan48,31,3,large_disp_and_occluded,776,82.37730407714844,79.049560546875,-3.3277435302734375
scan48,31,3,boundary_and_occluded,898,78.11686706542969,74.51754760742188,-3.5993194580078125
scan48,32,3,full,12997,7.1267313957214355,6.097512245178223,-1.029219150543213
scan48,32,3,boundary,1300,52.72865295410156,38.37055206298828,-14.358100891113281
scan48,32,3,large_disparity,2600,28.323938369750977,24.212575912475586,-4.111362457275391
scan48,32,3,occluded_any,1289,49.11009979248047,36.85551071166992,-12.254589080810547
scan48,32,3,occluded_majority,493,101.87005615234375,76.83206939697266,-25.037986755371094
scan48,32,3,large_disp_and_occluded,750,73.23501586914062,56.28145217895508,-16.953563690185547
scan48,32,3,boundary_and_occluded,912,65.61746978759766,48.61341857910156,-17.004051208496094
scan48,33,3,full,12571,8.703027725219727,6.979399681091309,-1.723628044128418
scan48,33,3,boundary,1258,69.50248718261719,46.3271484375,-23.175338745117188
scan48,33,3,large_disparity,2515,36.191165924072266,25.749807357788086,-10.44135856628418
scan48,33,3,occluded_any,1296,63.182254791259766,39.478599548339844,-23.703655242919922
scan48,33,3,occluded_majority,540,129.4437713623047,68.49662780761719,-60.9471435546875
scan48,33,3,large_disp_and_occluded,662,111.83338928222656,62.427818298339844,-49.40557098388672
scan48,33,3,boundary_and_occluded,876,90.20809936523438,55.88788604736328,-34.320213317871094
scan48,34,3,full,12038,8.741559028625488,6.735348701477051,-2.0062103271484375
scan48,34,3,boundary,1204,58.922847747802734,45.13288879394531,-13.789958953857422
scan48,34,3,large_disparity,2408,35.9995231628418,22.2520809173584,-13.747442245483398
scan48,34,3,occluded_any,1392,57.01386260986328,34.350711822509766,-22.663150787353516
scan48,34,3,occluded_majority,652,107.16679382324219,52.812686920166016,-54.35410690307617
scan48,34,3,large_disp_and_occluded,732,99.33589172363281,52.818912506103516,-46.5169792175293
scan48,34,3,boundary_and_occluded,828,78.12158203125,51.53591537475586,-26.58566665649414
scan48,35,3,full,12045,9.220654487609863,7.367135524749756,-1.8535189628601074
scan48,35,3,boundary,1205,62.06568145751953,47.734458923339844,-14.331222534179688
scan48,35,3,large_disparity,2409,36.29515075683594,27.430316925048828,-8.86483383178711
scan48,35,3,occluded_any,1492,56.08216094970703,44.36709213256836,-11.715068817138672
scan48,35,3,occluded_majority,537,134.4663543701172,104.39397430419922,-30.07238006591797
scan48,35,3,large_disp_and_occluded,870,86.29449462890625,66.94874572753906,-19.345748901367188
scan48,35,3,boundary_and_occluded,800,84.24972534179688,64.95841979980469,-19.291305541992188
scan48,36,3,full,12041,7.261496067047119,3.6220555305480957,-3.6394405364990234
scan48,36,3,boundary,1205,39.310935974121094,20.33098030090332,-18.979955673217773
scan48,36,3,large_disparity,2409,24.186809539794922,8.398786544799805,-15.788022994995117
scan48,36,3,occluded_any,1613,26.00162696838379,12.792061805725098,-13.209565162658691
scan48,36,3,occluded_majority,200,52.937957763671875,48.20417785644531,-4.7337799072265625
scan48,36,3,large_disp_and_occluded,696,47.16067123413086,17.399770736694336,-29.760900497436523
scan48,36,3,boundary_and_occluded,697,42.74140548706055,25.47210693359375,-17.269298553466797
scan48,37,3,full,11964,9.88627815246582,4.290184497833252,-5.596093654632568
scan48,37,3,boundary,1197,53.37775421142578,26.18635368347168,-27.1914005279541
scan48,37,3,large_disparity,2393,38.594635009765625,11.335477828979492,-27.259157180786133
scan48,37,3,occluded_any,1793,28.928367614746094,14.143394470214844,-14.78497314453125
scan48,37,3,occluded_majority,562,28.654699325561523,22.625579833984375,-6.029119491577148
scan48,37,3,large_disp_and_occluded,656,63.93570327758789,24.937307357788086,-38.998395919799805
scan48,37,3,boundary_and_occluded,648,54.14344787597656,33.15544509887695,-20.98800277709961
scan48,38,3,full,8222,10.805728912353516,9.178946495056152,-1.6267824172973633
scan48,38,3,boundary,823,40.6855583190918,35.76765823364258,-4.917900085449219
scan48,38,3,large_disparity,1645,37.15928649902344,16.145235061645508,-21.01405143737793
scan48,38,3,occluded_any,245,70.5621337890625,59.610633850097656,-10.951499938964844
scan48,38,3,occluded_majority,152,98.31517791748047,77.24797058105469,-21.06720733642578
scan48,38,3,large_disp_and_occluded,105,137.2760772705078,105.93135070800781,-31.3447265625
scan48,38,3,boundary_and_occluded,183,71.93869018554688,58.75415802001953,-13.184532165527344
scan48,39,3,full,9191,8.189031600952148,3.8952550888061523,-4.293776512145996
scan48,39,3,boundary,920,49.79071807861328,24.302156448364258,-25.488561630249023
scan48,39,3,large_disparity,1839,31.735870361328125,11.03255844116211,-20.703311920166016
scan48,39,3,occluded_any,1166,30.33637237548828,14.633505821228027,-15.702866554260254
scan48,39,3,occluded_majority,207,69.94697570800781,48.02479553222656,-21.92218017578125
scan48,39,3,large_disp_and_occluded,527,58.60984802246094,24.052438735961914,-34.55740928649902
scan48,39,3,boundary_and_occluded,420,63.18434524536133,35.65558624267578,-27.528759002685547
scan48,40,3,full,9452,6.953278064727783,4.5390801429748535,-2.4141979217529297
scan48,40,3,boundary,946,42.24016571044922,25.390323638916016,-16.849842071533203
scan48,40,3,large_disparity,1891,24.344295501708984,12.892277717590332,-11.452017784118652
scan48,40,3,occluded_any,940,29.96784019470215,19.266704559326172,-10.701135635375977
scan48,40,3,occluded_majority,270,61.65633773803711,45.17744445800781,-16.478893280029297
scan48,40,3,large_disp_and_occluded,799,30.667049407958984,19.770660400390625,-10.89638900756836
scan48,40,3,boundary_and_occluded,421,56.36902618408203,38.340171813964844,-18.028854370117188
scan48,41,3,full,9501,7.2892022132873535,6.6380157470703125,-0.651186466217041
scan48,41,3,boundary,951,49.516815185546875,47.31486511230469,-2.2019500732421875
scan48,41,3,large_disparity,1901,28.3486328125,26.63067054748535,-1.7179622650146484
scan48,41,3,occluded_any,740,51.577056884765625,49.97422790527344,-1.6028289794921875
scan48,41,3,occluded_majority,385,78.9788589477539,77.69115447998047,-1.2877044677734375
scan48,41,3,large_disp_and_occluded,594,58.90650177001953,59.04473114013672,0.1382293701171875
scan48,41,3,boundary_and_occluded,436,81.6683120727539,80.71083068847656,-0.9574813842773438
scan48,42,3,full,9764,7.684422492980957,7.611826419830322,-0.07259607315063477
scan48,42,3,boundary,977,56.877262115478516,54.538658142089844,-2.338603973388672
scan48,42,3,large_disparity,1953,32.70473861694336,31.154373168945312,-1.5503654479980469
scan48,42,3,occluded_any,614,73.23155975341797,70.57706451416016,-2.6544952392578125
scan48,42,3,occluded_majority,271,132.9522247314453,133.91651916503906,0.96429443359375
scan48,42,3,large_disp_and_occluded,579,77.52037811279297,74.57376098632812,-2.9466171264648438
scan48,42,3,boundary_and_occluded,439,98.36944580078125,94.07846069335938,-4.290985107421875
scan48,43,3,full,10419,8.180127143859863,6.711711406707764,-1.4684157371520996
scan48,43,3,boundary,1042,57.11782455444336,47.00616455078125,-10.11166000366211
scan48,43,3,large_disparity,2084,32.888248443603516,25.374786376953125,-7.513462066650391
scan48,43,3,occluded_any,657,70.42540740966797,58.87554168701172,-11.54986572265625
scan48,43,3,occluded_majority,339,102.28138732910156,90.56217956542969,-11.719207763671875
scan48,43,3,large_disp_and_occluded,533,83.97425842285156,70.68183135986328,-13.292427062988281
scan48,43,3,boundary_and_occluded,494,90.95707702636719,76.74015045166016,-14.216926574707031
scan48,44,3,full,10678,7.283003807067871,7.3723673820495605,0.08936357498168945
scan48,44,3,boundary,1068,49.81259536743164,47.722957611083984,-2.0896377563476562
scan48,44,3,large_disparity,2136,28.316207885742188,28.434125900268555,0.11791801452636719
scan48,44,3,occluded_any,441,83.37947082519531,84.05590057373047,0.6764297485351562
scan48,44,3,occluded_majority,224,134.53123474121094,141.13262939453125,6.6013946533203125
scan48,44,3,large_disp_and_occluded,396,91.55734252929688,92.73863983154297,1.1812973022460938
scan48,44,3,boundary_and_occluded,380,95.91515350341797,96.53785705566406,0.6227035522460938
scan48,45,3,full,10742,6.902355194091797,6.070210933685303,-0.8321442604064941
scan48,45,3,boundary,1075,45.290000915527344,42.34854507446289,-2.941455841064453
scan48,45,3,large_disparity,2149,25.894161224365234,24.446456909179688,-1.4477043151855469
scan48,45,3,occluded_any,539,71.10565185546875,71.0938491821289,-0.01180267333984375
scan48,45,3,occluded_majority,276,122.86566162109375,122.8458023071289,-0.01985931396484375
scan48,45,3,large_disp_and_occluded,436,83.58952331542969,84.75759887695312,1.1680755615234375
scan48,45,3,boundary_and_occluded,435,85.4786605834961,86.52852630615234,1.04986572265625
scan48,46,3,full,10202,5.085453987121582,3.179941177368164,-1.905512809753418
scan48,46,3,boundary,1021,26.419069290161133,17.428592681884766,-8.990476608276367
scan48,46,3,large_disparity,2041,14.47093677520752,9.997157096862793,-4.473779678344727
scan48,46,3,occluded_any,651,21.94658660888672,16.357746124267578,-5.588840484619141
scan48,46,3,occluded_majority,253,40.2711181640625,33.18269729614258,-7.088420867919922
scan48,46,3,large_disp_and_occluded,573,21.762310028076172,16.641733169555664,-5.120576858520508
scan48,46,3,boundary_and_occluded,359,36.524200439453125,27.463382720947266,-9.06081771850586
scan48,47,3,full,9763,4.422022819519043,3.9431638717651367,-0.47885894775390625
scan48,47,3,boundary,977,22.20857048034668,19.980178833007812,-2.228391647338867
scan48,47,3,large_disparity,1953,12.1232328414917,11.369597434997559,-0.7536354064941406
scan48,47,3,occluded_any,900,15.608633041381836,13.441515922546387,-2.167117118835449
scan48,47,3,occluded_majority,224,35.78422164916992,29.264219284057617,-6.520002365112305
scan48,47,3,large_disp_and_occluded,473,23.16375732421875,20.07990264892578,-3.0838546752929688
scan48,47,3,boundary_and_occluded,338,33.22243118286133,29.37502098083496,-3.847410202026367
scan48,48,3,full,9241,5.585507392883301,5.199507713317871,-0.3859996795654297
scan48,48,3,boundary,925,27.64996337890625,21.009742736816406,-6.640220642089844
scan48,48,3,large_disparity,1849,16.044567108154297,11.049428939819336,-4.995138168334961
scan48,48,3,occluded_any,385,31.472671508789062,27.200511932373047,-4.272159576416016
scan48,48,3,occluded_majority,139,44.59360885620117,40.21577072143555,-4.377838134765625
scan48,48,3,large_disp_and_occluded,220,46.76255416870117,34.769203186035156,-11.993350982666016
scan48,48,3,boundary_and_occluded,330,34.72663497924805,29.68438148498535,-5.042253494262695
scan49,0,3,full,16906,12.723793029785156,13.908535957336426,1.1847429275512695
scan49,0,3,boundary,1691,50.65887451171875,54.56230926513672,3.9034347534179688
scan49,0,3,large_disparity,3382,41.21268081665039,38.279258728027344,-2.933422088623047
scan49,0,3,occluded_any,2023,78.17565155029297,75.48188018798828,-2.6937713623046875
scan49,0,3,occluded_majority,1258,112.76726531982422,109.65223693847656,-3.1150283813476562
scan49,0,3,large_disp_and_occluded,464,281.08929443359375,261.4849853515625,-19.60430908203125
scan49,0,3,boundary_and_occluded,760,86.78456115722656,85.12491607666016,-1.6596450805664062
scan49,1,3,full,17452,7.888254165649414,8.412796020507812,0.5245418548583984
scan49,1,3,boundary,1746,38.39400863647461,41.04788589477539,2.6538772583007812
scan49,1,3,large_disparity,3491,19.559322357177734,24.60055923461914,5.041236877441406
scan49,1,3,occluded_any,3304,27.416990280151367,32.23402404785156,4.817033767700195
scan49,1,3,occluded_majority,1556,38.98324203491211,43.78545379638672,4.802211761474609
scan49,1,3,large_disp_and_occluded,1119,46.34920120239258,64.75172424316406,18.402523040771484
scan49,1,3,boundary_and_occluded,997,50.896934509277344,55.649776458740234,4.752841949462891
scan49,2,3,full,17998,7.160434722900391,8.273408889770508,1.1129741668701172
scan49,2,3,boundary,1800,38.46841049194336,42.44565200805664,3.9772415161132812
scan49,2,3,large_disparity,3600,15.550314903259277,14.4132719039917,-1.1370429992675781
scan49,2,3,occluded_any,2450,30.83251190185547,38.18716049194336,7.354648590087891
scan49,2,3,occluded_majority,1437,40.59071731567383,46.10002517700195,5.509307861328125
scan49,2,3,large_disp_and_occluded,868,44.76255416870117,49.1402587890625,4.377704620361328
scan49,2,3,boundary_and_occluded,791,55.0798225402832,62.679786682128906,7.599964141845703
scan49,3,3,full,17486,8.939723014831543,7.938991546630859,-1.0007314682006836
scan49,3,3,boundary,1749,39.34807205200195,35.456764221191406,-3.891307830810547
scan49,3,3,large_disparity,3498,8.958807945251465,6.31455659866333,-2.6442513465881348
scan49,3,3,occluded_any,3405,30.24903678894043,24.30714225769043,-5.94189453125
scan49,3,3,occluded_majority,1277,62.97279357910156,50.673580169677734,-12.299213409423828
scan49,3,3,large_disp_and_occluded,631,44.68806838989258,29.17792320251465,-15.51014518737793
scan49,3,3,boundary_and_occluded,1017,53.20918655395508,44.014373779296875,-9.194812774658203
scan49,4,3,full,15758,27.023849487304688,26.19780731201172,-0.8260421752929688
scan49,4,3,boundary,1576,79.56082153320312,78.772216796875,-0.788604736328125
scan49,4,3,large_disparity,3152,2.7854394912719727,9.720731735229492,6.9352922439575195
scan49,4,3,occluded_any,2673,95.72283172607422,96.00653839111328,0.2837066650390625
scan49,4,3,occluded_majority,2183,100.46043395996094,105.3148193359375,4.8543853759765625
scan49,4,3,large_disp_and_occluded,442,12.720083236694336,61.92707061767578,49.206987380981445
scan49,4,3,boundary_and_occluded,880,92.63792419433594,93.0320816040039,0.39415740966796875
scan49,5,3,full,16575,24.265493392944336,20.180959701538086,-4.08453369140625
scan49,5,3,boundary,1658,77.93079376220703,72.03587341308594,-5.894920349121094
scan49,5,3,large_disparity,3315,27.965839385986328,13.861045837402344,-14.104793548583984
scan49,5,3,occluded_any,2732,116.77873229980469,89.87090301513672,-26.90782928466797
scan49,5,3,occluded_majority,2127,132.0142822265625,101.16661834716797,-30.84766387939453
scan49,5,3,large_disp_and_occluded,579,132.43328857421875,69.33715057373047,-63.09613800048828
scan49,5,3,boundary_and_occluded,969,108.13059997558594,96.06745147705078,-12.063148498535156
scan49,6,3,full,18319,10.331995964050293,11.839086532592773,1.5070905685424805
scan49,6,3,boundary,1832,49.299163818359375,54.03909683227539,4.739933013916016
scan49,6,3,large_disparity,3664,25.700477600097656,31.369558334350586,5.66908073425293
scan49,6,3,occluded_any,3615,40.02473449707031,46.71363067626953,6.688896179199219
scan49,6,3,occluded_majority,1994,63.69514083862305,74.74011993408203,11.044979095458984
scan49,6,3,large_disp_and_occluded,1088,77.91534423828125,101.09207153320312,23.176727294921875
scan49,6,3,boundary_and_occluded,1112,72.94789123535156,78.9642562866211,6.016365051269531
scan49,7,3,full,18168,6.220063209533691,5.597300052642822,-0.6227631568908691
scan49,7,3,boundary,1817,31.75989532470703,31.299936294555664,-0.4599590301513672
scan49,7,3,large_disparity,3634,9.135944366455078,6.832190990447998,-2.30375337600708
scan49,7,3,occluded_any,2833,24.365821838378906,21.868438720703125,-2.4973831176757812
scan49,7,3,occluded_majority,828,53.252288818359375,49.5643310546875,-3.687957763671875
scan49,7,3,large_disp_and_occluded,852,29.929288864135742,26.282386779785156,-3.646902084350586
scan49,7,3,boundary_and_occluded,938,47.78102493286133,46.04512405395508,-1.73590087890625
scan49,8,3,full,18113,6.254884243011475,5.630733489990234,-0.6241507530212402
scan49,8,3,boundary,1812,38.8282356262207,37.4498291015625,-1.3784065246582031
scan49,8,3,large_disparity,3623,13.620224952697754,11.835782051086426,-1.7844429016113281
scan49,8,3,occluded_any,2821,27.693742752075195,24.975053787231445,-2.71868896484375
scan49,8,3,occluded_majority,1300,49.582855224609375,43.082427978515625,-6.50042724609375
scan49,8,3,large_disp_and_occluded,990,42.57454299926758,39.0908317565918,-3.4837112426757812
scan49,8,3,boundary_and_occluded,1013,56.58246994018555,53.76468276977539,-2.8177871704101562
scan49,9,3,full,18232,8.628632545471191,9.782906532287598,1.1542739868164062
scan49,9,3,boundary,1824,48.3606071472168,50.73964309692383,2.3790359497070312
scan49,9,3,large_disparity,3647,23.72384262084961,32.33292007446289,8.609077453613281
scan49,9,3,occluded_any,3166,37.357940673828125,44.73702621459961,7.379085540771484
scan49,9,3,occluded_majority,1630,56.148338317871094,68.61351776123047,12.465179443359375
scan49,9,3,large_disp_and_occluded,1226,64.93685150146484,91.54143524169922,26.604583740234375
scan49,9,3,boundary_and_occluded,1087,65.50093078613281,71.35924530029297,5.858314514160156
scan49,10,3,full,17921,7.451826095581055,7.832018852233887,0.38019275665283203
scan49,10,3,boundary,1793,38.095035552978516,40.777320861816406,2.6822853088378906
scan49,10,3,large_disparity,3585,20.495744705200195,20.572052001953125,0.07630729675292969
scan49,10,3,occluded_any,2829,28.71181297302246,28.442691802978516,-0.2691211700439453
scan49,10,3,occluded_majority,1583,40.766685485839844,39.023101806640625,-1.7435836791992188
scan49,10,3,large_disp_and_occluded,735,63.81505584716797,75.66007995605469,11.845024108886719
scan49,10,3,boundary_and_occluded,1016,50.68215560913086,53.989925384521484,3.307769775390625
scan49,11,3,full,17361,10.703932762145996,7.5205559730529785,-3.1833767890930176
scan49,11,3,boundary,1737,47.5898323059082,38.423213958740234,-9.166618347167969
scan49,11,3,large_disparity,3473,27.602556228637695,16.078750610351562,-11.523805618286133
scan49,11,3,occluded_any,1826,41.930877685546875,27.47495460510254,-14.455923080444336
scan49,11,3,occluded_majority,1092,41.43435287475586,30.24858283996582,-11.185770034790039
scan49,11,3,large_disp_and_occluded,198,170.27537536621094,120.69511413574219,-49.58026123046875
scan49,11,3,boundary_and_occluded,830,58.51262283325195,45.24631118774414,-13.266311645507812
scan49,12,3,full,17688,9.21245002746582,7.812750816345215,-1.3996992111206055
scan49,12,3,boundary,1769,43.52123260498047,39.96258544921875,-3.5586471557617188
scan49,12,3,large_disparity,3538,24.88313865661621,21.530996322631836,-3.352142333984375
scan49,12,3,occluded_any,3282,39.33110427856445,31.415796279907227,-7.915307998657227
scan49,12,3,occluded_majority,1928,56.47901916503906,45.292118072509766,-11.186901092529297
scan49,12,3,large_disp_and_occluded,1287,64.3349609375,55.271053314208984,-9.063907623291016
scan49,12,3,boundary_and_occluded,1100,62.30970764160156,56.83417892456055,-5.475528717041016
scan49,13,3,full,18084,11.687705993652344,9.704808235168457,-1.9828977584838867
scan49,13,3,boundary,1809,55.9392204284668,47.828643798828125,-8.110576629638672
scan49,13,3,large_disparity,3617,40.43162155151367,33.60866165161133,-6.822959899902344
scan49,13,3,occluded_any,3092,54.1657600402832,45.41135787963867,-8.754402160644531
scan49,13,3,occluded_majority,1397,79.93742370605469,70.81013488769531,-9.127288818359375
scan49,13,3,large_disp_and_occluded,1188,107.12450408935547,90.95115661621094,-16.17334747314453
scan49,13,3,boundary_and_occluded,1163,75.04655456542969,63.4566535949707,-11.589900970458984
scan49,14,3,full,18300,9.326348304748535,10.336631774902344,1.0102834701538086
scan49,14,3,boundary,1830,51.1221923828125,50.21419143676758,-0.9080009460449219
scan49,14,3,large_disparity,3660,24.074735641479492,31.976646423339844,7.901910781860352
scan49,14,3,occluded_any,2746,43.41771697998047,52.411991119384766,8.994274139404297
scan49,14,3,occluded_majority,1412,60.571895599365234,78.19254302978516,17.620647430419922
scan49,14,3,large_disp_and_occluded,1236,61.095855712890625,84.20280456542969,23.106948852539062
scan49,14,3,boundary_and_occluded,1098,68.92726135253906,70.09330749511719,1.166046142578125
scan49,15,3,full,18328,9.013764381408691,7.302783012390137,-1.7109813690185547
scan49,15,3,boundary,1833,40.58106994628906,37.01312255859375,-3.5679473876953125
scan49,15,3,large_disparity,3666,20.362977981567383,13.725922584533691,-6.637055397033691
scan49,15,3,occluded_any,3655,33.86886215209961,26.909461975097656,-6.959400177001953
scan49,15,3,occluded_majority,1862,53.25703811645508,43.22352600097656,-10.033512115478516
scan49,15,3,large_disp_and_occluded,1709,39.86826705932617,27.656465530395508,-12.211801528930664
scan49,15,3,boundary_and_occluded,1161,53.839942932128906,50.33599853515625,-3.5039443969726562
scan49,16,3,full,18256,10.7235746383667,6.79721736907959,-3.9263572692871094
scan49,16,3,boundary,1826,37.56976318359375,34.71393966674805,-2.855823516845703
scan49,16,3,large_disparity,3652,26.19499397277832,9.429204940795898,-16.765789031982422
scan49,16,3,occluded_any,3592,33.02586364746094,23.220491409301758,-9.80537223815918
scan49,16,3,occluded_majority,1825,52.46738052368164,37.020606994628906,-15.446773529052734
scan49,16,3,large_disp_and_occluded,1247,47.5102424621582,24.13970184326172,-23.370540618896484
scan49,16,3,boundary_and_occluded,1180,48.158660888671875,45.84874725341797,-2.3099136352539062
scan49,17,3,full,18320,18.00177764892578,13.019264221191406,-4.982513427734375
scan49,17,3,boundary,1832,62.67246627807617,60.777915954589844,-1.8945503234863281
scan49,17,3,large_disparity,3664,66.75719451904297,39.49812316894531,-27.259071350097656
scan49,17,3,occluded_any,3831,55.50871276855469,50.15202331542969,-5.356689453125
scan49,17,3,occluded_majority,1872,88.61363983154297,92.4681625366211,3.854522705078125
scan49,17,3,large_disp_and_occluded,1261,134.72886657714844,109.57891845703125,-25.149948120117188
scan49,17,3,boundary_and_occluded,1172,86.11650085449219,88.06119537353516,1.9446945190429688
scan49,18,3,full,18434,31.279598236083984,23.842086791992188,-7.437511444091797
scan49,18,3,boundary,1844,71.34686279296875,68.93819427490234,-2.4086685180664062
scan49,18,3,large_disparity,3687,122.76280212402344,81.1805419921875,-41.58226013183594
scan49,18,3,occluded_any,3423,112.76433563232422,107.0361328125,-5.728202819824219
scan49,18,3,occluded_majority,1720,187.0327606201172,191.74444580078125,4.7116851806640625
scan49,18,3,large_disp_and_occluded,1516,211.47604370117188,191.0170440673828,-20.458999633789062
scan49,18,3,boundary_and_occluded,1131,104.50603485107422,101.83702087402344,-2.6690139770507812
scan49,19,3,full,14200,41.406620025634766,29.241426467895508,-12.165193557739258
scan49,19,3,boundary,1420,79.76959991455078,71.68144989013672,-8.088150024414062
scan49,19,3,large_disparity,2840,152.43890380859375,98.22909545898438,-54.209808349609375
scan49,19,3,occluded_any,1701,208.2110595703125,177.9004669189453,-30.310592651367188
scan49,19,3,occluded_majority,1345,253.07644653320312,219.94444274902344,-33.13200378417969
scan49,19,3,large_disp_and_occluded,673,403.8850402832031,360.52685546875,-43.358184814453125
scan49,19,3,boundary_and_occluded,710,129.1617889404297,115.56983947753906,-13.591949462890625
scan49,20,3,full,15980,20.456619262695312,11.268208503723145,-9.188410758972168
scan49,20,3,boundary,1598,54.32875442504883,46.54694366455078,-7.781810760498047
scan49,20,3,large_disparity,3196,69.08055114746094,23.20368194580078,-45.876869201660156
scan49,20,3,occluded_any,2308,53.511043548583984,41.734493255615234,-11.77655029296875
scan49,20,3,occluded_majority,1336,74.30707550048828,57.92902755737305,-16.378047943115234
scan49,20,3,large_disp_and_occluded,504,161.1764373779297,108.6724853515625,-52.50395202636719
scan49,20,3,boundary_and_occluded,1048,70.60263061523438,61.89518737792969,-8.707443237304688
scan49,21,3,full,16650,15.551178932189941,8.647435188293457,-6.903743743896484
scan49,21,3,boundary,1665,41.8048095703125,37.322940826416016,-4.481868743896484
scan49,21,3,large_disparity,3330,45.59410095214844,12.466264724731445,-33.12783622741699
scan49,21,3,occluded_any,3218,37.292144775390625,24.12547492980957,-13.166669845581055
scan49,21,3,occluded_majority,1821,49.68301773071289,35.55767059326172,-14.125347137451172
scan49,21,3,large_disp_and_occluded,978,74.11827087402344,35.85593032836914,-38.2623405456543
scan49,21,3,boundary_and_occluded,1121,50.72286605834961,46.40272903442383,-4.320137023925781
scan49,22,3,full,17119,13.627318382263184,9.0757417678833,-4.551576614379883
scan49,22,3,boundary,1712,39.19723892211914,39.81287384033203,0.6156349182128906
scan49,22,3,large_disparity,3424,37.43956756591797,12.76069164276123,-24.67887592315674
scan49,22,3,occluded_any,2530,46.260658264160156,39.0029182434082,-7.257740020751953
scan49,22,3,occluded_majority,1215,67.89221954345703,62.69010925292969,-5.202110290527344
scan49,22,3,large_disp_and_occluded,744,76.06637573242188,46.2338981628418,-29.832477569580078
scan49,22,3,boundary_and_occluded,1034,53.540225982666016,55.36339569091797,1.8231697082519531
scan49,23,3,full,17686,12.795302391052246,10.816298484802246,-1.97900390625
scan49,23,3,boundary,1769,43.58490753173828,41.44768524169922,-2.1372222900390625
scan49,23,3,large_disparity,3538,32.22751235961914,20.1771240234375,-12.05038833618164
scan49,23,3,occluded_any,3440,46.65582275390625,42.45759582519531,-4.1982269287109375
scan49,23,3,occluded_majority,1542,73.18819427490234,68.91729736328125,-4.270896911621094
scan49,23,3,large_disp_and_occluded,1450,57.12937927246094,46.072731018066406,-11.056648254394531
scan49,23,3,boundary_and_occluded,1164,58.207359313964844,54.2426643371582,-3.9646949768066406
scan49,24,3,full,18010,11.887422561645508,15.475154876708984,3.5877323150634766
scan49,24,3,boundary,1801,45.67927169799805,44.97950744628906,-0.6997642517089844
scan49,24,3,large_disparity,3602,31.98995590209961,53.05031204223633,21.06035614013672
scan49,24,3,occluded_any,3781,44.44679641723633,59.965641021728516,15.518844604492188
scan49,24,3,occluded_majority,1513,79.6202621459961,90.22520446777344,10.604942321777344
scan49,24,3,large_disp_and_occluded,1535,66.30705261230469,109.156005859375,42.84895324707031
scan49,24,3,boundary_and_occluded,1229,57.512821197509766,57.5845947265625,0.07177352905273438
scan49,25,3,full,17814,10.94469928741455,14.653264999389648,3.7085657119750977
scan49,25,3,boundary,1782,52.23798751831055,52.037193298339844,-0.20079421997070312
scan49,25,3,large_disparity,3563,28.39061164855957,50.25250244140625,21.86189079284668
scan49,25,3,occluded_any,3441,42.5589599609375,59.47035598754883,16.911396026611328
scan49,25,3,occluded_majority,1424,77.34822845458984,103.7391586303711,26.39093017578125
scan49,25,3,large_disp_and_occluded,1430,56.05828094482422,102.87602996826172,46.8177490234375
scan49,25,3,boundary_and_occluded,1142,68.06427001953125,69.18439483642578,1.1201248168945312
scan49,26,3,full,17456,11.7387113571167,11.094050407409668,-0.6446609497070312
scan49,26,3,boundary,1746,44.059207916259766,43.23372268676758,-0.8254852294921875
scan49,26,3,large_disparity,3492,34.9306526184082,33.86064147949219,-1.0700111389160156
scan49,26,3,occluded_any,3099,48.48796081542969,46.69618225097656,-1.791778564453125
scan49,26,3,occluded_majority,1650,58.65355682373047,58.86189270019531,0.20833587646484375
scan49,26,3,large_disp_and_occluded,1195,83.77850341796875,84.49747467041016,0.7189712524414062
scan49,26,3,boundary_and_occluded,1077,62.5391845703125,62.207332611083984,-0.3318519592285156
scan49,27,3,full,17172,12.998108863830566,9.948217391967773,-3.049891471862793
scan49,27,3,boundary,1718,45.34682083129883,37.42363357543945,-7.923187255859375
scan49,27,3,large_disparity,3435,34.70407485961914,23.147409439086914,-11.556665420532227
scan49,27,3,occluded_any,2978,59.446231842041016,40.788848876953125,-18.65738296508789
scan49,27,3,occluded_majority,1437,85.91849517822266,57.168128967285156,-28.7503662109375
scan49,27,3,large_disp_and_occluded,967,114.51095581054688,70.47286987304688,-44.0380859375
scan49,27,3,boundary_and_occluded,1015,68.1726303100586,54.6408805847168,-13.531749725341797
scan49,28,3,full,15055,11.536775588989258,9.860271453857422,-1.676504135131836
scan49,28,3,boundary,1506,43.61180877685547,33.468849182128906,-10.142959594726562
scan49,28,3,large_disparity,3011,19.758363723754883,10.175966262817383,-9.5823974609375
scan49,28,3,occluded_any,1539,47.81184387207031,46.49041748046875,-1.3214263916015625
scan49,28,3,occluded_majority,1195,55.87105178833008,55.675655364990234,-0.19539642333984375
scan49,28,3,large_disp_and_occluded,145,116.09913635253906,86.24398040771484,-29.85515594482422
scan49,28,3,boundary_and_occluded,652,53.23272705078125,47.575927734375,-5.65679931640625
scan49,29,3,full,15631,8.493109703063965,8.121521949768066,-0.37158775329589844
scan49,29,3,boundary,1564,38.90380096435547,29.69552230834961,-9.20827865600586
scan49,29,3,large_disparity,3127,24.119338989257812,20.30134391784668,-3.817995071411133
scan49,29,3,occluded_any,2467,34.35654830932617,33.17509841918945,-1.1814498901367188
scan49,29,3,occluded_majority,992,52.81235885620117,48.94768142700195,-3.8646774291992188
scan49,29,3,large_disp_and_occluded,995,56.52637481689453,50.29587173461914,-6.230503082275391
scan49,29,3,boundary_and_occluded,916,52.94096374511719,42.3258056640625,-10.615158081054688
scan49,30,3,full,15857,7.5855512619018555,8.925905227661133,1.3403539657592773
scan49,30,3,boundary,1586,31.63456153869629,35.14164352416992,3.507081985473633
scan49,30,3,large_disparity,3172,19.911230087280273,25.383285522460938,5.472055435180664
scan49,30,3,occluded_any,2648,33.93135070800781,41.52836990356445,7.597019195556641
scan49,30,3,occluded_majority,1151,49.5443000793457,57.59330368041992,8.049003601074219
scan49,30,3,large_disp_and_occluded,1128,47.06149673461914,62.52619934082031,15.464702606201172
scan49,30,3,boundary_and_occluded,935,47.90826416015625,55.311729431152344,7.403465270996094
scan49,31,3,full,16007,8.379646301269531,10.460498809814453,2.080852508544922
scan49,31,3,boundary,1601,40.05277633666992,54.78959274291992,14.73681640625
scan49,31,3,large_disparity,3202,16.79551887512207,27.392505645751953,10.596986770629883
scan49,31,3,occluded_any,2887,36.59085464477539,45.954898834228516,9.364044189453125
scan49,31,3,occluded_majority,1228,55.65234375,60.61309051513672,4.960746765136719
scan49,31,3,large_disp_and_occluded,1081,42.496437072753906,69.6120376586914,27.1156005859375
scan49,31,3,boundary_and_occluded,1061,54.72439956665039,74.54351806640625,19.81911849975586
scan49,32,3,full,16013,9.441110610961914,8.874924659729004,-0.5661859512329102
scan49,32,3,boundary,1602,40.93634796142578,42.65032958984375,1.7139816284179688
scan49,32,3,large_disparity,3203,15.567805290222168,14.552090644836426,-1.0157146453857422
scan49,32,3,occluded_any,3152,34.88441467285156,34.60676574707031,-0.27764892578125
scan49,32,3,occluded_majority,1342,48.03776550292969,49.460994720458984,1.4232292175292969
scan49,32,3,large_disp_and_occluded,783,43.75617599487305,47.46481704711914,3.7086410522460938
scan49,32,3,boundary_and_occluded,1098,52.96159744262695,56.43155288696289,3.4699554443359375
scan49,33,3,full,15788,12.1513090133667,8.048523902893066,-4.102785110473633
scan49,33,3,boundary,1579,44.12045669555664,36.84666061401367,-7.273796081542969
scan49,33,3,large_disparity,3158,24.117534637451172,6.984673500061035,-17.132861137390137
scan49,33,3,occluded_any,3081,44.47010803222656,31.90037727355957,-12.569730758666992
scan49,33,3,occluded_majority,1580,53.777442932128906,44.928916931152344,-8.848526000976562
scan49,33,3,large_disp_and_occluded,931,51.03598403930664,18.91079330444336,-32.12519073486328
scan49,33,3,boundary_and_occluded,1135,54.83849334716797,45.427738189697266,-9.410755157470703
scan49,34,3,full,15302,14.101597785949707,9.389296531677246,-4.712301254272461
scan49,34,3,boundary,1531,42.3691520690918,37.95303726196289,-4.416114807128906
scan49,34,3,large_disparity,3061,36.34922409057617,11.9951171875,-24.354106903076172
scan49,34,3,occluded_any,2993,46.3874626159668,35.07469940185547,-11.312763214111328
scan49,34,3,occluded_majority,1533,57.581844329833984,50.10955810546875,-7.472286224365234
scan49,34,3,large_disp_and_occluded,941,73.63823699951172,34.16096496582031,-39.477272033691406
scan49,34,3,boundary_and_occluded,1094,53.42741775512695,48.450313568115234,-4.977104187011719
scan49,35,3,full,14899,16.14287567138672,10.265437126159668,-5.877438545227051
scan49,35,3,boundary,1490,44.855751037597656,40.001800537109375,-4.853950500488281
scan49,35,3,large_disparity,2980,40.98184585571289,11.413885116577148,-29.567960739135742
scan49,35,3,occluded_any,3037,43.02239227294922,29.9907283782959,-13.03166389465332
scan49,35,3,occluded_majority,1167,55.83147048950195,46.86436080932617,-8.967109680175781
scan49,35,3,large_disp_and_occluded,907,71.4465560913086,29.17302894592285,-42.27352714538574
scan49,35,3,boundary_and_occluded,1036,53.51869583129883,47.618770599365234,-5.899925231933594
scan49,36,3,full,14247,19.70090103149414,12.486668586730957,-7.214232444763184
scan49,36,3,boundary,1425,53.91502380371094,46.07912826538086,-7.835895538330078
scan49,36,3,large_disparity,2850,48.542640686035156,13.650992393493652,-34.891648292541504
scan49,36,3,occluded_any,3071,47.38960266113281,33.96242904663086,-13.427173614501953
scan49,36,3,occluded_majority,1080,58.752132415771484,51.58066940307617,-7.1714630126953125
scan49,36,3,large_disp_and_occluded,862,79.73760986328125,34.544498443603516,-45.193111419677734
scan49,36,3,boundary_and_occluded,1056,62.53858947753906,53.655452728271484,-8.883136749267578
scan49,37,3,full,13613,23.770708084106445,15.15456771850586,-8.616140365600586
scan49,37,3,boundary,1362,55.2279052734375,46.82711410522461,-8.40079116821289
scan49,37,3,large_disparity,2723,59.21818161010742,16.692068099975586,-42.526113510131836
scan49,37,3,occluded_any,2662,50.595462799072266,36.66336441040039,-13.932098388671875
scan49,37,3,occluded_majority,1206,73.61531066894531,65.02147674560547,-8.593833923339844
scan49,37,3,large_disp_and_occluded,694,83.03765869140625,38.9031867980957,-44.13447189331055
scan49,37,3,boundary_and_occluded,890,69.80624389648438,59.32295608520508,-10.483287811279297
scan49,38,3,full,9789,37.152503967285156,32.096168518066406,-5.05633544921875
scan49,38,3,boundary,979,104.68379974365234,102.31217956542969,-2.3716201782226562
scan49,38,3,large_disparity,1958,93.7379379272461,61.1292610168457,-32.60867691040039
scan49,38,3,occluded_any,1601,106.68937683105469,113.07965850830078,6.390281677246094
scan49,38,3,occluded_majority,1247,125.16250610351562,131.07110595703125,5.908599853515625
scan49,38,3,large_disp_and_occluded,374,237.09686279296875,234.40794372558594,-2.6889190673828125
scan49,38,3,boundary_and_occluded,605,128.11056518554688,125.41810607910156,-2.6924591064453125
scan49,39,3,full,11147,27.388221740722656,22.143169403076172,-5.245052337646484
scan49,39,3,boundary,1115,88.67264556884766,83.63514709472656,-5.037498474121094
scan49,39,3,large_disparity,2230,95.2964096069336,64.93350982666016,-30.362899780273438
scan49,39,3,occluded_any,2787,74.19341278076172,65.50418853759766,-8.689224243164062
scan49,39,3,occluded_majority,1412,104.58746337890625,97.89027404785156,-6.6971893310546875
scan49,39,3,large_disp_and_occluded,957,157.50936889648438,133.72479248046875,-23.784576416015625
scan49,39,3,boundary_and_occluded,787,116.6542739868164,108.02403259277344,-8.630241394042969
scan49,40,3,full,11833,19.68222427368164,14.605181694030762,-5.077042579650879
scan49,40,3,boundary,1184,68.62232208251953,59.989593505859375,-8.632728576660156
scan49,40,3,large_disparity,2367,74.4664535522461,50.86661911010742,-23.599834442138672
scan49,40,3,occluded_any,2820,55.188331604003906,46.22365951538086,-8.964672088623047
scan49,40,3,occluded_majority,1327,78.07305908203125,72.8564224243164,-5.216636657714844
scan49,40,3,large_disp_and_occluded,862,136.43533325195312,111.96208190917969,-24.473251342773438
scan49,40,3,boundary_and_occluded,830,85.70448303222656,77.10753631591797,-8.596946716308594
scan49,41,3,full,12484,14.423498153686523,10.187037467956543,-4.2364606857299805
scan49,41,3,boundary,1249,47.969154357910156,41.79617691040039,-6.172977447509766
scan49,41,3,large_disparity,2497,56.595703125,36.34511947631836,-20.25058364868164
scan49,41,3,occluded_any,2671,45.84818649291992,36.38640594482422,-9.461780548095703
scan49,41,3,occluded_majority,1238,53.66462326049805,49.48488998413086,-4.1797332763671875
scan49,41,3,large_disp_and_occluded,926,104.13023376464844,77.9432144165039,-26.18701934814453
scan49,41,3,boundary_and_occluded,856,61.04216384887695,54.53745651245117,-6.504707336425781
scan49,42,3,full,12690,12.325934410095215,8.333975791931152,-3.9919586181640625
scan49,42,3,boundary,1269,51.94761657714844,36.54688262939453,-15.400733947753906
scan49,42,3,large_disparity,2538,40.186195373535156,22.873376846313477,-17.31281852722168
scan49,42,3,occluded_any,2424,45.94037628173828,35.920623779296875,-10.019752502441406
scan49,42,3,occluded_majority,1231,53.187862396240234,46.196964263916016,-6.990898132324219
scan49,42,3,large_disp_and_occluded,876,77.58975219726562,55.075721740722656,-22.51403045654297
scan49,42,3,boundary_and_occluded,904,63.238494873046875,46.352325439453125,-16.88616943359375
scan49,43,3,full,13049,10.118118286132812,6.890257358551025,-3.227860927581787
scan49,43,3,boundary,1305,45.1547966003418,33.164710998535156,-11.99008560180664
scan49,43,3,large_disparity,2610,39.96592330932617,24.723752975463867,-15.242170333862305
scan49,43,3,occluded_any,2619,37.33022689819336,28.558555603027344,-8.771671295166016
scan49,43,3,occluded_majority,1725,47.241214752197266,35.67457962036133,-11.566635131835938
scan49,43,3,large_disp_and_occluded,1352,59.85856628417969,44.08924865722656,-15.769317626953125
scan49,43,3,boundary_and_occluded,924,54.84433364868164,43.11357879638672,-11.730754852294922
scan49,44,3,full,13383,8.77995777130127,6.143449306488037,-2.6365084648132324
scan49,44,3,boundary,1339,43.47527313232422,30.41476821899414,-13.060504913330078
scan49,44,3,large_disparity,2677,28.432048797607422,18.374797821044922,-10.0572509765625
scan49,44,3,occluded_any,2791,31.59890365600586,23.218387603759766,-8.380516052246094
scan49,44,3,occluded_majority,1765,41.84442138671875,29.941736221313477,-11.902685165405273
scan49,44,3,large_disp_and_occluded,1418,42.90803527832031,30.22835350036621,-12.679681777954102
scan49,44,3,boundary_and_occluded,948,51.36579895019531,37.94028854370117,-13.42551040649414
scan49,45,3,full,13508,8.088257789611816,7.092475414276123,-0.9957823753356934
scan49,45,3,boundary,1351,45.52544021606445,38.64069747924805,-6.884742736816406
scan49,45,3,large_disparity,2702,27.8514461517334,25.110769271850586,-2.7406768798828125
scan49,45,3,occluded_any,2346,38.523582458496094,34.20882034301758,-4.314762115478516
scan49,45,3,occluded_majority,1528,47.52947235107422,42.88535690307617,-4.644115447998047
scan49,45,3,large_disp_and_occluded,1337,51.55823516845703,47.26355743408203,-4.294677734375
scan49,45,3,boundary_and_occluded,892,60.936790466308594,53.843101501464844,-7.09368896484375
scan49,46,3,full,13629,7.302265644073486,6.325751304626465,-0.9765143394470215
scan49,46,3,boundary,1363,35.24307632446289,31.010183334350586,-4.232892990112305
scan49,46,3,large_disparity,2726,25.607402801513672,23.21926498413086,-2.3881378173828125
scan49,46,3,occluded_any,2081,39.671287536621094,35.22175979614258,-4.449527740478516
scan49,46,3,occluded_majority,1209,48.223304748535156,45.35989761352539,-2.8634071350097656
scan49,46,3,large_disp_and_occluded,1091,58.23409652709961,54.05841827392578,-4.175678253173828
scan49,46,3,boundary_and_occluded,763,56.724525451660156,50.81780242919922,-5.9067230224609375
scan49,47,3,full,13700,8.129581451416016,7.44865083694458,-0.6809306144714355
scan49,47,3,boundary,1370,43.22127914428711,39.93387222290039,-3.2874069213867188
scan49,47,3,large_disparity,2740,32.35866928100586,30.86269187927246,-1.4959774017333984
scan49,47,3,occluded_any,2001,45.23574447631836,42.47918701171875,-2.7565574645996094
scan49,47,3,occluded_majority,1117,51.54938888549805,50.03820037841797,-1.5111885070800781
scan49,47,3,large_disp_and_occluded,996,78.55120849609375,76.17185974121094,-2.3793487548828125
scan49,47,3,boundary_and_occluded,802,64.53402709960938,61.367271423339844,-3.1667556762695312
scan49,48,3,full,13205,11.50820255279541,11.142419815063477,-0.3657827377319336
scan49,48,3,boundary,1321,53.37490463256836,47.24708938598633,-6.127815246582031
scan49,48,3,large_disparity,2641,50.8976936340332,50.28079605102539,-0.6168975830078125
scan49,48,3,occluded_any,1967,51.755069732666016,53.4926643371582,1.7375946044921875
scan49,48,3,occluded_majority,1153,64.53508758544922,69.0869369506836,4.551849365234375
scan49,48,3,large_disp_and_occluded,1117,85.51258087158203,89.7844467163086,4.2718658447265625
scan49,48,3,boundary_and_occluded,757,75.73609161376953,73.07894897460938,-2.6571426391601562
scan62,0,3,full,19955,1.8190244436264038,1.486307978630066,-0.3327164649963379
scan62,0,3,boundary,1996,8.241284370422363,7.234512805938721,-1.0067715644836426
scan62,0,3,large_disparity,3991,2.7436039447784424,1.8873803615570068,-0.8562235832214355
scan62,0,3,occluded_any,548,9.227749824523926,8.099309921264648,-1.1284399032592773
scan62,0,3,occluded_majority,365,9.182360649108887,7.895089149475098,-1.287271499633789
scan62,0,3,large_disp_and_occluded,80,15.927746772766113,13.175298690795898,-2.752448081970215
scan62,0,3,boundary_and_occluded,227,15.323601722717285,14.458614349365234,-0.8649873733520508
scan62,1,3,full,20435,1.9483562707901,1.719460368156433,-0.228895902633667
scan62,1,3,boundary,2044,10.050464630126953,8.730883598327637,-1.3195810317993164
scan62,1,3,large_disparity,4087,4.267319679260254,3.8780863285064697,-0.3892333507537842
scan62,1,3,occluded_any,1459,6.442009925842285,6.074587345123291,-0.36742258071899414
scan62,1,3,occluded_majority,527,9.129944801330566,8.027161598205566,-1.102783203125
scan62,1,3,large_disp_and_occluded,752,6.865085124969482,5.579754829406738,-1.2853302955627441
scan62,1,3,boundary_and_occluded,634,12.324298858642578,12.184861183166504,-0.13943767547607422
scan62,2,3,full,20397,1.457606554031372,1.4116476774215698,-0.045958876609802246
scan62,2,3,boundary,2040,7.775371074676514,6.8617262840271,-0.9136447906494141
scan62,2,3,large_disparity,4080,2.3892970085144043,2.2867891788482666,-0.1025078296661377
scan62,2,3,occluded_any,667,9.334954261779785,8.974061012268066,-0.36089324951171875
scan62,2,3,occluded_majority,196,9.887544631958008,10.590205192565918,0.7026605606079102
scan62,2,3,large_disp_and_occluded,342,12.357959747314453,11.100337982177734,-1.2576217651367188
scan62,2,3,boundary_and_occluded,430,12.720298767089844,12.609016418457031,-0.1112823486328125
scan62,3,3,full,20354,1.9729325771331787,1.7452245950698853,-0.22770798206329346
scan62,3,3,boundary,2036,12.57116413116455,10.601120948791504,-1.9700431823730469
scan62,3,3,large_disparity,4071,3.6297237873077393,2.990753173828125,-0.6389706134796143
scan62,3,3,occluded_any,2109,9.459600448608398,8.058134078979492,-1.4014663696289062
scan62,3,3,occluded_majority,608,14.774733543395996,9.686317443847656,-5.08841609954834
scan62,3,3,large_disp_and_occluded,698,12.4753999710083,8.890899658203125,-3.584500312805176
scan62,3,3,boundary_and_occluded,650,24.750089645385742,22.428918838500977,-2.3211708068847656
scan62,4,3,full,18212,1.4677056074142456,1.7619227170944214,0.2942171096801758
scan62,4,3,boundary,1822,8.157712936401367,8.486223220825195,0.3285102844238281
scan62,4,3,large_disparity,3643,1.20103919506073,0.9577252864837646,-0.24331390857696533
scan62,4,3,occluded_any,672,6.234818458557129,7.630311489105225,1.3954930305480957
scan62,4,3,occluded_majority,258,8.421143531799316,10.892485618591309,2.471342086791992
scan62,4,3,large_disp_and_occluded,127,7.0941853523254395,8.564464569091797,1.4702792167663574
scan62,4,3,boundary_and_occluded,324,9.555008888244629,12.065098762512207,2.510089874267578
scan62,5,3,full,18447,1.8663318157196045,1.549562931060791,-0.3167688846588135
scan62,5,3,boundary,1845,10.38655948638916,8.96401596069336,-1.4225435256958008
scan62,5,3,large_disparity,3690,2.387610673904419,1.575655460357666,-0.8119552135467529
scan62,5,3,occluded_any,765,12.507994651794434,9.269424438476562,-3.238570213317871
scan62,5,3,occluded_majority,247,10.9175386428833,5.524282455444336,-5.393256187438965
scan62,5,3,large_disp_and_occluded,85,7.968860626220703,7.3339762687683105,-0.6348843574523926
scan62,5,3,boundary_and_occluded,449,18.555788040161133,14.2354154586792,-4.320372581481934
scan62,6,3,full,20382,2.4079158306121826,1.7884752750396729,-0.6194405555725098
scan62,6,3,boundary,2039,12.517860412597656,10.221478462219238,-2.296381950378418
scan62,6,3,large_disparity,4077,5.488029479980469,3.076308012008667,-2.4117214679718018
scan62,6,3,occluded_any,2362,8.770305633544922,7.113387107849121,-1.6569185256958008
scan62,6,3,occluded_majority,1103,12.938592910766602,10.890565872192383,-2.0480270385742188
scan62,6,3,large_disp_and_occluded,838,12.449658393859863,10.374347686767578,-2.075310707092285
scan62,6,3,boundary_and_occluded,706,21.893367767333984,18.4296817779541,-3.463685989379883
scan62,7,3,full,20229,1.9667056798934937,1.7266820669174194,-0.24002361297607422
scan62,7,3,boundary,2023,10.58746337890625,7.686148166656494,-2.901315212249756
scan62,7,3,large_disparity,4046,3.8050620555877686,2.3959202766418457,-1.4091417789459229
scan62,7,3,occluded_any,1909,9.553772926330566,6.542586803436279,-3.011186122894287
scan62,7,3,occluded_majority,784,14.883723258972168,8.2920503616333,-6.591672897338867
scan62,7,3,large_disp_and_occluded,888,10.573412895202637,7.585294246673584,-2.9881186485290527
scan62,7,3,boundary_and_occluded,676,20.922073364257812,15.11904525756836,-5.803028106689453
scan62,8,3,full,20112,1.6061933040618896,1.4085142612457275,-0.1976790428161621
scan62,8,3,boundary,2012,8.232699394226074,6.7860894203186035,-1.4466099739074707
scan62,8,3,large_disparity,4023,3.1335766315460205,2.4137842655181885,-0.719792366027832
scan62,8,3,occluded_any,1364,8.198774337768555,6.976278305053711,-1.2224960327148438
scan62,8,3,occluded_majority,547,12.692816734313965,9.068774223327637,-3.624042510986328
scan62,8,3,large_disp_and_occluded,650,10.787531852722168,7.25340461730957,-3.5341272354125977
scan62,8,3,boundary_and_occluded,662,14.208264350891113,11.888983726501465,-2.3192806243896484
scan62,9,3,full,20099,1.5168324708938599,1.5373306274414062,0.020498156547546387
scan62,9,3,boundary,2010,7.504162311553955,6.5647077560424805,-0.9394545555114746
scan62,9,3,large_disparity,4020,2.8747100830078125,2.639242172241211,-0.23546791076660156
scan62,9,3,occluded_any,1218,7.96368932723999,7.7368998527526855,-0.2267894744873047
scan62,9,3,occluded_majority,451,12.089488983154297,9.932551383972168,-2.156937599182129
scan62,9,3,large_disp_and_occluded,675,8.795669555664062,6.462100028991699,-2.3335695266723633
scan62,9,3,boundary_and_occluded,623,13.086069107055664,12.500327110290527,-0.5857419967651367
scan62,10,3,full,20006,1.8838063478469849,1.6111572980880737,-0.27264904975891113
scan62,10,3,boundary,2001,9.14688777923584,7.5985026359558105,-1.5483851432800293
scan62,10,3,large_disparity,4002,3.6857187747955322,2.581894874572754,-1.1038239002227783
scan62,10,3,occluded_any,1152,13.02950668334961,10.869083404541016,-2.1604232788085938
scan62,10,3,occluded_majority,547,19.17160987854004,14.640233993530273,-4.531375885009766
scan62,10,3,large_disp_and_occluded,454,18.23033905029297,12.84700870513916,-5.383330345153809
scan62,10,3,boundary_and_occluded,592,19.589399337768555,16.799551010131836,-2.7898483276367188
scan62,11,3,full,18957,3.2854084968566895,1.9158986806869507,-1.3695098161697388
scan62,11,3,boundary,1896,15.23226547241211,9.380019187927246,-5.852246284484863
scan62,11,3,large_disparity,3792,8.521899223327637,2.855459213256836,-5.666440010070801
scan62,11,3,occluded_any,1100,18.924062728881836,11.164790153503418,-7.759272575378418
scan62,11,3,occluded_majority,592,26.11761474609375,14.046637535095215,-12.070977210998535
scan62,11,3,large_disp_and_occluded,183,48.894615173339844,19.200342178344727,-29.694272994995117
scan62,11,3,boundary_and_occluded,536,28.02967643737793,17.540712356567383,-10.488964080810547
scan62,12,3,full,18887,2.066586494445801,1.9761980772018433,-0.09038841724395752
scan62,12,3,boundary,1889,10.816473007202148,9.829415321350098,-0.9870576858520508
scan62,12,3,large_disparity,3778,5.471961498260498,4.524514198303223,-0.9474472999572754
scan62,12,3,occluded_any,1615,12.39892864227295,12.654481887817383,0.2555532455444336
scan62,12,3,occluded_majority,738,20.898948669433594,21.274307250976562,0.37535858154296875
scan62,12,3,large_disp_and_occluded,877,17.134166717529297,13.80466365814209,-3.329503059387207
scan62,12,3,boundary_and_occluded,788,19.40931510925293,18.12870979309082,-1.2806053161621094
scan62,13,3,full,18916,2.0456981658935547,1.9070714712142944,-0.13862669467926025
scan62,13,3,boundary,1892,10.97910213470459,9.820380210876465,-1.158721923828125
scan62,13,3,large_disparity,3784,5.800800800323486,4.651881217956543,-1.1489195823669434
scan62,13,3,occluded_any,1410,13.555776596069336,11.78432559967041,-1.7714509963989258
scan62,13,3,occluded_majority,585,23.261789321899414,17.205312728881836,-6.056476593017578
scan62,13,3,large_disp_and_occluded,932,17.913217544555664,13.492591857910156,-4.420625686645508
scan62,13,3,boundary_and_occluded,780,18.3029842376709,15.985394477844238,-2.31758975982666
scan62,14,3,full,19230,1.749637246131897,1.7721996307373047,0.022562384605407715
scan62,14,3,boundary,1923,8.206552505493164,7.650628089904785,-0.5559244155883789
scan62,14,3,large_disparity,3846,3.766953229904175,3.572247266769409,-0.19470596313476562
scan62,14,3,occluded_any,1270,9.773921966552734,10.146961212158203,0.37303924560546875
scan62,14,3,occluded_majority,616,14.642848014831543,13.072078704833984,-1.5707693099975586
scan62,14,3,large_disp_and_occluded,749,12.237536430358887,12.288238525390625,0.05070209503173828
scan62,14,3,boundary_and_occluded,742,13.597628593444824,13.47917652130127,-0.11845207214355469
scan62,15,3,full,19197,1.929360270500183,1.65464448928833,-0.274715781211853
scan62,15,3,boundary,1920,9.590231895446777,8.51931381225586,-1.070918083190918
scan62,15,3,large_disparity,3840,4.081110954284668,3.1416423320770264,-0.9394686222076416
scan62,15,3,occluded_any,1632,9.322750091552734,8.363738059997559,-0.9590120315551758
scan62,15,3,occluded_majority,844,12.581335067749023,11.271125793457031,-1.3102092742919922
scan62,15,3,large_disp_and_occluded,877,10.927005767822266,9.306819915771484,-1.6201858520507812
scan62,15,3,boundary_and_occluded,748,15.985791206359863,14.424737930297852,-1.5610532760620117
scan62,16,3,full,19272,2.8332467079162598,2.04195237159729,-0.7912943363189697
scan62,16,3,boundary,1928,14.085917472839355,11.158175468444824,-2.9277420043945312
scan62,16,3,large_disparity,3855,8.726798057556152,4.2802205085754395,-4.446577548980713
scan62,16,3,occluded_any,2070,12.323619842529297,8.662938117980957,-3.66068172454834
scan62,16,3,occluded_majority,827,19.220962524414062,14.489429473876953,-4.731533050537109
scan62,16,3,large_disp_and_occluded,1096,17.47819709777832,10.472064971923828,-7.006132125854492
scan62,16,3,boundary_and_occluded,671,27.145498275756836,20.9439640045166,-6.201534271240234
scan62,17,3,full,19560,5.80421257019043,1.9027231931686401,-3.9014893770217896
scan62,17,3,boundary,1956,17.358057022094727,11.681684494018555,-5.676372528076172
scan62,17,3,large_disparity,3912,21.836105346679688,3.8453316688537598,-17.990773677825928
scan62,17,3,occluded_any,2436,17.618425369262695,8.107532501220703,-9.510892868041992
scan62,17,3,occluded_majority,1256,21.133861541748047,11.5294771194458,-9.604384422302246
scan62,17,3,large_disp_and_occluded,936,31.445863723754883,10.640972137451172,-20.80489158630371
scan62,17,3,boundary_and_occluded,776,30.140316009521484,20.420286178588867,-9.720029830932617
scan62,18,3,full,19238,10.141892433166504,2.7059359550476074,-7.4359564781188965
scan62,18,3,boundary,1924,22.561927795410156,14.445886611938477,-8.11604118347168
scan62,18,3,large_disparity,3848,43.689579010009766,6.276077747344971,-37.413501262664795
scan62,18,3,occluded_any,2170,35.233673095703125,12.622095108032227,-22.6115779876709
scan62,18,3,occluded_majority,782,48.93073272705078,22.960498809814453,-25.970233917236328
scan62,18,3,large_disp_and_occluded,951,67.5582275390625,15.57005786895752,-51.98816967010498
scan62,18,3,boundary_and_occluded,791,40.58879089355469,25.60811996459961,-14.980670928955078
scan62,19,3,full,14402,11.185349464416504,4.072227478027344,-7.11312198638916
scan62,19,3,boundary,1441,36.53071975708008,21.7937068939209,-14.73701286315918
scan62,19,3,large_disparity,2881,48.74889373779297,13.915153503417969,-34.833740234375
scan62,19,3,occluded_any,585,33.7636604309082,27.907215118408203,-5.8564453125
scan62,19,3,occluded_majority,169,64.07546997070312,37.24897003173828,-26.826499938964844
scan62,19,3,large_disp_and_occluded,323,50.60309982299805,39.45591735839844,-11.14718246459961
scan62,19,3,boundary_and_occluded,362,46.31468963623047,33.94231033325195,-12.372379302978516
scan62,20,3,full,16231,9.291190147399902,2.989605188369751,-6.301584959030151
scan62,20,3,boundary,1624,29.2832088470459,16.417030334472656,-12.866178512573242
scan62,20,3,large_disparity,3247,36.1546516418457,6.3298211097717285,-29.824830532073975
scan62,20,3,occluded_any,1858,24.09858512878418,13.556013107299805,-10.542572021484375
scan62,20,3,occluded_majority,647,32.1722297668457,21.343536376953125,-10.828693389892578
scan62,20,3,large_disp_and_occluded,384,64.6954345703125,23.157487869262695,-41.537946701049805
scan62,20,3,boundary_and_occluded,759,37.948333740234375,24.60896873474121,-13.339365005493164
scan62,21,3,full,16731,5.858975887298584,2.6505208015441895,-3.2084550857543945
scan62,21,3,boundary,1674,18.744760513305664,15.915614128112793,-2.829146385192871
scan62,21,3,large_disparity,3347,21.187179565429688,5.575037002563477,-15.612142562866211
scan62,21,3,occluded_any,2375,22.105499267578125,12.13426399230957,-9.971235275268555
scan62,21,3,occluded_majority,1369,25.00406837463379,17.7075138092041,-7.2965545654296875
scan62,21,3,large_disp_and_occluded,876,44.15824890136719,17.862401962280273,-26.295846939086914
scan62,21,3,boundary_and_occluded,813,30.129545211791992,26.963483810424805,-3.1660614013671875
scan62,22,3,full,17125,2.800466537475586,2.0533392429351807,-0.7471272945404053
scan62,22,3,boundary,1713,13.649269104003906,11.32322883605957,-2.326040267944336
scan62,22,3,large_disparity,3425,8.050052642822266,3.877293586730957,-4.172759056091309
scan62,22,3,occluded_any,1550,12.880002975463867,10.851728439331055,-2.0282745361328125
scan62,22,3,occluded_majority,668,22.192842483520508,18.251649856567383,-3.941192626953125
scan62,22,3,large_disp_and_occluded,786,15.668715476989746,11.873579025268555,-3.7951364517211914
scan62,22,3,boundary_and_occluded,791,21.54276466369629,18.095378875732422,-3.447385787963867
scan62,23,3,full,17462,1.8848260641098022,1.8143900632858276,-0.07043600082397461
scan62,23,3,boundary,1747,9.926581382751465,9.4558687210083,-0.47071266174316406
scan62,23,3,large_disparity,3493,4.3985819816589355,4.131951332092285,-0.2666306495666504
scan62,23,3,occluded_any,1650,9.796908378601074,8.448762893676758,-1.3481454849243164
scan62,23,3,occluded_majority,805,12.705117225646973,11.195245742797852,-1.509871482849121
scan62,23,3,large_disp_and_occluded,1100,10.739084243774414,9.13117504119873,-1.6079092025756836
scan62,23,3,boundary_and_occluded,751,16.60579490661621,15.468024253845215,-1.137770652770996
scan62,24,3,full,17753,2.180572509765625,2.0835678577423096,-0.09700465202331543
scan62,24,3,boundary,1776,10.364703178405762,9.72803020477295,-0.6366729736328125
scan62,24,3,large_disparity,3551,5.710156440734863,5.674735069274902,-0.03542137145996094
scan62,24,3,occluded_any,1380,11.232585906982422,9.535393714904785,-1.6971921920776367
scan62,24,3,occluded_majority,729,15.369852066040039,13.499123573303223,-1.8707284927368164
scan62,24,3,large_disp_and_occluded,927,11.843790054321289,10.123811721801758,-1.7199783325195312
scan62,24,3,boundary_and_occluded,705,15.531532287597656,14.097968101501465,-1.4335641860961914
scan62,25,3,full,17695,2.203272581100464,2.029195547103882,-0.17407703399658203
scan62,25,3,boundary,1770,11.11916732788086,10.362351417541504,-0.7568159103393555
scan62,25,3,large_disparity,3539,5.7067484855651855,5.462056636810303,-0.2446918487548828
scan62,25,3,occluded_any,1475,12.901335716247559,11.582743644714355,-1.3185920715332031
scan62,25,3,occluded_majority,869,17.70984649658203,15.504807472229004,-2.2050390243530273
scan62,25,3,large_disp_and_occluded,948,15.346134185791016,14.136679649353027,-1.2094545364379883
scan62,25,3,boundary_and_occluded,832,17.760055541992188,16.07359504699707,-1.6864604949951172
scan62,26,3,full,17266,2.5845353603363037,2.1222095489501953,-0.4623258113861084
scan62,26,3,boundary,1727,14.860450744628906,11.128490447998047,-3.7319602966308594
scan62,26,3,large_disparity,3454,8.04692554473877,6.245141506195068,-1.8017840385437012
scan62,26,3,occluded_any,1498,16.90940284729004,13.414283752441406,-3.495119094848633
scan62,26,3,occluded_majority,816,24.179237365722656,19.047224044799805,-5.132013320922852
scan62,26,3,large_disp_and_occluded,1177,18.933536529541016,14.744277954101562,-4.189258575439453
scan62,26,3,boundary_and_occluded,849,24.036325454711914,17.752573013305664,-6.28375244140625
scan62,27,3,full,17008,3.2139766216278076,2.126538038253784,-1.0874385833740234
scan62,27,3,boundary,1701,17.70880126953125,10.839577674865723,-6.869223594665527
scan62,27,3,large_disparity,3402,6.273640155792236,3.1925528049468994,-3.081087350845337
scan62,27,3,occluded_any,1707,18.828414916992188,10.912177085876465,-7.916237831115723
scan62,27,3,occluded_majority,811,30.331153869628906,17.062557220458984,-13.268596649169922
scan62,27,3,large_disp_and_occluded,569,24.27743911743164,12.345197677612305,-11.932241439819336
scan62,27,3,boundary_and_occluded,782,30.61144256591797,17.78535270690918,-12.826089859008789
scan62,28,3,full,13647,4.395493507385254,2.4775071144104004,-1.9179863929748535
scan62,28,3,boundary,1365,22.859071731567383,13.335783958435059,-9.523287773132324
scan62,28,3,large_disparity,2730,10.421079635620117,4.130922794342041,-6.290156841278076
scan62,28,3,occluded_any,1052,24.90636444091797,14.372881889343262,-10.533482551574707
scan62,28,3,occluded_majority,689,31.51026153564453,17.720806121826172,-13.78945541381836
scan62,28,3,large_disp_and_occluded,234,51.708038330078125,23.992244720458984,-27.71579360961914
scan62,28,3,boundary_and_occluded,564,34.32079315185547,20.563823699951172,-13.756969451904297
scan62,29,3,full,14200,3.6188948154449463,3.353060245513916,-0.2658345699310303
scan62,29,3,boundary,1420,22.055246353149414,20.893280029296875,-1.161966323852539
scan62,29,3,large_disparity,2840,8.032143592834473,7.591843605041504,-0.44029998779296875
scan62,29,3,occluded_any,1453,22.507253646850586,22.179826736450195,-0.3274269104003906
scan62,29,3,occluded_majority,746,32.39606475830078,32.856788635253906,0.460723876953125
scan62,29,3,large_disp_and_occluded,707,23.37420082092285,25.195810317993164,1.8216094970703125
scan62,29,3,boundary_and_occluded,883,29.874704360961914,29.022504806518555,-0.8521995544433594
scan62,30,3,full,14706,2.974013566970825,2.4487948417663574,-0.5252187252044678
scan62,30,3,boundary,1471,18.102924346923828,14.698173522949219,-3.4047508239746094
scan62,30,3,large_disparity,2942,9.399754524230957,6.835690498352051,-2.5640640258789062
scan62,30,3,occluded_any,1332,20.36939239501953,16.628211975097656,-3.741180419921875
scan62,30,3,occluded_majority,761,29.246915817260742,23.05439567565918,-6.1925201416015625
scan62,30,3,large_disp_and_occluded,805,26.58384132385254,20.093204498291016,-6.490636825561523
scan62,30,3,boundary_and_occluded,842,27.68268394470215,22.13747215270996,-5.5452117919921875
scan62,31,3,full,15412,2.8409531116485596,2.765723943710327,-0.07522916793823242
scan62,31,3,boundary,1542,16.33009147644043,13.451433181762695,-2.8786582946777344
scan62,31,3,large_disparity,3083,10.082487106323242,9.938679695129395,-0.14380741119384766
scan62,31,3,occluded_any,1341,19.132917404174805,17.889890670776367,-1.2430267333984375
scan62,31,3,occluded_majority,749,25.281749725341797,24.09343147277832,-1.1883182525634766
scan62,31,3,large_disp_and_occluded,983,23.131357192993164,21.64179801940918,-1.4895591735839844
scan62,31,3,boundary_and_occluded,859,23.94129180908203,20.492778778076172,-3.4485130310058594
scan62,32,3,full,15460,2.542144298553467,2.647517204284668,0.10537290573120117
scan62,32,3,boundary,1546,12.815312385559082,12.76821517944336,-0.047097206115722656
scan62,32,3,large_disparity,3092,8.751806259155273,9.360780715942383,0.6089744567871094
scan62,32,3,occluded_any,1392,15.532098770141602,16.10716438293457,0.5750656127929688
scan62,32,3,occluded_majority,801,20.850582122802734,21.3037052154541,0.4531230926513672
scan62,32,3,large_disp_and_occluded,1081,18.030405044555664,18.8499755859375,0.8195705413818359
scan62,32,3,boundary_and_occluded,836,19.0163516998291,19.020580291748047,0.0042285919189453125
scan62,33,3,full,15003,2.372561454772949,2.2909483909606934,-0.08161306381225586
scan62,33,3,boundary,1501,12.661316871643066,11.40273666381836,-1.258580207824707
scan62,33,3,large_disparity,3001,7.835208415985107,7.39063024520874,-0.4445781707763672
scan62,33,3,occluded_any,1458,14.332948684692383,13.277801513671875,-1.0551471710205078
scan62,33,3,occluded_majority,874,19.50739288330078,17.987398147583008,-1.5199947357177734
scan62,33,3,large_disp_and_occluded,1039,17.685665130615234,16.237686157226562,-1.4479789733886719
scan62,33,3,boundary_and_occluded,852,19.046066284179688,16.79901695251465,-2.247049331665039
scan62,34,3,full,14373,2.3261489868164062,2.1509711742401123,-0.17517781257629395
scan62,34,3,boundary,1438,13.014769554138184,11.606812477111816,-1.4079570770263672
scan62,34,3,large_disparity,2875,5.1508588790893555,4.564298152923584,-0.5865607261657715
scan62,34,3,occluded_any,1540,11.311001777648926,10.645261764526367,-0.6657400131225586
scan62,34,3,occluded_majority,934,13.931173324584961,13.501635551452637,-0.4295377731323242
scan62,34,3,large_disp_and_occluded,917,10.638066291809082,10.298699378967285,-0.3393669128417969
scan62,34,3,boundary_and_occluded,821,17.823047637939453,16.27497100830078,-1.5480766296386719
scan62,35,3,full,13926,4.633590221405029,2.259427309036255,-2.3741629123687744
scan62,35,3,boundary,1393,31.51001739501953,13.836935997009277,-17.673081398010254
scan62,35,3,large_disparity,2786,15.682652473449707,4.89146614074707,-10.791186332702637
scan62,35,3,occluded_any,1692,20.358707427978516,9.940104484558105,-10.41860294342041
scan62,35,3,occluded_majority,431,36.66422653198242,25.0717716217041,-11.59245491027832
scan62,35,3,large_disp_and_occluded,1045,25.995159149169922,10.164735794067383,-15.830423355102539
scan62,35,3,boundary_and_occluded,821,37.06517028808594,18.10677146911621,-18.958398818969727
scan62,36,3,full,13277,6.998886585235596,2.655212640762329,-4.343673944473267
scan62,36,3,boundary,1328,43.40723419189453,18.23887825012207,-25.16835594177246
scan62,36,3,large_disparity,2656,26.659618377685547,5.73856782913208,-20.921050548553467
scan62,36,3,occluded_any,1815,24.818586349487305,11.523564338684082,-13.295022010803223
scan62,36,3,occluded_majority,395,34.413124084472656,26.426855087280273,-7.986268997192383
scan62,36,3,large_disp_and_occluded,723,47.82748794555664,15.489594459533691,-32.33789348602295
scan62,36,3,boundary_and_occluded,750,46.70042037963867,24.16938591003418,-22.531034469604492
scan62,37,3,full,12648,10.657416343688965,4.245759010314941,-6.411657333374023
scan62,37,3,boundary,1265,49.77245330810547,24.226137161254883,-25.546316146850586
scan62,37,3,large_disparity,2530,42.856048583984375,9.631396293640137,-33.22465229034424
scan62,37,3,occluded_any,1767,25.125816345214844,14.333307266235352,-10.792509078979492
scan62,37,3,occluded_majority,618,31.68539810180664,24.875272750854492,-6.810125350952148
scan62,37,3,large_disp_and_occluded,391,81.62918090820312,33.00880432128906,-48.62037658691406
scan62,37,3,boundary_and_occluded,685,47.044158935546875,29.501020431518555,-17.54313850402832
scan62,38,3,full,8582,9.883613586425781,3.8808062076568604,-6.002807378768921
scan62,38,3,boundary,859,50.67826843261719,25.176286697387695,-25.501981735229492
scan62,38,3,large_disparity,1717,39.07717514038086,10.211230278015137,-28.865944862365723
scan62,38,3,occluded_any,115,75.38493347167969,45.0924072265625,-30.292526245117188
scan62,38,3,occluded_majority,79,93.9501724243164,56.22747802734375,-37.722694396972656
scan62,38,3,large_disp_and_occluded,40,139.06396484375,69.97184753417969,-69.09211730957031
scan62,38,3,boundary_and_occluded,96,83.3558578491211,47.72987365722656,-35.62598419189453
scan62,39,3,full,9792,8.436421394348145,2.829779624938965,-5.60664176940918
scan62,39,3,boundary,980,55.794857025146484,19.433366775512695,-36.36149024963379
scan62,39,3,large_disparity,1959,34.23561477661133,7.3642683029174805,-26.871346473693848
scan62,39,3,occluded_any,1463,23.755346298217773,10.002309799194336,-13.753036499023438
scan62,39,3,occluded_majority,469,40.968231201171875,18.88226318359375,-22.085968017578125
scan62,39,3,large_disp_and_occluded,494,57.27523422241211,19.551321029663086,-37.72391319274902
scan62,39,3,boundary_and_occluded,481,56.638301849365234,25.383052825927734,-31.2552490234375
scan62,40,3,full,10575,5.894394397735596,2.321869373321533,-3.5725250244140625
scan62,40,3,boundary,1058,45.284759521484375,15.604036331176758,-29.680723190307617
scan62,40,3,large_disparity,2115,21.782184600830078,4.807979106903076,-16.974205493927002
scan62,40,3,occluded_any,1277,23.939199447631836,10.02393627166748,-13.915263175964355
scan62,40,3,occluded_majority,445,36.923744201660156,17.10541534423828,-19.818328857421875
scan62,40,3,large_disp_and_occluded,731,32.752410888671875,10.281373977661133,-22.471036911010742
scan62,40,3,boundary_and_occluded,550,48.92471694946289,20.269311904907227,-28.655405044555664
scan62,41,3,full,11328,3.746976852416992,2.1751506328582764,-1.5718262195587158
scan62,41,3,boundary,1133,24.76688003540039,10.76086711883545,-14.006012916564941
scan62,41,3,large_disparity,2266,9.896294593811035,3.0893287658691406,-6.8069658279418945
scan62,41,3,occluded_any,1052,17.340648651123047,9.958107948303223,-7.382540702819824
scan62,41,3,occluded_majority,418,29.17291259765625,14.148542404174805,-15.024370193481445
scan62,41,3,large_disp_and_occluded,606,17.723731994628906,6.109113693237305,-11.614618301391602
scan62,41,3,boundary_and_occluded,492,29.84343719482422,14.814824104309082,-15.028613090515137
scan62,42,3,full,11914,2.479011297225952,1.89951753616333,-0.5794937610626221
scan62,42,3,boundary,1192,14.91710376739502,10.841201782226562,-4.075901985168457
scan62,42,3,large_disparity,2383,4.94162130355835,3.7826240062713623,-1.1589972972869873
scan62,42,3,occluded_any,826,17.460805892944336,13.096698760986328,-4.364107131958008
scan62,42,3,occluded_majority,286,27.584217071533203,20.855369567871094,-6.728847503662109
scan62,42,3,large_disp_and_occluded,498,16.094026565551758,11.476531028747559,-4.617495536804199
scan62,42,3,boundary_and_occluded,504,25.761253356933594,19.324262619018555,-6.436990737915039
scan62,43,3,full,12676,2.1170058250427246,1.8430935144424438,-0.27391231060028076
scan62,43,3,boundary,1268,12.727265357971191,10.005948066711426,-2.7213172912597656
scan62,43,3,large_disparity,2536,6.086010456085205,4.839548587799072,-1.2464618682861328
scan62,43,3,occluded_any,915,14.082372665405273,11.031255722045898,-3.051116943359375
scan62,43,3,occluded_majority,495,16.447877883911133,12.33774185180664,-4.110136032104492
scan62,43,3,large_disp_and_occluded,543,19.732730865478516,14.466344833374023,-5.266386032104492
scan62,43,3,boundary_and_occluded,611,19.363101959228516,14.811053276062012,-4.552048683166504
scan62,44,3,full,13066,2.2568323612213135,1.9860174655914307,-0.2708148956298828
scan62,44,3,boundary,1307,14.960101127624512,12.385064125061035,-2.5750370025634766
scan62,44,3,large_disparity,2614,7.587754726409912,6.141464710235596,-1.4462900161743164
scan62,44,3,occluded_any,777,18.850263595581055,16.203418731689453,-2.6468448638916016
scan62,44,3,occluded_majority,406,22.02309799194336,19.037870407104492,-2.985227584838867
scan62,44,3,large_disp_and_occluded,560,23.26477813720703,19.619911193847656,-3.644866943359375
scan62,44,3,boundary_and_occluded,535,25.08905601501465,21.75812530517578,-3.330930709838867
scan62,45,3,full,12882,2.5802903175354004,2.2596182823181152,-0.32067203521728516
scan62,45,3,boundary,1289,17.060821533203125,14.23836898803711,-2.8224525451660156
scan62,45,3,large_disparity,2577,8.677301406860352,7.45939302444458,-1.2179083824157715
scan62,45,3,occluded_any,725,25.351083755493164,21.15472984313965,-4.196353912353516
scan62,45,3,occluded_majority,354,32.15489959716797,28.325777053833008,-3.829122543334961
scan62,45,3,large_disp_and_occluded,539,29.214210510253906,25.340538024902344,-3.8736724853515625
scan62,45,3,boundary_and_occluded,549,30.105899810791016,25.547574996948242,-4.558324813842773
scan62,46,3,full,12068,3.169989585876465,3.648725986480713,0.47873640060424805
scan62,46,3,boundary,1207,20.918508529663086,21.110116958618164,0.19160842895507812
scan62,46,3,large_disparity,2414,12.142725944519043,14.826741218566895,2.6840152740478516
scan62,46,3,occluded_any,742,27.28261375427246,23.60415267944336,-3.6784610748291016
scan62,46,3,occluded_majority,313,39.34518051147461,35.1911735534668,-4.1540069580078125
scan62,46,3,large_disp_and_occluded,592,32.13153076171875,27.66652488708496,-4.465005874633789
scan62,46,3,boundary_and_occluded,524,34.300907135009766,29.79133415222168,-4.509572982788086
scan62,47,3,full,11349,3.4113361835479736,2.5714166164398193,-0.8399195671081543
scan62,47,3,boundary,1135,21.787769317626953,15.688387870788574,-6.099381446838379
scan62,47,3,large_disparity,2270,13.002143859863281,9.3364896774292,-3.665654182434082
scan62,47,3,occluded_any,860,25.405166625976562,19.0342960357666,-6.370870590209961
scan62,47,3,occluded_majority,380,37.63024139404297,28.200321197509766,-9.429920196533203
scan62,47,3,large_disp_and_occluded,651,31.804101943969727,23.446056365966797,-8.35804557800293
scan62,47,3,boundary_and_occluded,552,34.486671447753906,25.605514526367188,-8.881156921386719
scan62,48,3,full,10824,3.686274766921997,2.600555181503296,-1.0857195854187012
scan62,48,3,boundary,1083,22.54435157775879,14.932345390319824,-7.612006187438965
scan62,48,3,large_disparity,2165,11.344770431518555,7.470056056976318,-3.8747143745422363
scan62,48,3,occluded_any,572,24.75609588623047,18.71776580810547,-6.038330078125
scan62,48,3,occluded_majority,283,35.42487716674805,26.130823135375977,-9.29405403137207
scan62,48,3,large_disp_and_occluded,413,31.464839935302734,23.215383529663086,-8.249456405639648
scan62,48,3,boundary_and_occluded,330,38.87123107910156,28.78473663330078,-10.086494445800781
scan75,0,3,full,16127,3.2375786304473877,3.402867555618286,0.16528892517089844
scan75,0,3,boundary,1613,13.234724998474121,13.867308616638184,0.6325836181640625
scan75,0,3,large_disparity,3226,3.63930082321167,3.9947545528411865,0.3554537296295166
scan75,0,3,occluded_any,1219,13.952852249145508,13.844343185424805,-0.10850906372070312
scan75,0,3,occluded_majority,768,17.020877838134766,16.670503616333008,-0.3503742218017578
scan75,0,3,large_disp_and_occluded,129,13.908023834228516,16.595006942749023,2.686983108520508
scan75,0,3,boundary_and_occluded,820,16.689517974853516,17.07625961303711,0.38674163818359375
scan75,1,3,full,16404,4.346286296844482,3.8306431770324707,-0.5156431198120117
scan75,1,3,boundary,1641,14.943367958068848,16.29107666015625,1.3477087020874023
scan75,1,3,large_disparity,3281,7.28584098815918,4.284473896026611,-3.0013670921325684
scan75,1,3,occluded_any,1713,16.952871322631836,16.962587356567383,0.009716033935546875
scan75,1,3,occluded_majority,1032,20.484901428222656,21.782217025756836,1.2973155975341797
scan75,1,3,large_disp_and_occluded,411,16.519418716430664,14.063549995422363,-2.455868721008301
scan75,1,3,boundary_and_occluded,1041,19.646156311035156,21.583715438842773,1.9375591278076172
scan75,2,3,full,16750,3.9017727375030518,3.8908934593200684,-0.010879278182983398
scan75,2,3,boundary,1675,18.80818748474121,18.203462600708008,-0.6047248840332031
scan75,2,3,large_disparity,3350,3.9359617233276367,3.3007402420043945,-0.6352214813232422
scan75,2,3,occluded_any,1694,17.734485626220703,18.71009635925293,0.9756107330322266
scan75,2,3,occluded_majority,1148,20.964014053344727,21.873445510864258,0.9094314575195312
scan75,2,3,large_disp_and_occluded,465,19.7835750579834,15.816710472106934,-3.966864585876465
scan75,2,3,boundary_and_occluded,995,23.64106559753418,24.399415969848633,0.7583503723144531
scan75,3,3,full,17101,3.9010767936706543,4.1440300941467285,0.24295330047607422
scan75,3,3,boundary,1711,18.200124740600586,18.77876091003418,0.5786361694335938
scan75,3,3,large_disparity,3421,0.9786001443862915,1.5092557668685913,0.5306556224822998
scan75,3,3,occluded_any,1921,22.404888153076172,23.4820556640625,1.0771675109863281
scan75,3,3,occluded_majority,875,30.783296585083008,32.36623764038086,1.5829410552978516
scan75,3,3,large_disp_and_occluded,196,6.563258171081543,6.888519287109375,0.32526111602783203
scan75,3,3,boundary_and_occluded,1078,25.405094146728516,26.61757469177246,1.2124805450439453
scan75,4,3,full,15552,4.028993606567383,4.2847394943237305,0.25574588775634766
scan75,4,3,boundary,1556,18.993587493896484,18.855506896972656,-0.13808059692382812
scan75,4,3,large_disparity,3111,1.53610360622406,1.454951286315918,-0.08115231990814209
scan75,4,3,occluded_any,1163,29.656391143798828,30.048118591308594,0.3917274475097656
scan75,4,3,occluded_majority,705,38.259761810302734,37.64274597167969,-0.6170158386230469
scan75,4,3,large_disp_and_occluded,167,8.6149263381958,8.51984691619873,-0.09507942199707031
scan75,4,3,boundary_and_occluded,709,30.627853393554688,30.521650314331055,-0.10620307922363281
scan75,5,3,full,16517,5.073493003845215,5.233753204345703,0.16026020050048828
scan75,5,3,boundary,1652,18.582679748535156,18.92035484313965,0.3376750946044922
scan75,5,3,large_disparity,3304,2.778661012649536,1.7690179347991943,-1.0096430778503418
scan75,5,3,occluded_any,1621,34.13396072387695,35.89360046386719,1.7596397399902344
scan75,5,3,occluded_majority,819,40.958133697509766,41.5883903503418,0.6302566528320312
scan75,5,3,large_disp_and_occluded,66,12.859138488769531,18.37272071838379,5.513582229614258
scan75,5,3,boundary_and_occluded,823,31.449363708496094,32.02716827392578,0.5778045654296875
scan75,6,3,full,17508,5.4239349365234375,4.9824299812316895,-0.44150495529174805
scan75,6,3,boundary,1751,19.76089096069336,19.35190200805664,-0.40898895263671875
scan75,6,3,large_disparity,3502,4.341790676116943,1.5115888118743896,-2.8302018642425537
scan75,6,3,occluded_any,2220,28.5108642578125,28.45568084716797,-0.05518341064453125
scan75,6,3,occluded_majority,1294,33.79176330566406,33.0440788269043,-0.7476844787597656
scan75,6,3,large_disp_and_occluded,249,6.00925874710083,4.724023342132568,-1.2852354049682617
scan75,6,3,boundary_and_occluded,954,33.0987663269043,32.185752868652344,-0.9130134582519531
scan75,7,3,full,17153,4.998761177062988,4.638348579406738,-0.36041259765625
scan75,7,3,boundary,1716,20.62192726135254,21.587081909179688,0.9651546478271484
scan75,7,3,large_disparity,3431,4.859227657318115,2.3294925689697266,-2.5297350883483887
scan75,7,3,occluded_any,2061,24.440656661987305,25.980318069458008,1.5396614074707031
scan75,7,3,occluded_majority,968,37.244842529296875,39.74720001220703,2.5023574829101562
scan75,7,3,large_disp_and_occluded,358,15.789835929870605,14.779180526733398,-1.010655403137207
scan75,7,3,boundary_and_occluded,1062,29.429689407348633,31.311132431030273,1.8814430236816406
scan75,8,3,full,16080,5.107506275177002,4.243294715881348,-0.8642115592956543
scan75,8,3,boundary,1608,22.453554153442383,19.650300979614258,-2.803253173828125
scan75,8,3,large_disparity,3216,5.308125972747803,2.4480466842651367,-2.860079288482666
scan75,8,3,occluded_any,1887,25.91810417175293,23.600502014160156,-2.3176021575927734
scan75,8,3,occluded_majority,1025,31.59361457824707,28.693178176879883,-2.9004364013671875
scan75,8,3,large_disp_and_occluded,395,16.262496948242188,9.39498519897461,-6.867511749267578
scan75,8,3,boundary_and_occluded,1135,27.25754737854004,24.464120864868164,-2.793426513671875
scan75,9,3,full,16137,4.597375869750977,5.516505241394043,0.9191293716430664
scan75,9,3,boundary,1614,22.537342071533203,21.73771095275879,-0.7996311187744141
scan75,9,3,large_disparity,3228,4.7205963134765625,9.822077751159668,5.1014814376831055
scan75,9,3,occluded_any,1900,22.17078971862793,22.287574768066406,0.11678504943847656
scan75,9,3,occluded_majority,1123,28.10418128967285,27.13298988342285,-0.97119140625
scan75,9,3,large_disp_and_occluded,512,12.706748962402344,15.748908996582031,3.0421600341796875
scan75,9,3,boundary_and_occluded,1112,28.33104705810547,27.662057876586914,-0.6689891815185547
scan75,10,3,full,16121,4.073279857635498,3.8274941444396973,-0.24578571319580078
scan75,10,3,boundary,1613,17.401426315307617,16.299591064453125,-1.1018352508544922
scan75,10,3,large_disparity,3225,8.544476509094238,7.986076831817627,-0.5583996772766113
scan75,10,3,occluded_any,1547,17.059818267822266,17.811803817749023,0.7519855499267578
scan75,10,3,occluded_majority,861,22.054134368896484,20.42434310913086,-1.629791259765625
scan75,10,3,large_disp_and_occluded,331,24.47018814086914,25.28049087524414,0.810302734375
scan75,10,3,boundary_and_occluded,939,22.284337997436523,23.0411376953125,0.7567996978759766
scan75,11,3,full,15105,10.346965789794922,6.265700340270996,-4.081265449523926
scan75,11,3,boundary,1511,29.17686653137207,21.23307991027832,-7.94378662109375
scan75,11,3,large_disparity,3021,24.873430252075195,2.8754217624664307,-21.998008489608765
scan75,11,3,occluded_any,1572,38.268253326416016,35.36610412597656,-2.902149200439453
scan75,11,3,occluded_majority,920,39.93629837036133,32.55857849121094,-7.377719879150391
scan75,11,3,large_disp_and_occluded,110,84.86040496826172,10.659194946289062,-74.20121002197266
scan75,11,3,boundary_and_occluded,744,36.875526428222656,28.17532730102539,-8.700199127197266
scan75,12,3,full,14699,9.075523376464844,6.97852897644043,-2.096994400024414
scan75,12,3,boundary,1470,29.3283634185791,23.75021743774414,-5.578145980834961
scan75,12,3,large_disparity,2940,18.438478469848633,6.916197776794434,-11.5222806930542
scan75,12,3,occluded_any,2349,29.002164840698242,25.378000259399414,-3.624164581298828
scan75,12,3,occluded_majority,1215,31.864505767822266,24.261991500854492,-7.602514266967773
scan75,12,3,large_disp_and_occluded,741,27.170644760131836,12.143451690673828,-15.027193069458008
scan75,12,3,boundary_and_occluded,1022,34.58160400390625,29.333982467651367,-5.247621536254883
scan75,13,3,full,14138,7.037220001220703,8.710132598876953,1.67291259765625
scan75,13,3,boundary,1414,21.565261840820312,23.456586837768555,1.8913249969482422
scan75,13,3,large_disparity,2828,19.994400024414062,23.318252563476562,3.3238525390625
scan75,13,3,occluded_any,2406,30.025680541992188,32.68612289428711,2.660442352294922
scan75,13,3,occluded_majority,1435,32.099369049072266,32.7208366394043,0.6214675903320312
scan75,13,3,large_disp_and_occluded,1026,43.52408218383789,47.1191291809082,3.5950469970703125
scan75,13,3,boundary_and_occluded,1021,26.980422973632812,29.999874114990234,3.019451141357422
scan75,14,3,full,13769,6.156801700592041,6.24137544631958,0.08457374572753906
scan75,14,3,boundary,1377,21.256404876708984,22.081836700439453,0.8254318237304688
scan75,14,3,large_disparity,2754,22.231754302978516,22.547985076904297,0.31623077392578125
scan75,14,3,occluded_any,2154,29.094526290893555,29.58905601501465,0.49452972412109375
scan75,14,3,occluded_majority,1159,32.99625778198242,35.88466262817383,2.8884048461914062
scan75,14,3,large_disp_and_occluded,1133,45.127174377441406,45.89504623413086,0.7678718566894531
scan75,14,3,boundary_and_occluded,977,24.969606399536133,27.360578536987305,2.390972137451172
scan75,15,3,full,14614,7.419744491577148,4.827750205993652,-2.591994285583496
scan75,15,3,boundary,1462,27.303728103637695,20.42877197265625,-6.874956130981445
scan75,15,3,large_disparity,2923,16.79456329345703,3.6683340072631836,-13.126229286193848
scan75,15,3,occluded_any,2350,27.262962341308594,21.597347259521484,-5.665615081787109
scan75,15,3,occluded_majority,1280,35.21988296508789,26.493083953857422,-8.726799011230469
scan75,15,3,large_disp_and_occluded,703,32.69207763671875,10.035070419311523,-22.657007217407227
scan75,15,3,boundary_and_occluded,1050,32.27951431274414,25.919050216674805,-6.360464096069336
scan75,16,3,full,15547,11.444568634033203,5.060526371002197,-6.384042263031006
scan75,16,3,boundary,1555,35.21642303466797,25.06551742553711,-10.15090560913086
scan75,16,3,large_disparity,3110,38.80214309692383,6.839718341827393,-31.962424755096436
scan75,16,3,occluded_any,2278,36.720882415771484,25.753633499145508,-10.967248916625977
scan75,16,3,occluded_majority,1164,51.07340621948242,36.90660095214844,-14.166805267333984
scan75,16,3,large_disp_and_occluded,523,74.32917022705078,26.800430297851562,-47.52873992919922
scan75,16,3,boundary_and_occluded,1045,46.11436462402344,33.712371826171875,-12.401992797851562
scan75,17,3,full,16374,15.97549057006836,5.869089126586914,-10.106401443481445
scan75,17,3,boundary,1638,39.30865478515625,28.231714248657227,-11.076940536499023
scan75,17,3,large_disparity,3275,58.7515869140625,9.007037162780762,-49.74454975128174
scan75,17,3,occluded_any,2319,47.3399772644043,28.9333553314209,-18.4066219329834
scan75,17,3,occluded_majority,1126,72.16402435302734,46.77974319458008,-25.384281158447266
scan75,17,3,large_disp_and_occluded,512,114.97946166992188,39.64407730102539,-75.33538436889648
scan75,17,3,boundary_and_occluded,971,57.14490509033203,41.84239196777344,-15.302513122558594
scan75,18,3,full,17405,21.45416831970215,8.70552921295166,-12.748639106750488
scan75,18,3,boundary,1741,46.29023361206055,36.779483795166016,-9.510749816894531
scan75,18,3,large_disparity,3481,79.29002380371094,15.061726570129395,-64.22829723358154
scan75,18,3,occluded_any,2917,52.245975494384766,35.44076156616211,-16.805213928222656
scan75,18,3,occluded_majority,1653,68.26051330566406,50.739402770996094,-17.52111053466797
scan75,18,3,large_disp_and_occluded,810,110.36376953125,46.11582565307617,-64.24794387817383
scan75,18,3,boundary_and_occluded,1056,66.25251007080078,53.043827056884766,-13.208683013916016
scan75,19,3,full,12776,26.264822006225586,11.528987884521484,-14.735834121704102
scan75,19,3,boundary,1278,58.999393463134766,46.28854751586914,-12.710845947265625
scan75,19,3,large_disparity,2556,95.18416595458984,23.974056243896484,-71.21010971069336
scan75,19,3,occluded_any,1791,54.67428207397461,46.14859390258789,-8.525688171386719
scan75,19,3,occluded_majority,756,95.73661804199219,83.50946044921875,-12.227157592773438
scan75,19,3,large_disp_and_occluded,221,161.62289428710938,99.1641845703125,-62.458709716796875
scan75,19,3,boundary_and_occluded,711,82.03316497802734,66.41633605957031,-15.616828918457031
scan75,20,3,full,13403,21.537334442138672,8.865769386291504,-12.671565055847168
scan75,20,3,boundary,1341,52.94491195678711,43.272090911865234,-9.672821044921875
scan75,20,3,large_disparity,2681,79.77705383300781,17.67664909362793,-62.10040473937988
scan75,20,3,occluded_any,2569,42.034515380859375,31.419315338134766,-10.61520004272461
scan75,20,3,occluded_majority,1388,53.50450134277344,47.940338134765625,-5.5641632080078125
scan75,20,3,large_disp_and_occluded,371,139.3798065185547,67.78067779541016,-71.59912872314453
scan75,20,3,boundary_and_occluded,926,66.15994262695312,55.86418533325195,-10.295757293701172
scan75,21,3,full,12844,16.078575134277344,6.901657581329346,-9.176917552947998
scan75,21,3,boundary,1285,43.790428161621094,34.369903564453125,-9.420524597167969
scan75,21,3,large_disparity,2569,59.92729949951172,13.48041820526123,-46.44688129425049
scan75,21,3,occluded_any,2634,34.758399963378906,22.73369598388672,-12.024703979492188
scan75,21,3,occluded_majority,1654,44.1190299987793,30.784984588623047,-13.33404541015625
scan75,21,3,large_disp_and_occluded,581,90.0683364868164,39.22153091430664,-50.846805572509766
scan75,21,3,boundary_and_occluded,855,56.17582321166992,44.40449523925781,-11.77132797241211
scan75,22,3,full,12830,12.21829605102539,5.643340587615967,-6.574955463409424
scan75,22,3,boundary,1283,36.48820877075195,28.460994720458984,-8.027214050292969
scan75,22,3,large_disparity,2566,39.451385498046875,8.207551956176758,-31.243833541870117
scan75,22,3,occluded_any,2396,32.80805969238281,22.08587646484375,-10.722183227539062
scan75,22,3,occluded_majority,1292,34.87336730957031,30.864290237426758,-4.009077072143555
scan75,22,3,large_disp_and_occluded,879,42.462738037109375,16.398967742919922,-26.063770294189453
scan75,22,3,boundary_and_occluded,864,46.23875045776367,36.91543197631836,-9.323318481445312
scan75,23,3,full,12542,8.452619552612305,5.025144577026367,-3.4274749755859375
scan75,23,3,boundary,1255,33.084476470947266,24.850360870361328,-8.234115600585938
scan75,23,3,large_disparity,2509,29.196292877197266,13.808337211608887,-15.387955665588379
scan75,23,3,occluded_any,2229,30.554561614990234,23.252471923828125,-7.302089691162109
scan75,23,3,occluded_majority,1125,38.53630065917969,33.122657775878906,-5.413642883300781
scan75,23,3,large_disp_and_occluded,1153,39.15290451049805,26.380977630615234,-12.771926879882812
scan75,23,3,boundary_and_occluded,868,42.04243469238281,32.72166442871094,-9.320770263671875
scan75,24,3,full,11605,6.46815299987793,6.237263202667236,-0.23088979721069336
scan75,24,3,boundary,1161,25.99709129333496,25.02388572692871,-0.97320556640625
scan75,24,3,large_disparity,2321,22.581483840942383,20.688274383544922,-1.893209457397461
scan75,24,3,occluded_any,2125,28.907306671142578,28.150691986083984,-0.7566146850585938
scan75,24,3,occluded_majority,1167,30.273712158203125,30.63335418701172,0.35964202880859375
scan75,24,3,large_disp_and_occluded,1111,41.45233154296875,38.90266418457031,-2.5496673583984375
scan75,24,3,boundary_and_occluded,837,31.637075424194336,31.31189727783203,-0.3251781463623047
scan75,25,3,full,11829,8.581354141235352,13.60677433013916,5.025420188903809
scan75,25,3,boundary,1183,30.15019416809082,34.26411437988281,4.113920211791992
scan75,25,3,large_disparity,2366,27.46575355529785,46.6118049621582,19.14605140686035
scan75,25,3,occluded_any,2243,33.33150100708008,52.927947998046875,19.596446990966797
scan75,25,3,occluded_majority,1153,37.503597259521484,46.93102264404297,9.427425384521484
scan75,25,3,large_disp_and_occluded,971,53.291648864746094,94.43148803710938,41.13983917236328
scan75,25,3,boundary_and_occluded,896,33.320438385009766,38.05965042114258,4.7392120361328125
scan75,26,3,full,11831,12.45457935333252,10.582732200622559,-1.871847152709961
scan75,26,3,boundary,1184,38.448001861572266,36.304813385009766,-2.1431884765625
scan75,26,3,large_disparity,2367,46.952579498291016,37.13103103637695,-9.821548461914062
scan75,26,3,occluded_any,2423,41.11328887939453,38.10075378417969,-3.0125350952148438
scan75,26,3,occluded_majority,1152,43.50181579589844,41.07822799682617,-2.4235877990722656
scan75,26,3,large_disp_and_occluded,1199,62.282352447509766,55.135013580322266,-7.1473388671875
scan75,26,3,boundary_and_occluded,862,44.41014862060547,43.415863037109375,-0.9942855834960938
scan75,27,3,full,12019,14.439308166503906,10.261548042297363,-4.177760124206543
scan75,27,3,boundary,1202,42.31344985961914,36.63129806518555,-5.682151794433594
scan75,27,3,large_disparity,2404,38.06507873535156,16.014944076538086,-22.050134658813477
scan75,27,3,occluded_any,1999,43.21937561035156,41.6192741394043,-1.6001014709472656
scan75,27,3,occluded_majority,803,51.336551666259766,47.37411117553711,-3.9624404907226562
scan75,27,3,large_disp_and_occluded,565,52.31399154663086,40.917877197265625,-11.396114349365234
scan75,27,3,boundary_and_occluded,839,48.691280364990234,44.75898742675781,-3.932292938232422
scan75,28,3,full,8951,20.598604202270508,16.271808624267578,-4.32679557800293
scan75,28,3,boundary,896,57.881935119628906,46.759033203125,-11.122901916503906
scan75,28,3,large_disparity,1791,71.46295928955078,51.649600982666016,-19.813358306884766
scan75,28,3,occluded_any,1996,70.14466857910156,56.87102127075195,-13.27364730834961
scan75,28,3,occluded_majority,1016,72.50492858886719,62.3639030456543,-10.14102554321289
scan75,28,3,large_disp_and_occluded,791,129.37725830078125,99.38569641113281,-29.991561889648438
scan75,28,3,boundary_and_occluded,559,71.17683410644531,55.70921325683594,-15.467620849609375
scan75,29,3,full,9197,18.24342155456543,14.234278678894043,-4.009142875671387
scan75,29,3,boundary,920,58.707759857177734,48.9712028503418,-9.736557006835938
scan75,29,3,large_disparity,1840,72.75151062011719,57.41336441040039,-15.338146209716797
scan75,29,3,occluded_any,2250,60.695804595947266,51.05649948120117,-9.639305114746094
scan75,29,3,occluded_majority,1058,79.34174346923828,72.10835266113281,-7.233390808105469
scan75,29,3,large_disp_and_occluded,1218,95.69480895996094,80.6762924194336,-15.018516540527344
scan75,29,3,boundary_and_occluded,645,71.5059814453125,62.89431381225586,-8.61166763305664
scan75,30,3,full,9438,15.952990531921387,14.68305778503418,-1.269932746887207
scan75,30,3,boundary,944,61.547977447509766,55.86771774291992,-5.680259704589844
scan75,30,3,large_disparity,1888,71.48657989501953,66.36608123779297,-5.1204986572265625
scan75,30,3,occluded_any,2185,56.01336669921875,53.779823303222656,-2.2335433959960938
scan75,30,3,occluded_majority,1249,72.20914459228516,69.12654876708984,-3.0825958251953125
scan75,30,3,large_disp_and_occluded,1303,89.27593994140625,85.22728729248047,-4.048652648925781
scan75,30,3,boundary_and_occluded,682,75.75296783447266,70.24872589111328,-5.504241943359375
scan75,31,3,full,9866,12.492716789245605,12.88884449005127,0.39612770080566406
scan75,31,3,boundary,987,58.28890609741211,57.75410842895508,-0.5347976684570312
scan75,31,3,large_disparity,1974,53.104923248291016,51.8869514465332,-1.2179718017578125
scan75,31,3,occluded_any,1921,51.10451126098633,50.01031494140625,-1.0941963195800781
scan75,31,3,occluded_majority,1074,65.30707550048828,62.525306701660156,-2.781768798828125
scan75,31,3,large_disp_and_occluded,1033,89.0516357421875,87.699951171875,-1.3516845703125
scan75,31,3,boundary_and_occluded,741,68.69155883789062,68.09488677978516,-0.5966720581054688
scan75,32,3,full,10002,9.340005874633789,8.901297569274902,-0.4387083053588867
scan75,32,3,boundary,1001,51.075599670410156,49.2076416015625,-1.8679580688476562
scan75,32,3,large_disparity,2001,39.94550704956055,37.863304138183594,-2.082202911376953
scan75,32,3,occluded_any,1763,43.6690559387207,42.88652038574219,-0.7825355529785156
scan75,32,3,occluded_majority,1050,57.66855239868164,56.00382614135742,-1.6647262573242188
scan75,32,3,large_disp_and_occluded,919,77.44385528564453,74.84403991699219,-2.5998153686523438
scan75,32,3,boundary_and_occluded,752,62.62651824951172,61.35720443725586,-1.2693138122558594
scan75,33,3,full,10588,10.771137237548828,8.51358413696289,-2.2575531005859375
scan75,33,3,boundary,1059,51.88676452636719,44.336402893066406,-7.550361633300781
scan75,33,3,large_disparity,2118,43.53998565673828,33.361839294433594,-10.178146362304688
scan75,33,3,occluded_any,2262,40.05825424194336,33.62094497680664,-6.437309265136719
scan75,33,3,occluded_majority,1230,49.36157989501953,43.41722106933594,-5.944358825683594
scan75,33,3,large_disp_and_occluded,1280,61.76610565185547,50.4302864074707,-11.335819244384766
scan75,33,3,boundary_and_occluded,808,60.95234680175781,52.322811126708984,-8.629535675048828
scan75,34,3,full,10776,14.09977912902832,9.257499694824219,-4.842279434204102
scan75,34,3,boundary,1078,52.1955451965332,46.412506103515625,-5.783039093017578
scan75,34,3,large_disparity,2156,55.011348724365234,32.50055694580078,-22.510791778564453
scan75,34,3,occluded_any,2624,42.874488830566406,32.902442932128906,-9.9720458984375
scan75,34,3,occluded_majority,1306,55.32320785522461,48.14997863769531,-7.173229217529297
scan75,34,3,large_disp_and_occluded,1531,60.08578872680664,43.51667022705078,-16.56911849975586
scan75,34,3,boundary_and_occluded,755,65.25015258789062,60.47507095336914,-4.775081634521484
scan75,35,3,full,10450,17.14978790283203,10.36620807647705,-6.7835798263549805
scan75,35,3,boundary,1045,59.17640686035156,53.414119720458984,-5.762287139892578
scan75,35,3,large_disparity,2090,52.195560455322266,17.741233825683594,-34.45432662963867
scan75,35,3,occluded_any,2777,44.62242126464844,32.540618896484375,-12.081802368164062
scan75,35,3,occluded_majority,1271,55.55147171020508,51.61469268798828,-3.936779022216797
scan75,35,3,large_disp_and_occluded,1315,49.26806640625,23.04196548461914,-26.22610092163086
scan75,35,3,boundary_and_occluded,754,71.49824523925781,65.94454956054688,-5.5536956787109375
scan75,36,3,full,10039,20.427255630493164,10.954594612121582,-9.472661018371582
scan75,36,3,boundary,1004,57.69072723388672,50.341739654541016,-7.348987579345703
scan75,36,3,large_disparity,2008,62.25913619995117,16.11699676513672,-46.14213943481445
scan75,36,3,occluded_any,2694,47.322349548339844,32.48954772949219,-14.832801818847656
scan75,36,3,occluded_majority,1188,61.75101089477539,57.788246154785156,-3.9627647399902344
scan75,36,3,large_disp_and_occluded,1086,57.15131378173828,19.80080223083496,-37.35051155090332
scan75,36,3,boundary_and_occluded,704,69.35913848876953,64.81820678710938,-4.540931701660156
scan75,37,3,full,9871,26.131793975830078,12.549222946166992,-13.582571029663086
scan75,37,3,boundary,988,65.72674560546875,52.776493072509766,-12.950252532958984
scan75,37,3,large_disparity,1975,86.19087219238281,20.736064910888672,-65.45480728149414
scan75,37,3,occluded_any,3265,60.382686614990234,31.043107986450195,-29.33957862854004
scan75,37,3,occluded_majority,1897,72.5390396118164,42.82390594482422,-29.715133666992188
scan75,37,3,large_disp_and_occluded,1512,82.46365356445312,20.19826889038086,-62.265384674072266
scan75,37,3,boundary_and_occluded,711,82.35504913330078,68.17389678955078,-14.18115234375
scan75,38,3,full,6373,36.04519271850586,30.521404266357422,-5.5237884521484375
scan75,38,3,boundary,638,100.54015350341797,87.17874908447266,-13.361404418945312
scan75,38,3,large_disparity,1275,117.87248992919922,90.34654235839844,-27.52594757080078
scan75,38,3,occluded_any,1234,134.59417724609375,126.39076232910156,-8.203414916992188
scan75,38,3,occluded_majority,1014,153.68426513671875,146.0886993408203,-7.5955657958984375
scan75,38,3,large_disp_and_occluded,492,213.74853515625,197.49322509765625,-16.25531005859375
scan75,38,3,boundary_and_occluded,321,144.2176513671875,129.73313903808594,-14.484512329101562
scan75,39,3,full,6999,28.76863670349121,22.295246124267578,-6.473390579223633
scan75,39,3,boundary,700,93.13409423828125,79.32737731933594,-13.806716918945312
scan75,39,3,large_disparity,1400,108.43304443359375,75.95660400390625,-32.4764404296875
scan75,39,3,occluded_any,1774,91.31134796142578,76.32762908935547,-14.983718872070312
scan75,39,3,occluded_majority,889,138.95068359375,125.44298553466797,-13.507698059082031
scan75,39,3,large_disp_and_occluded,933,135.2626495361328,107.27681732177734,-27.98583221435547
scan75,39,3,boundary_and_occluded,431,127.00177001953125,109.6333236694336,-17.368446350097656
scan75,40,3,full,7392,25.71854591369629,19.737834930419922,-5.980710983276367
scan75,40,3,boundary,740,81.28369140625,66.11000061035156,-15.173690795898438
scan75,40,3,large_disparity,1479,103.53247833251953,74.4393081665039,-29.093170166015625
scan75,40,3,occluded_any,1804,84.84632873535156,69.19242095947266,-15.653907775878906
scan75,40,3,occluded_majority,1044,111.56804656982422,98.6578598022461,-12.910186767578125
scan75,40,3,large_disp_and_occluded,1090,121.45085906982422,96.91093444824219,-24.53992462158203
scan75,40,3,boundary_and_occluded,446,105.98590087890625,87.86149597167969,-18.124404907226562
scan75,41,3,full,7799,18.892578125,14.461626052856445,-4.430952072143555
scan75,41,3,boundary,780,68.80257415771484,58.79509735107422,-10.007476806640625
scan75,41,3,large_disparity,1560,73.33655548095703,51.457061767578125,-21.879493713378906
scan75,41,3,occluded_any,1670,65.33346557617188,55.41803741455078,-9.915428161621094
scan75,41,3,occluded_majority,843,90.36579895019531,81.86026763916016,-8.505531311035156
scan75,41,3,large_disp_and_occluded,905,100.26570129394531,80.50426483154297,-19.761436462402344
scan75,41,3,boundary_and_occluded,506,82.87603759765625,74.39720153808594,-8.478836059570312
scan75,42,3,full,8180,11.80909538269043,8.258197784423828,-3.5508975982666016
scan75,42,3,boundary,818,50.64399337768555,43.48280334472656,-7.161190032958984
scan75,42,3,large_disparity,1636,35.15740966796875,21.132736206054688,-14.024673461914062
scan75,42,3,occluded_any,1402,41.56714630126953,35.249576568603516,-6.317569732666016
scan75,42,3,occluded_majority,563,65.9884262084961,58.12595748901367,-7.862468719482422
scan75,42,3,large_disp_and_occluded,611,65.12078094482422,48.78190612792969,-16.33887481689453
scan75,42,3,boundary_and_occluded,539,58.82500076293945,52.997501373291016,-5.8274993896484375
scan75,43,3,full,8354,6.778163433074951,5.714123725891113,-1.064039707183838
scan75,43,3,boundary,836,33.10311508178711,29.259662628173828,-3.8434524536132812
scan75,43,3,large_disparity,1671,16.017736434936523,10.871612548828125,-5.146123886108398
scan75,43,3,occluded_any,1258,27.416479110717773,23.913591384887695,-3.502887725830078
scan75,43,3,occluded_majority,556,37.15111541748047,31.874649047851562,-5.276466369628906
scan75,43,3,large_disp_and_occluded,461,45.0048713684082,34.83074188232422,-10.174129486083984
scan75,43,3,boundary_and_occluded,558,39.61113739013672,34.624717712402344,-4.986419677734375
scan75,44,3,full,8280,5.02702522277832,4.830909252166748,-0.19611597061157227
scan75,44,3,boundary,828,26.735593795776367,23.322477340698242,-3.413116455078125
scan75,44,3,large_disparity,1656,7.862065315246582,6.775118350982666,-1.086946964263916
scan75,44,3,occluded_any,1093,22.068727493286133,20.451066970825195,-1.6176605224609375
scan75,44,3,occluded_majority,457,33.448909759521484,30.543567657470703,-2.9053421020507812
scan75,44,3,large_disp_and_occluded,317,33.720584869384766,29.685447692871094,-4.035137176513672
scan75,44,3,boundary_and_occluded,484,32.22047424316406,29.183517456054688,-3.036956787109375
scan75,45,3,full,8218,11.798490524291992,11.234260559082031,-0.5642299652099609
scan75,45,3,boundary,822,63.72691345214844,59.93013381958008,-3.7967796325683594
scan75,45,3,large_disparity,1644,39.87052536010742,37.52134704589844,-2.3491783142089844
scan75,45,3,occluded_any,1139,50.68057632446289,47.471431732177734,-3.2091445922851562
scan75,45,3,occluded_majority,528,89.51631164550781,84.82368469238281,-4.692626953125
scan75,45,3,large_disp_and_occluded,454,104.02051544189453,97.9227066040039,-6.097808837890625
scan75,45,3,boundary_and_occluded,502,72.59473419189453,67.78793334960938,-4.806800842285156
scan75,46,3,full,7665,20.119009017944336,18.487730026245117,-1.6312789916992188
scan75,46,3,boundary,767,90.90296936035156,85.99854278564453,-4.904426574707031
scan75,46,3,large_disparity,1533,89.71874237060547,80.99092102050781,-8.727821350097656
scan75,46,3,occluded_any,1459,85.70762634277344,78.7555923461914,-6.952033996582031
scan75,46,3,occluded_majority,825,116.21168518066406,105.28296661376953,-10.928718566894531
scan75,46,3,large_disp_and_occluded,871,135.42962646484375,122.99381256103516,-12.435813903808594
scan75,46,3,boundary_and_occluded,504,114.9736099243164,108.52396392822266,-6.44964599609375
scan75,47,3,full,7356,25.472213745117188,26.82398796081543,1.3517742156982422
scan75,47,3,boundary,736,90.73204040527344,87.3681869506836,-3.3638534545898438
scan75,47,3,large_disparity,1472,116.0830078125,123.75542449951172,7.672416687011719
scan75,47,3,occluded_any,1741,91.02682495117188,96.06404113769531,5.0372161865234375
scan75,47,3,occluded_majority,1038,102.69037628173828,112.4766616821289,9.786285400390625
scan75,47,3,large_disp_and_occluded,1173,129.0685272216797,136.85121154785156,7.782684326171875
scan75,47,3,boundary_and_occluded,461,112.8773193359375,109.74150848388672,-3.1358108520507812
scan75,48,3,full,6949,31.959558486938477,32.372535705566406,0.4129772186279297
scan75,48,3,boundary,695,104.85649871826172,105.46517181396484,0.608673095703125
scan75,48,3,large_disparity,1390,135.56146240234375,140.59939575195312,5.037933349609375
scan75,48,3,occluded_any,1581,112.10907745361328,113.81170654296875,1.7026290893554688
scan75,48,3,occluded_majority,962,121.03305053710938,121.73101806640625,0.697967529296875
scan75,48,3,large_disp_and_occluded,766,205.4051055908203,211.075927734375,5.6708221435546875
scan75,48,3,boundary_and_occluded,397,139.44163513183594,143.05714416503906,3.615509033203125
scan77,0,3,full,19612,9.845537185668945,8.962179183959961,-0.8833580017089844
scan77,0,3,boundary,1962,29.954727172851562,25.90960121154785,-4.045125961303711
scan77,0,3,large_disparity,3923,2.8792176246643066,3.6858346462249756,0.806617021560669
scan77,0,3,occluded_any,4573,19.72066307067871,20.250171661376953,0.5295085906982422
scan77,0,3,occluded_majority,2138,34.21131134033203,35.410709381103516,1.1993980407714844
scan77,0,3,large_disp_and_occluded,374,4.098965167999268,7.69222354888916,3.5932583808898926
scan77,0,3,boundary_and_occluded,481,53.7465934753418,57.02922058105469,3.2826271057128906
scan77,1,3,full,19996,8.773754119873047,6.982067584991455,-1.7916865348815918
scan77,1,3,boundary,2000,29.517742156982422,25.40024185180664,-4.117500305175781
scan77,1,3,large_disparity,4000,2.2787606716156006,2.528109073638916,0.24934840202331543
scan77,1,3,occluded_any,3754,34.71033477783203,26.749542236328125,-7.960792541503906
scan77,1,3,occluded_majority,1656,54.919761657714844,40.12924575805664,-14.790515899658203
scan77,1,3,large_disp_and_occluded,17,1.584641456604004,3.069070339202881,1.484428882598877
scan77,1,3,boundary_and_occluded,713,58.64411926269531,53.845054626464844,-4.799064636230469
scan77,2,3,full,19953,17.861040115356445,8.219237327575684,-9.641802787780762
scan77,2,3,boundary,1996,26.976848602294922,26.095746994018555,-0.8811016082763672
scan77,2,3,large_disparity,3991,15.424872398376465,1.562549114227295,-13.86232328414917
scan77,2,3,occluded_any,3717,45.68027877807617,33.24180221557617,-12.4384765625
scan77,2,3,occluded_majority,1981,51.6996955871582,43.30574035644531,-8.39395523071289
scan77,2,3,boundary_and_occluded,685,60.152225494384766,62.803340911865234,2.6511154174804688
scan77,3,3,full,19637,5.234742164611816,5.523426532745361,0.2886843681335449
scan77,3,3,boundary,1964,22.017562866210938,22.724224090576172,0.7066612243652344
scan77,3,3,large_disparity,3928,0.9190048575401306,0.8575640916824341,-0.06144076585769653
scan77,3,3,occluded_any,3879,15.814711570739746,16.972986221313477,1.1582746505737305
scan77,3,3,occluded_majority,1490,29.613035202026367,32.113670349121094,2.5006351470947266
scan77,3,3,boundary_and_occluded,839,36.69548797607422,39.16823959350586,2.4727516174316406
scan77,4,3,full,17366,5.022756576538086,4.741855621337891,-0.2809009552001953
scan77,4,3,boundary,1737,22.092784881591797,21.98874282836914,-0.10404205322265625
scan77,4,3,large_disparity,3474,0.7699538469314575,0.9784200191497803,0.20846617221832275
scan77,4,3,occluded_any,4009,13.198884963989258,13.574190139770508,0.37530517578125
scan77,4,3,occluded_majority,2074,23.04972267150879,23.723251342773438,0.6735286712646484
scan77,4,3,large_disp_and_occluded,71,1.0935015678405762,0.8993590474128723,-0.19414252042770386
scan77,4,3,boundary_and_occluded,638,35.864051818847656,38.663185119628906,2.79913330078125
scan77,5,3,full,17333,5.381363868713379,7.085936069488525,1.7045722007751465
scan77,5,3,boundary,1734,23.489513397216797,26.086008071899414,2.596494674682617
scan77,5,3,large_disparity,3467,2.082111120223999,1.1948336362838745,-0.8872774839401245
scan77,5,3,occluded_any,4063,16.573488235473633,23.270421981811523,6.696933746337891
scan77,5,3,occluded_majority,1983,29.72447395324707,41.253936767578125,11.529462814331055
scan77,5,3,large_disp_and_occluded,53,3.1989665031433105,0.8740568161010742,-2.3249096870422363
scan77,5,3,boundary_and_occluded,745,41.259429931640625,47.37686538696289,6.117435455322266
scan77,6,3,full,19361,5.9912896156311035,5.354633808135986,-0.6366558074951172
scan77,6,3,boundary,1937,25.93137550354004,26.06013298034668,0.12875747680664062
scan77,6,3,large_disparity,3873,3.5359177589416504,0.76995450258255,-2.7659632563591003
scan77,6,3,occluded_any,4008,18.00436782836914,17.489715576171875,-0.5146522521972656
scan77,6,3,occluded_majority,1921,32.12556838989258,30.98348045349121,-1.1420879364013672
scan77,6,3,boundary_and_occluded,708,55.334468841552734,54.62373733520508,-0.7107315063476562
scan77,7,3,full,19530,8.090919494628906,7.337284088134766,-0.7536354064941406
scan77,7,3,boundary,1953,28.59210777282715,27.832317352294922,-0.7597904205322266
scan77,7,3,large_disparity,3906,4.078431129455566,0.9309890866279602,-3.147442042827606
scan77,7,3,occluded_any,4437,20.567598342895508,20.030559539794922,-0.5370388031005859
scan77,7,3,occluded_majority,1726,35.12992858886719,33.25882339477539,-1.8711051940917969
scan77,7,3,boundary_and_occluded,768,61.298187255859375,57.159854888916016,-4.138332366943359
scan77,8,3,full,19651,15.267729759216309,10.56830883026123,-4.699420928955078
scan77,8,3,boundary,1966,29.989688873291016,27.52591896057129,-2.4637699127197266
scan77,8,3,large_disparity,3931,5.776806354522705,3.6627089977264404,-2.1140973567962646
scan77,8,3,occluded_any,3911,57.4967155456543,37.17960739135742,-20.317108154296875
scan77,8,3,occluded_majority,1610,80.43556213378906,48.84440994262695,-31.59115219116211
scan77,8,3,boundary_and_occluded,710,68.90170288085938,64.47178649902344,-4.4299163818359375
scan77,9,3,full,19764,16.55463981628418,13.37240982055664,-3.182229995727539
scan77,9,3,boundary,1977,30.382709503173828,29.195852279663086,-1.1868572235107422
scan77,9,3,large_disparity,3953,6.697408199310303,12.261792182922363,5.5643839836120605
scan77,9,3,occluded_any,4214,56.04361343383789,38.873233795166016,-17.170379638671875
scan77,9,3,occluded_majority,1792,68.46277618408203,49.13811492919922,-19.324661254882812
scan77,9,3,boundary_and_occluded,760,61.80717468261719,61.4529914855957,-0.3541831970214844
scan77,10,3,full,19765,10.870024681091309,11.368657112121582,0.49863243103027344
scan77,10,3,boundary,1977,32.560787200927734,28.36617660522461,-4.194610595703125
scan77,10,3,large_disparity,3953,4.681902885437012,7.583004951477051,2.901102066040039
scan77,10,3,occluded_any,3487,36.36738586425781,32.65446090698242,-3.7129249572753906
scan77,10,3,occluded_majority,1832,41.94233703613281,35.89839553833008,-6.043941497802734
scan77,10,3,large_disp_and_occluded,9,1.4019300937652588,6.92155647277832,5.5196263790130615
scan77,10,3,boundary_and_occluded,582,69.92186737060547,68.62772369384766,-1.2941436767578125
scan77,11,3,full,18878,25.228290557861328,10.747808456420898,-14.48048210144043
scan77,11,3,boundary,1888,76.94620513916016,48.091888427734375,-28.85431671142578
scan77,11,3,large_disparity,3776,72.79457092285156,11.900887489318848,-60.893683433532715
scan77,11,3,occluded_any,4731,23.714866638183594,18.216571807861328,-5.498294830322266
scan77,11,3,occluded_majority,2565,29.920942306518555,27.822006225585938,-2.098936080932617
scan77,11,3,large_disp_and_occluded,192,83.30281829833984,17.63286781311035,-65.66995048522949
scan77,11,3,boundary_and_occluded,493,73.6880874633789,64.36406707763672,-9.324020385742188
scan77,12,3,full,19547,26.76279067993164,11.063154220581055,-15.699636459350586
scan77,12,3,boundary,1955,80.83763122558594,45.52042007446289,-35.31721115112305
scan77,12,3,large_disparity,3910,83.9923324584961,13.083443641662598,-70.9088888168335
scan77,12,3,occluded_any,4237,31.416597366333008,31.21509552001953,-0.20150184631347656
scan77,12,3,occluded_majority,928,83.88731384277344,82.56537628173828,-1.3219375610351562
scan77,12,3,large_disp_and_occluded,108,59.65288162231445,6.092574596405029,-53.560307025909424
scan77,12,3,boundary_and_occluded,655,75.68971252441406,74.14678192138672,-1.5429306030273438
scan77,13,3,full,19901,31.152599334716797,14.95666217803955,-16.195937156677246
scan77,13,3,boundary,1991,76.60910034179688,48.3938102722168,-28.215290069580078
scan77,13,3,large_disparity,3981,85.95621490478516,13.334564208984375,-72.62165069580078
scan77,13,3,occluded_any,4819,40.632423400878906,40.063720703125,-0.5687026977539062
scan77,13,3,occluded_majority,1956,53.163780212402344,60.05355453491211,6.889774322509766
scan77,13,3,large_disp_and_occluded,18,156.50233459472656,66.43289184570312,-90.06944274902344
scan77,13,3,boundary_and_occluded,610,86.16545867919922,80.49955749511719,-5.665901184082031
scan77,14,3,full,19892,36.791378021240234,21.547868728637695,-15.243509292602539
scan77,14,3,boundary,1990,75.24935913085938,48.388545989990234,-26.86081314086914
scan77,14,3,large_disparity,3979,86.34647369384766,17.851478576660156,-68.4949951171875
scan77,14,3,occluded_any,4322,66.23133087158203,67.91920471191406,1.6878738403320312
scan77,14,3,occluded_majority,2051,82.49544525146484,89.9023666381836,7.40692138671875
scan77,14,3,large_disp_and_occluded,11,155.04150390625,64.97174835205078,-90.06975555419922
scan77,14,3,boundary_and_occluded,595,97.84063720703125,95.517578125,-2.32305908203125
scan77,15,3,full,19563,35.85369873046875,18.787742614746094,-17.065956115722656
scan77,15,3,boundary,1957,67.90422821044922,42.484703063964844,-25.419525146484375
scan77,15,3,large_disparity,3913,87.567626953125,15.917821884155273,-71.64980506896973
scan77,15,3,occluded_any,4431,48.88017654418945,47.3796272277832,-1.50054931640625
scan77,15,3,occluded_majority,1074,79.78724670410156,69.9585189819336,-9.828727722167969
scan77,15,3,large_disp_and_occluded,26,142.19186401367188,55.74711608886719,-86.44474792480469
scan77,15,3,boundary_and_occluded,819,78.83991241455078,70.70174407958984,-8.138168334960938
scan77,16,3,full,19126,27.561513900756836,11.718718528747559,-15.842795372009277
scan77,16,3,boundary,1913,57.336421966552734,38.31867599487305,-19.017745971679688
scan77,16,3,large_disparity,3826,75.27792358398438,8.074310302734375,-67.20361328125
scan77,16,3,occluded_any,4365,36.663307189941406,31.227279663085938,-5.436027526855469
scan77,16,3,occluded_majority,1135,71.46414184570312,63.01350402832031,-8.450637817382812
scan77,16,3,large_disp_and_occluded,50,150.21864318847656,52.04612350463867,-98.17251968383789
scan77,16,3,boundary_and_occluded,832,78.20272064208984,68.19055938720703,-10.012161254882812
scan77,17,3,full,18930,23.191682815551758,8.771838188171387,-14.419844627380371
scan77,17,3,boundary,1893,58.018253326416016,37.71954345703125,-20.298709869384766
scan77,17,3,large_disparity,3786,71.20893859863281,5.798681735992432,-65.41025686264038
scan77,17,3,occluded_any,4399,25.327116012573242,21.03261375427246,-4.294502258300781
scan77,17,3,occluded_majority,1380,44.17715835571289,37.87883377075195,-6.2983245849609375
scan77,17,3,large_disp_and_occluded,61,158.40574645996094,69.77145385742188,-88.63429260253906
scan77,17,3,boundary_and_occluded,795,71.97252655029297,66.72088623046875,-5.251640319824219
scan77,18,3,full,18538,23.931596755981445,9.236796379089355,-14.69480037689209
scan77,18,3,boundary,1854,53.13714599609375,44.73140335083008,-8.405742645263672
scan77,18,3,large_disparity,3708,70.31748962402344,6.625132083892822,-63.692357540130615
scan77,18,3,occluded_any,4231,31.046863555908203,28.74794578552246,-2.298917770385742
scan77,18,3,occluded_majority,1794,51.605316162109375,53.332759857177734,1.7274436950683594
scan77,18,3,large_disp_and_occluded,90,138.23619079589844,59.51325988769531,-78.72293090820312
scan77,18,3,boundary_and_occluded,857,76.55558776855469,79.6002426147461,3.0446548461914062
scan77,19,3,full,13439,40.57279968261719,21.905691146850586,-18.6671085357666
scan77,19,3,boundary,1344,84.91510009765625,74.54354095458984,-10.371559143066406
scan77,19,3,large_disparity,2688,96.15055084228516,22.201955795288086,-73.94859504699707
scan77,19,3,occluded_any,4476,80.90928649902344,54.66340637207031,-26.245880126953125
scan77,19,3,occluded_majority,2056,105.65499114990234,90.05772399902344,-15.597267150878906
scan77,19,3,large_disp_and_occluded,1368,97.37307739257812,22.524261474609375,-74.84881591796875
scan77,19,3,boundary_and_occluded,753,130.79830932617188,116.24486541748047,-14.553443908691406
scan77,20,3,full,14856,40.91416931152344,21.197376251220703,-19.716793060302734
scan77,20,3,boundary,1486,87.93309783935547,74.6075439453125,-13.325553894042969
scan77,20,3,large_disparity,2972,105.04710388183594,23.732006072998047,-81.31509780883789
scan77,20,3,occluded_any,5074,78.36896514892578,44.25921630859375,-34.10974884033203
scan77,20,3,occluded_majority,2215,97.06231689453125,70.12739562988281,-26.934921264648438
scan77,20,3,large_disp_and_occluded,1582,114.85001373291016,28.989713668823242,-85.86030006408691
scan77,20,3,boundary_and_occluded,894,117.18507385253906,104.54639434814453,-12.638679504394531
scan77,21,3,full,15063,44.23433303833008,25.253511428833008,-18.98082160949707
scan77,21,3,boundary,1507,86.61415100097656,75.5879898071289,-11.026161193847656
scan77,21,3,large_disparity,3013,118.74483489990234,34.25240707397461,-84.49242782592773
scan77,21,3,occluded_any,5134,72.2125015258789,33.706607818603516,-38.50589370727539
scan77,21,3,occluded_majority,2488,79.51181030273438,44.31180953979492,-35.20000076293945
scan77,21,3,large_disp_and_occluded,1789,122.78154754638672,36.43498611450195,-86.34656143188477
scan77,21,3,boundary_and_occluded,900,99.81898498535156,84.73885345458984,-15.080131530761719
scan77,22,3,full,15428,58.4950065612793,45.50787353515625,-12.987133026123047
scan77,22,3,boundary,1543,100.8195571899414,84.7658462524414,-16.0537109375
scan77,22,3,large_disparity,3086,134.6273193359375,99.60245513916016,-35.024864196777344
scan77,22,3,occluded_any,5335,113.21351623535156,82.95549774169922,-30.258018493652344
scan77,22,3,occluded_majority,2500,107.47834014892578,70.29141998291016,-37.186920166015625
scan77,22,3,large_disp_and_occluded,2026,133.5846405029297,96.22022247314453,-37.364418029785156
scan77,22,3,boundary_and_occluded,961,128.2088165283203,112.702880859375,-15.505935668945312
scan77,23,3,full,15819,69.87459564208984,49.79413604736328,-20.080459594726562
scan77,23,3,boundary,1582,100.14488983154297,98.038818359375,-2.1060714721679688
scan77,23,3,large_disparity,3164,167.5581512451172,120.38626098632812,-47.17189025878906
scan77,23,3,occluded_any,5444,114.95066833496094,91.67726135253906,-23.273406982421875
scan77,23,3,occluded_majority,1315,106.3489990234375,114.21544647216797,7.866447448730469
scan77,23,3,large_disp_and_occluded,1506,171.5155792236328,135.59027099609375,-35.92530822753906
scan77,23,3,boundary_and_occluded,961,126.78263854980469,119.04240417480469,-7.740234375
scan77,24,3,full,16181,62.27161407470703,50.57965850830078,-11.69195556640625
scan77,24,3,boundary,1619,116.16819763183594,109.42034912109375,-6.7478485107421875
scan77,24,3,large_disparity,3237,166.02134704589844,123.8287582397461,-42.192588806152344
scan77,24,3,occluded_any,5398,107.75592803955078,101.94859313964844,-5.807334899902344
scan77,24,3,occluded_majority,1425,127.74832153320312,132.5972137451172,4.8488922119140625
scan77,24,3,large_disp_and_occluded,1372,167.81732177734375,160.08126831054688,-7.736053466796875
scan77,24,3,boundary_and_occluded,930,140.58883666992188,133.798828125,-6.790008544921875
scan77,25,3,full,16262,55.857818603515625,43.02695083618164,-12.830867767333984
scan77,25,3,boundary,1627,125.62946319580078,111.69414520263672,-13.935317993164062
scan77,25,3,large_disparity,3253,147.09512329101562,111.64090728759766,-35.45421600341797
scan77,25,3,occluded_any,5256,104.324951171875,90.61590576171875,-13.70904541015625
scan77,25,3,occluded_majority,1409,120.1734619140625,116.00027465820312,-4.173187255859375
scan77,25,3,large_disp_and_occluded,1293,159.74758911132812,146.53958129882812,-13.2080078125
scan77,25,3,boundary_and_occluded,888,149.79539489746094,136.04678344726562,-13.748611450195312
scan77,26,3,full,15935,48.86206817626953,25.143186569213867,-23.718881607055664
scan77,26,3,boundary,1594,112.29109954833984,81.9434585571289,-30.347640991210938
scan77,26,3,large_disparity,3187,141.36895751953125,55.49300765991211,-85.87594985961914
scan77,26,3,occluded_any,5402,85.3169174194336,50.40303421020508,-34.913883209228516
scan77,26,3,occluded_majority,1152,85.9411849975586,58.50278091430664,-27.438404083251953
scan77,26,3,large_disp_and_occluded,1411,152.34376525878906,63.89518737792969,-88.44857788085938
scan77,26,3,boundary_and_occluded,937,128.11605834960938,96.12552642822266,-31.99053192138672
scan77,27,3,full,15155,40.13868713378906,20.210927963256836,-19.927759170532227
scan77,27,3,boundary,1516,113.61014556884766,83.11883544921875,-30.491310119628906
scan77,27,3,large_disparity,3031,119.9468002319336,50.18412399291992,-69.76267623901367
scan77,27,3,occluded_any,4458,68.78805541992188,37.211647033691406,-31.57640838623047
scan77,27,3,occluded_majority,1163,83.97164916992188,59.98018264770508,-23.991466522216797
scan77,27,3,large_disp_and_occluded,1262,140.80259704589844,56.03144836425781,-84.77114868164062
scan77,27,3,boundary_and_occluded,865,116.95863342285156,89.92010498046875,-27.038528442382812
scan77,28,3,full,10040,30.94220542907715,19.596193313598633,-11.346012115478516
scan77,28,3,boundary,1004,97.74417877197266,75.85997009277344,-21.88420867919922
scan77,28,3,large_disparity,2008,91.87025451660156,39.818302154541016,-52.05195236206055
scan77,28,3,occluded_any,3061,75.0661849975586,49.3807373046875,-25.685447692871094
scan77,28,3,occluded_majority,2445,72.3416748046875,52.42680358886719,-19.914871215820312
scan77,28,3,large_disp_and_occluded,1005,141.85678100585938,66.72010040283203,-75.13668060302734
scan77,28,3,boundary_and_occluded,652,118.17452239990234,90.51250457763672,-27.662017822265625
scan77,29,3,full,10362,38.53720474243164,26.5010986328125,-12.03610610961914
scan77,29,3,boundary,1037,108.40089416503906,93.8439712524414,-14.556922912597656
scan77,29,3,large_disparity,2073,127.5048828125,71.3764877319336,-56.128395080566406
scan77,29,3,occluded_any,3791,82.94447326660156,60.3397102355957,-22.60476303100586
scan77,29,3,occluded_majority,1151,134.79257202148438,113.79767608642578,-20.994895935058594
scan77,29,3,large_disp_and_occluded,1368,147.92417907714844,91.60710906982422,-56.31707000732422
scan77,29,3,boundary_and_occluded,748,137.76690673828125,118.24561309814453,-19.52129364013672
scan77,30,3,full,10762,50.93181610107422,37.13398361206055,-13.797832489013672
scan77,30,3,boundary,1077,131.74755859375,113.7943344116211,-17.953224182128906
scan77,30,3,large_disparity,2153,160.78761291503906,101.63780212402344,-59.149810791015625
scan77,30,3,occluded_any,3954,113.84174346923828,88.8202133178711,-25.021530151367188
scan77,30,3,occluded_majority,1135,138.40919494628906,112.45579528808594,-25.953399658203125
scan77,30,3,large_disp_and_occluded,1470,189.27691650390625,132.9258575439453,-56.35105895996094
scan77,30,3,boundary_and_occluded,794,161.70712280273438,140.53973388671875,-21.167388916015625
scan77,31,3,full,11026,59.83342742919922,47.373538970947266,-12.459888458251953
scan77,31,3,boundary,1103,150.19210815429688,128.2106475830078,-21.981460571289062
scan77,31,3,large_disparity,2206,183.98818969726562,115.1551284790039,-68.83306121826172
scan77,31,3,occluded_any,4001,136.7700958251953,112.70178985595703,-24.06830596923828
scan77,31,3,occluded_majority,1202,132.36546325683594,112.3140869140625,-20.051376342773438
scan77,31,3,large_disp_and_occluded,1542,208.474609375,143.6810302734375,-64.7935791015625
scan77,31,3,boundary_and_occluded,781,186.7824249267578,160.13116455078125,-26.651260375976562
scan77,32,3,full,11000,64.48612976074219,51.37168884277344,-13.11444091796875
scan77,32,3,boundary,1100,145.8095245361328,136.6426239013672,-9.166900634765625
scan77,32,3,large_disparity,2200,181.31092834472656,130.20913696289062,-51.10179138183594
scan77,32,3,occluded_any,3886,149.30413818359375,126.54608154296875,-22.758056640625
scan77,32,3,occluded_majority,1239,126.52062225341797,113.29083251953125,-13.229789733886719
scan77,32,3,large_disp_and_occluded,1539,208.19168090820312,161.5910186767578,-46.60066223144531
scan77,32,3,boundary_and_occluded,767,182.46292114257812,175.1565704345703,-7.3063507080078125
scan77,33,3,full,10843,64.8670654296875,61.986083984375,-2.8809814453125
scan77,33,3,boundary,1085,148.52357482910156,161.5615234375,13.037948608398438
scan77,33,3,large_disparity,2169,175.04672241210938,165.3529052734375,-9.693817138671875
scan77,33,3,occluded_any,3960,140.82278442382812,138.05601501464844,-2.7667694091796875
scan77,33,3,occluded_majority,1396,107.63511657714844,110.65191650390625,3.0167999267578125
scan77,33,3,large_disp_and_occluded,1596,200.0290985107422,197.6409454345703,-2.388153076171875
scan77,33,3,boundary_and_occluded,793,180.90325927734375,200.35797119140625,19.4547119140625
scan77,34,3,full,10647,60.198089599609375,71.74736022949219,11.549270629882812
scan77,34,3,boundary,1065,139.1170654296875,158.89804077148438,19.780975341796875
scan77,34,3,large_disparity,2130,139.7215118408203,169.3319091796875,29.610397338867188
scan77,34,3,occluded_any,3734,135.1668243408203,153.96229553222656,18.79547119140625
scan77,34,3,occluded_majority,1503,96.52835083007812,136.08172607421875,39.553375244140625
scan77,34,3,large_disp_and_occluded,1497,168.45700073242188,204.08428955078125,35.627288818359375
scan77,34,3,boundary_and_occluded,779,177.5491485595703,199.93690490722656,22.38775634765625
scan77,35,3,full,10499,57.59477615356445,57.056861877441406,-0.5379142761230469
scan77,35,3,boundary,1050,135.25491333007812,124.01201629638672,-11.242897033691406
scan77,35,3,large_disparity,2100,174.23046875,147.82754516601562,-26.402923583984375
scan77,35,3,occluded_any,3721,128.80316162109375,123.5516357421875,-5.25152587890625
scan77,35,3,occluded_majority,1147,173.68865966796875,176.35379028320312,2.665130615234375
scan77,35,3,large_disp_and_occluded,1338,217.47720336914062,191.41676330566406,-26.060440063476562
scan77,35,3,boundary_and_occluded,726,182.6639404296875,169.48536682128906,-13.178573608398438
scan77,36,3,full,10406,55.42954635620117,41.90182876586914,-13.527717590332031
scan77,36,3,boundary,1041,120.26708984375,101.77728271484375,-18.48980712890625
scan77,36,3,large_disparity,2082,145.6427764892578,77.16676330566406,-68.47601318359375
scan77,36,3,occluded_any,3713,116.26520538330078,81.22370147705078,-35.04150390625
scan77,36,3,occluded_majority,1093,164.99205017089844,124.16954803466797,-40.82250213623047
scan77,36,3,large_disp_and_occluded,1274,181.86325073242188,105.5099868774414,-76.35326385498047
scan77,36,3,boundary_and_occluded,723,161.64964294433594,136.0018310546875,-25.647811889648438
scan77,37,3,full,10270,49.16011047363281,38.16209411621094,-10.998016357421875
scan77,37,3,boundary,1027,119.11589050292969,107.0691909790039,-12.046699523925781
scan77,37,3,large_disparity,2054,121.7388687133789,69.03240203857422,-52.70646667480469
scan77,37,3,occluded_any,3072,122.96517944335938,105.10013580322266,-17.86504364013672
scan77,37,3,occluded_majority,1320,157.38632202148438,157.60906982421875,0.222747802734375
scan77,37,3,large_disp_and_occluded,1295,144.3413543701172,97.3778076171875,-46.96354675292969
scan77,37,3,boundary_and_occluded,675,167.69358825683594,152.29124450683594,-15.40234375
scan77,38,3,full,6253,102.4784927368164,89.20655059814453,-13.271942138671875
scan77,38,3,boundary,626,134.84390258789062,122.61791229248047,-12.225990295410156
scan77,38,3,large_disparity,1251,294.45135498046875,204.50430297851562,-89.94705200195312
scan77,38,3,occluded_any,2185,259.30987548828125,237.06472778320312,-22.245147705078125
scan77,38,3,occluded_majority,1765,302.7701110839844,265.79693603515625,-36.973175048828125
scan77,38,3,large_disp_and_occluded,842,389.9162292480469,290.8944396972656,-99.02178955078125
scan77,38,3,boundary_and_occluded,292,212.8565216064453,195.649658203125,-17.206863403320312
scan77,39,3,full,6911,86.73113250732422,69.45951843261719,-17.27161407470703
scan77,39,3,boundary,692,132.57662963867188,120.76383972167969,-11.812789916992188
scan77,39,3,large_disparity,1383,264.9549560546875,193.32504272460938,-71.62991333007812
scan77,39,3,occluded_any,2455,203.3174591064453,183.12542724609375,-20.192031860351562
scan77,39,3,occluded_majority,1413,262.52490234375,253.0197296142578,-9.505172729492188
scan77,39,3,large_disp_and_occluded,1026,283.41131591796875,243.2948455810547,-40.11647033691406
scan77,39,3,boundary_and_occluded,441,185.73594665527344,172.7615966796875,-12.974349975585938
scan77,40,3,full,7147,86.19400024414062,82.52194213867188,-3.67205810546875
scan77,40,3,boundary,715,127.09375,117.20320892333984,-9.890541076660156
scan77,40,3,large_disparity,1430,267.3387451171875,249.62490844726562,-17.713836669921875
scan77,40,3,occluded_any,2563,221.06491088867188,205.1547088623047,-15.910202026367188
scan77,40,3,occluded_majority,1411,293.0377502441406,262.83697509765625,-30.200775146484375
scan77,40,3,large_disp_and_occluded,1081,327.3581848144531,294.2073974609375,-33.150787353515625
scan77,40,3,boundary_and_occluded,439,192.07875061035156,180.85235595703125,-11.226394653320312
scan77,41,3,full,7286,68.11145782470703,82.46012115478516,14.348663330078125
scan77,41,3,boundary,729,132.0816650390625,125.63451385498047,-6.447151184082031
scan77,41,3,large_disparity,1458,208.17250061035156,259.9079284667969,51.73542785644531
scan77,41,3,occluded_any,2551,180.20733642578125,215.47508239746094,35.26774597167969
scan77,41,3,occluded_majority,1473,229.7787322998047,266.9201354980469,37.14140319824219
scan77,41,3,large_disp_and_occluded,1141,252.67262268066406,302.9774475097656,50.30482482910156
scan77,41,3,boundary_and_occluded,469,192.69845581054688,186.1334228515625,-6.565032958984375
scan77,42,3,full,7450,74.03633880615234,85.37129211425781,11.334953308105469
scan77,42,3,boundary,745,126.85332489013672,128.43124389648438,1.5779190063476562
scan77,42,3,large_disparity,1490,218.3592987060547,270.2334289550781,51.87413024902344
scan77,42,3,occluded_any,2640,194.02777099609375,215.6405792236328,21.612808227539062
scan77,42,3,occluded_majority,1586,247.91346740722656,256.41961669921875,8.506149291992188
scan77,42,3,large_disp_and_occluded,1168,264.36822509765625,311.3603820800781,46.992156982421875
scan77,42,3,boundary_and_occluded,485,182.1090545654297,186.66627502441406,4.557220458984375
scan77,43,3,full,7635,72.95291137695312,76.64302825927734,3.6901168823242188
scan77,43,3,boundary,764,134.4949951171875,121.21797180175781,-13.277023315429688
scan77,43,3,large_disparity,1527,168.17694091796875,150.34495544433594,-17.831985473632812
scan77,43,3,occluded_any,2796,172.2289276123047,163.59295654296875,-8.635971069335938
scan77,43,3,occluded_majority,1704,201.89137268066406,195.10670471191406,-6.78466796875
scan77,43,3,large_disp_and_occluded,1119,203.66519165039062,183.54446411132812,-20.1207275390625
scan77,43,3,boundary_and_occluded,504,186.4765625,172.55487060546875,-13.92169189453125
scan77,44,3,full,7700,77.20980072021484,72.887939453125,-4.321861267089844
scan77,44,3,boundary,770,149.2352294921875,131.49459838867188,-17.740631103515625
scan77,44,3,large_disparity,1540,196.04559326171875,154.6700897216797,-41.37550354003906
scan77,44,3,occluded_any,2767,185.46449279785156,166.17218017578125,-19.292312622070312
scan77,44,3,occluded_majority,1600,223.9201202392578,199.8212432861328,-24.098876953125
scan77,44,3,large_disp_and_occluded,1114,229.56414794921875,186.48231506347656,-43.08183288574219
scan77,44,3,boundary_and_occluded,521,202.0697021484375,175.4972686767578,-26.572433471679688
scan77,45,3,full,7638,68.76420593261719,62.724483489990234,-6.039722442626953
scan77,45,3,boundary,764,137.82797241210938,131.42059326171875,-6.407379150390625
scan77,45,3,large_disparity,1528,177.992431640625,153.90341186523438,-24.089019775390625
scan77,45,3,occluded_any,2767,166.24880981445312,159.98922729492188,-6.25958251953125
scan77,45,3,occluded_majority,1591,201.13473510742188,195.5295867919922,-5.6051483154296875
scan77,45,3,large_disp_and_occluded,1120,210.00167846679688,197.3790740966797,-12.622604370117188
scan77,45,3,boundary_and_occluded,485,199.05599975585938,193.6709747314453,-5.3850250244140625
scan77,46,3,full,7402,58.78208541870117,50.42378616333008,-8.358299255371094
scan77,46,3,boundary,741,137.669189453125,129.1565704345703,-8.512619018554688
scan77,46,3,large_disparity,1481,147.05934143066406,110.68745422363281,-36.37188720703125
scan77,46,3,occluded_any,2782,138.3787078857422,122.48438262939453,-15.894325256347656
scan77,46,3,occluded_majority,1520,186.27403259277344,169.67401123046875,-16.600021362304688
scan77,46,3,large_disp_and_occluded,1103,172.67129516601562,139.7655029296875,-32.905792236328125
scan77,46,3,boundary_and_occluded,509,180.0877685546875,169.29202270507812,-10.795745849609375
scan77,47,3,full,6982,47.211177825927734,36.82990646362305,-10.381271362304688
scan77,47,3,boundary,699,122.79385375976562,112.60468292236328,-10.189170837402344
scan77,47,3,large_disparity,1397,108.09580993652344,62.31801223754883,-45.77779769897461
scan77,47,3,occluded_any,2582,111.10105895996094,89.18758392333984,-21.913475036621094
scan77,47,3,occluded_majority,1424,157.99403381347656,135.60372924804688,-22.390304565429688
scan77,47,3,large_disp_and_occluded,999,126.86066436767578,78.64435577392578,-48.21630859375
scan77,47,3,boundary_and_occluded,497,154.7515106201172,140.9037322998047,-13.8477783203125
scan77,48,3,full,6774,41.511253356933594,32.98284149169922,-8.528411865234375
scan77,48,3,boundary,678,106.3912353515625,102.00723266601562,-4.384002685546875
scan77,48,3,large_disparity,1355,85.80488586425781,46.852657318115234,-38.95222854614258
scan77,48,3,occluded_any,2686,97.9631576538086,77.98758697509766,-19.975570678710938
scan77,48,3,occluded_majority,1547,122.80729675292969,100.90538024902344,-21.90191650390625
scan77,48,3,large_disp_and_occluded,1127,97.94745635986328,54.46656036376953,-43.48089599609375
scan77,48,3,boundary_and_occluded,428,158.68695068359375,153.2251434326172,-5.4618072509765625
scan110,0,3,full,12878,2.4401803016662598,2.5712733268737793,0.13109302520751953
scan110,0,3,boundary,1288,13.580848693847656,13.693402290344238,0.11255359649658203
scan110,0,3,large_disparity,2576,6.191120147705078,6.363526344299316,0.17240619659423828
scan110,0,3,occluded_any,1635,10.791494369506836,10.12677001953125,-0.6647243499755859
scan110,0,3,occluded_majority,1126,13.962197303771973,13.01723861694336,-0.9449586868286133
scan110,0,3,large_disp_and_occluded,914,14.07781982421875,12.838554382324219,-1.2392654418945312
scan110,0,3,boundary_and_occluded,657,18.9284610748291,16.923831939697266,-2.004629135131836
scan110,1,3,full,14751,1.789564609527588,1.6104503870010376,-0.1791142225265503
scan110,1,3,boundary,1476,10.975353240966797,8.921028137207031,-2.0543251037597656
scan110,1,3,large_disparity,2951,5.426319122314453,4.065413951873779,-1.3609051704406738
scan110,1,3,occluded_any,2052,8.133162498474121,6.8480095863342285,-1.2851529121398926
scan110,1,3,occluded_majority,1031,12.552435874938965,10.392023086547852,-2.1604127883911133
scan110,1,3,large_disp_and_occluded,1035,13.157214164733887,10.17131233215332,-2.9859018325805664
scan110,1,3,boundary_and_occluded,903,14.995036125183105,12.241759300231934,-2.753276824951172
scan110,2,3,full,15940,3.248276948928833,4.328330039978027,1.0800530910491943
scan110,2,3,boundary,1594,19.94873046875,21.000377655029297,1.0516471862792969
scan110,2,3,large_disparity,3188,8.876459121704102,8.923666000366211,0.047206878662109375
scan110,2,3,occluded_any,1695,20.1254940032959,20.785850524902344,0.6603565216064453
scan110,2,3,occluded_majority,992,29.972536087036133,30.383264541625977,0.41072845458984375
scan110,2,3,large_disp_and_occluded,838,32.39312744140625,32.8315315246582,0.4384040832519531
scan110,2,3,boundary_and_occluded,902,29.9338436126709,31.21508026123047,1.2812366485595703
scan110,3,3,full,16594,6.142127990722656,6.195208549499512,0.05308055877685547
scan110,3,3,boundary,1660,25.239255905151367,24.398235321044922,-0.8410205841064453
scan110,3,3,large_disparity,3319,20.247047424316406,22.897172927856445,2.650125503540039
scan110,3,3,occluded_any,2564,32.603939056396484,35.59349060058594,2.989551544189453
scan110,3,3,occluded_majority,1336,55.86677932739258,62.05211639404297,6.185337066650391
scan110,3,3,large_disp_and_occluded,1105,59.98003387451172,68.082275390625,8.102241516113281
scan110,3,3,boundary_and_occluded,1110,31.380754470825195,33.1020393371582,1.7212848663330078
scan110,4,3,full,15617,13.433303833007812,13.841039657592773,0.40773582458496094
scan110,4,3,boundary,1562,48.755950927734375,49.16791534423828,0.41196441650390625
scan110,4,3,large_disparity,3124,26.271724700927734,23.83481788635254,-2.4369068145751953
scan110,4,3,occluded_any,2296,77.96691131591797,77.6342544555664,-0.3326568603515625
scan110,4,3,occluded_majority,1600,93.50318145751953,101.60675048828125,8.103569030761719
scan110,4,3,large_disp_and_occluded,1047,77.1099853515625,69.51002502441406,-7.5999603271484375
scan110,4,3,boundary_and_occluded,1023,63.02762222290039,61.828880310058594,-1.1987419128417969
scan110,5,3,full,13881,11.161991119384766,10.947966575622559,-0.21402454376220703
scan110,5,3,boundary,1389,44.73857116699219,43.436302185058594,-1.3022689819335938
scan110,5,3,large_disparity,2777,24.721065521240234,24.950300216674805,0.2292346954345703
scan110,5,3,occluded_any,1783,74.95591735839844,74.15087127685547,-0.8050460815429688
scan110,5,3,occluded_majority,1252,100.0581283569336,100.46981048583984,0.41168212890625
scan110,5,3,large_disp_and_occluded,597,113.94397735595703,115.15264129638672,1.2086639404296875
scan110,5,3,boundary_and_occluded,967,56.58307647705078,55.25743865966797,-1.3256378173828125
scan110,6,3,full,15092,4.000906944274902,4.0742411613464355,0.0733342170715332
scan110,6,3,boundary,1510,24.999588012695312,25.23723793029785,0.23764991760253906
scan110,6,3,large_disparity,3019,12.131292343139648,12.102553367614746,-0.028738975524902344
scan110,6,3,occluded_any,2061,23.84928321838379,24.64756202697754,0.79827880859375
scan110,6,3,occluded_majority,1386,32.80115509033203,33.77122116088867,0.9700660705566406
scan110,6,3,large_disp_and_occluded,780,44.68068313598633,45.438262939453125,0.7575798034667969
scan110,6,3,boundary_and_occluded,1036,32.94002151489258,34.003265380859375,1.0632438659667969
scan110,7,3,full,15099,1.7810161113739014,2.9675190448760986,1.1865029335021973
scan110,7,3,boundary,1510,10.881182670593262,17.62096405029297,6.739781379699707
scan110,7,3,large_disparity,3020,3.6261563301086426,6.749960422515869,3.1238040924072266
scan110,7,3,occluded_any,1818,9.26803970336914,14.835580825805664,5.567541122436523
scan110,7,3,occluded_majority,1017,14.147013664245605,21.315519332885742,7.168505668640137
scan110,7,3,large_disp_and_occluded,671,15.07192325592041,23.487342834472656,8.415419578552246
scan110,7,3,boundary_and_occluded,1002,13.850327491760254,22.845083236694336,8.994755744934082
scan110,8,3,full,14854,1.7880357503890991,1.8038804531097412,0.01584470272064209
scan110,8,3,boundary,1486,9.467127799987793,8.966594696044922,-0.5005331039428711
scan110,8,3,large_disparity,2971,5.624023914337158,5.379813194274902,-0.24421072006225586
scan110,8,3,occluded_any,1765,9.550161361694336,9.89696979522705,0.34680843353271484
scan110,8,3,occluded_majority,968,12.846782684326172,13.468442916870117,0.6216602325439453
scan110,8,3,large_disp_and_occluded,812,17.46210479736328,17.626893997192383,0.16478919982910156
scan110,8,3,boundary_and_occluded,968,12.328021049499512,11.767301559448242,-0.5607194900512695
scan110,9,3,full,14359,1.7122808694839478,1.7426650524139404,0.030384182929992676
scan110,9,3,boundary,1436,8.943053245544434,9.25761604309082,0.3145627975463867
scan110,9,3,large_disparity,2872,4.999731540679932,4.846078395843506,-0.15365314483642578
scan110,9,3,occluded_any,1957,7.7288899421691895,7.992787837982178,0.2638978958129883
scan110,9,3,occluded_majority,1241,9.818497657775879,10.098382949829102,0.27988529205322266
scan110,9,3,large_disp_and_occluded,1069,11.481119155883789,11.526751518249512,0.045632362365722656
scan110,9,3,boundary_and_occluded,935,12.420404434204102,13.062833786010742,0.6424293518066406
scan110,10,3,full,13397,2.7023937702178955,2.7359471321105957,0.033553361892700195
scan110,10,3,boundary,1340,11.755767822265625,11.972290992736816,0.2165231704711914
scan110,10,3,large_disparity,2680,8.965590476989746,8.941433906555176,-0.024156570434570312
scan110,10,3,occluded_any,1931,12.756495475769043,12.942806243896484,0.1863107681274414
scan110,10,3,occluded_majority,1265,17.615068435668945,17.809831619262695,0.19476318359375
scan110,10,3,large_disp_and_occluded,1143,19.309946060180664,19.14783477783203,-0.1621112823486328
scan110,10,3,boundary_and_occluded,915,15.482430458068848,15.878697395324707,0.3962669372558594
scan110,11,3,full,11202,1.9571322202682495,3.7663321495056152,1.8091999292373657
scan110,11,3,boundary,1121,9.052774429321289,7.85453987121582,-1.1982345581054688
scan110,11,3,large_disparity,2241,5.0666375160217285,14.849125862121582,9.782488346099854
scan110,11,3,occluded_any,1586,7.803598880767822,21.48682975769043,13.683230876922607
scan110,11,3,occluded_majority,1060,9.811822891235352,24.4326114654541,14.62078857421875
scan110,11,3,large_disp_and_occluded,928,10.817073822021484,34.719913482666016,23.90283966064453
scan110,11,3,boundary_and_occluded,787,10.018841743469238,8.772220611572266,-1.2466211318969727
scan110,12,3,full,12327,3.435368537902832,2.8701720237731934,-0.5651965141296387
scan110,12,3,boundary,1233,12.211648941040039,10.975366592407227,-1.2362823486328125
scan110,12,3,large_disparity,2466,12.874292373657227,11.22035026550293,-1.6539421081542969
scan110,12,3,occluded_any,1877,16.180295944213867,14.930519104003906,-1.249776840209961
scan110,12,3,occluded_majority,1220,20.0297794342041,18.325824737548828,-1.7039546966552734
scan110,12,3,large_disp_and_occluded,995,28.689847946166992,25.981159210205078,-2.708688735961914
scan110,12,3,boundary_and_occluded,958,13.747239112854004,12.96700668334961,-0.7802324295043945
scan110,13,3,full,12692,2.682861566543579,2.5772171020507812,-0.10564446449279785
scan110,13,3,boundary,1270,11.357884407043457,10.806161880493164,-0.551722526550293
scan110,13,3,large_disparity,2539,9.63992691040039,9.546581268310547,-0.09334564208984375
scan110,13,3,occluded_any,1812,13.588032722473145,12.800540924072266,-0.7874917984008789
scan110,13,3,occluded_majority,1345,16.648609161376953,15.939236640930176,-0.7093725204467773
scan110,13,3,large_disp_and_occluded,996,22.65096092224121,21.153629302978516,-1.4973316192626953
scan110,13,3,boundary_and_occluded,920,14.872316360473633,14.265251159667969,-0.6070652008056641
scan110,14,3,full,13128,1.9336603879928589,1.9828542470932007,0.0491938591003418
scan110,14,3,boundary,1313,9.465396881103516,9.831205368041992,0.36580848693847656
scan110,14,3,large_disparity,2626,6.01889181137085,6.276103973388672,0.25721216201782227
scan110,14,3,occluded_any,1555,9.273024559020996,9.56254768371582,0.2895231246948242
scan110,14,3,occluded_majority,1092,11.493403434753418,12.00768756866455,0.5142841339111328
scan110,14,3,large_disp_and_occluded,749,16.531757354736328,16.98577308654785,0.45401573181152344
scan110,14,3,boundary_and_occluded,920,12.140267372131348,12.76591968536377,0.6256523132324219
scan110,15,3,full,13263,1.8324229717254639,1.782608151435852,-0.049814820289611816
scan110,15,3,boundary,1327,9.541230201721191,9.330986976623535,-0.21024322509765625
scan110,15,3,large_disparity,2653,5.8164520263671875,6.1160712242126465,0.299619197845459
scan110,15,3,occluded_any,1480,10.707501411437988,11.067732810974121,0.3602313995361328
scan110,15,3,occluded_majority,901,14.057271003723145,14.46906852722168,0.41179752349853516
scan110,15,3,large_disp_and_occluded,633,21.70615577697754,23.02956771850586,1.3234119415283203
scan110,15,3,boundary_and_occluded,956,12.318534851074219,12.138052940368652,-0.1804819107055664
scan110,16,3,full,13337,1.322495937347412,1.3171368837356567,-0.005359053611755371
scan110,16,3,boundary,1334,6.689635276794434,6.439732551574707,-0.24990272521972656
scan110,16,3,large_disparity,2668,2.9058890342712402,2.643354654312134,-0.26253437995910645
scan110,16,3,occluded_any,1465,5.862006664276123,5.6906561851501465,-0.17135047912597656
scan110,16,3,occluded_majority,853,7.977129936218262,7.325649261474609,-0.6514806747436523
scan110,16,3,large_disp_and_occluded,488,12.278347969055176,11.311091423034668,-0.9672565460205078
scan110,16,3,boundary_and_occluded,940,7.583436965942383,7.4108357429504395,-0.17260122299194336
scan110,17,3,full,13331,1.6127097606658936,1.47908616065979,-0.13362360000610352
scan110,17,3,boundary,1334,7.660665988922119,6.840063571929932,-0.8206024169921875
scan110,17,3,large_disparity,2667,2.3659863471984863,1.8926023244857788,-0.4733840227127075
scan110,17,3,occluded_any,1551,6.3391499519348145,6.004472732543945,-0.33467721939086914
scan110,17,3,occluded_majority,881,8.185108184814453,7.399665832519531,-0.7854423522949219
scan110,17,3,large_disp_and_occluded,480,10.272945404052734,8.408974647521973,-1.8639707565307617
scan110,17,3,boundary_and_occluded,926,8.007582664489746,7.451513767242432,-0.5560688972473145
scan110,18,3,full,12579,3.9499001502990723,2.8972411155700684,-1.052659034729004
scan110,18,3,boundary,1258,23.624603271484375,17.446308135986328,-6.178295135498047
scan110,18,3,large_disparity,2516,13.256668090820312,8.436747550964355,-4.819920539855957
scan110,18,3,occluded_any,1320,22.23744773864746,17.645530700683594,-4.591917037963867
scan110,18,3,occluded_majority,763,34.49388122558594,26.665769577026367,-7.82811164855957
scan110,18,3,large_disp_and_occluded,423,58.42186737060547,44.7111701965332,-13.710697174072266
scan110,18,3,boundary_and_occluded,856,27.962553024291992,21.200820922851562,-6.76173210144043
scan110,19,3,full,10423,4.467447280883789,4.482446193695068,0.014998912811279297
scan110,19,3,boundary,1043,20.882726669311523,21.659025192260742,0.7762985229492188
scan110,19,3,large_disparity,2085,14.407362937927246,15.348915100097656,0.9415521621704102
scan110,19,3,occluded_any,1017,31.031116485595703,31.99308967590332,0.9619731903076172
scan110,19,3,occluded_majority,694,42.092445373535156,43.26164627075195,1.1692008972167969
scan110,19,3,large_disp_and_occluded,431,62.423160552978516,64.9495849609375,2.5264244079589844
scan110,19,3,boundary_and_occluded,647,26.967546463012695,28.342668533325195,1.3751220703125
scan110,20,3,full,11369,1.76815927028656,1.881500482559204,0.11334121227264404
scan110,20,3,boundary,1137,7.019360542297363,7.077751159667969,0.05839061737060547
scan110,20,3,large_disparity,2274,2.7019739151000977,2.7879838943481445,0.08600997924804688
scan110,20,3,occluded_any,1302,7.6721930503845215,7.7822723388671875,0.11007928848266602
scan110,20,3,occluded_majority,712,9.436334609985352,9.875125885009766,0.43879127502441406
scan110,20,3,large_disp_and_occluded,284,16.916336059570312,17.127424240112305,0.2110881805419922
scan110,20,3,boundary_and_occluded,765,6.932741641998291,6.953733921051025,0.020992279052734375
scan110,21,3,full,11847,1.3514437675476074,1.3662654161453247,0.014821648597717285
scan110,21,3,boundary,1185,5.8586249351501465,6.1832499504089355,0.32462501525878906
scan110,21,3,large_disparity,2370,1.9622490406036377,2.2878568172454834,0.3256077766418457
scan110,21,3,occluded_any,1419,5.319241046905518,5.588421821594238,0.2691807746887207
scan110,21,3,occluded_majority,912,6.848615646362305,7.143280029296875,0.2946643829345703
scan110,21,3,large_disp_and_occluded,402,8.007908821105957,10.387779235839844,2.3798704147338867
scan110,21,3,boundary_and_occluded,824,6.475979328155518,7.279201030731201,0.8032217025756836
scan110,22,3,full,11873,1.4031651020050049,1.4375743865966797,0.034409284591674805
scan110,22,3,boundary,1188,7.146121025085449,7.324110984802246,0.17798995971679688
scan110,22,3,large_disparity,2375,3.647608518600464,3.841201066970825,0.19359254837036133
scan110,22,3,occluded_any,1272,7.170373439788818,7.613005638122559,0.44263219833374023
scan110,22,3,occluded_majority,747,9.679293632507324,10.362671852111816,0.6833782196044922
scan110,22,3,large_disp_and_occluded,429,16.923681259155273,18.35457420349121,1.4308929443359375
scan110,22,3,boundary_and_occluded,853,8.476202011108398,9.035139083862305,0.5589370727539062
scan110,23,3,full,11772,1.810330867767334,1.657320499420166,-0.15301036834716797
scan110,23,3,boundary,1178,8.964078903198242,8.724306106567383,-0.23977279663085938
scan110,23,3,large_disparity,2355,5.560032844543457,5.155186176300049,-0.4048466682434082
scan110,23,3,occluded_any,1329,9.531464576721191,9.19482707977295,-0.3366374969482422
scan110,23,3,occluded_majority,852,11.897564888000488,11.367391586303711,-0.5301733016967773
scan110,23,3,large_disp_and_occluded,473,23.661949157714844,22.604795455932617,-1.0571537017822266
scan110,23,3,boundary_and_occluded,855,11.363795280456543,11.152752876281738,-0.2110424041748047
scan110,24,3,full,11614,1.9959815740585327,2.0395421981811523,0.04356062412261963
scan110,24,3,boundary,1162,11.502331733703613,11.525301933288574,0.022970199584960938
scan110,24,3,large_disparity,2323,7.194955825805664,6.501216411590576,-0.6937394142150879
scan110,24,3,occluded_any,1347,12.340539932250977,11.866060256958008,-0.47447967529296875
scan110,24,3,occluded_majority,865,14.385416984558105,13.99162769317627,-0.39378929138183594
scan110,24,3,large_disp_and_occluded,531,28.727054595947266,25.611778259277344,-3.115276336669922
scan110,24,3,boundary_and_occluded,835,15.260673522949219,15.128302574157715,-0.1323709487915039
scan110,25,3,full,11368,2.964778423309326,2.482295274734497,-0.4824831485748291
scan110,25,3,boundary,1137,15.119335174560547,13.998103141784668,-1.121232032775879
scan110,25,3,large_disparity,2274,11.000757217407227,8.941385269165039,-2.0593719482421875
scan110,25,3,occluded_any,1420,18.118358612060547,15.22122573852539,-2.8971328735351562
scan110,25,3,occluded_majority,1023,21.38985824584961,18.180644989013672,-3.2092132568359375
scan110,25,3,large_disp_and_occluded,591,39.816253662109375,32.53223419189453,-7.284019470214844
scan110,25,3,boundary_and_occluded,834,20.005033493041992,18.20114517211914,-1.8038883209228516
scan110,26,3,full,11353,3.5293972492218018,3.9831738471984863,0.45377659797668457
scan110,26,3,boundary,1136,16.438302993774414,15.7540864944458,-0.6842164993286133
scan110,26,3,large_disparity,2271,14.476712226867676,13.898133277893066,-0.5785789489746094
scan110,26,3,occluded_any,1576,20.409902572631836,19.576793670654297,-0.8331089019775391
scan110,26,3,occluded_majority,1123,25.097400665283203,23.993362426757812,-1.1040382385253906
scan110,26,3,large_disp_and_occluded,824,37.56963348388672,34.984222412109375,-2.5854110717773438
scan110,26,3,boundary_and_occluded,908,19.71483039855957,18.85318374633789,-0.8616466522216797
scan110,27,3,full,10855,3.6748275756835938,3.162191867828369,-0.5126357078552246
scan110,27,3,boundary,1086,12.18143367767334,9.911371231079102,-2.2700624465942383
scan110,27,3,large_disparity,2171,9.707303047180176,10.05091667175293,0.3436136245727539
scan110,27,3,occluded_any,1634,17.423765182495117,17.119125366210938,-0.3046398162841797
scan110,27,3,occluded_majority,1076,20.038175582885742,19.10772705078125,-0.9304485321044922
scan110,27,3,large_disp_and_occluded,721,27.02553939819336,28.975236892700195,1.949697494506836
scan110,27,3,boundary_and_occluded,866,12.580241203308105,11.501664161682129,-1.0785770416259766
scan110,28,3,full,8822,3.1355156898498535,2.9053895473480225,-0.23012614250183105
scan110,28,3,boundary,883,13.876840591430664,12.856595039367676,-1.0202455520629883
scan110,28,3,large_disparity,1765,10.90505599975586,9.70024585723877,-1.2048101425170898
scan110,28,3,occluded_any,1227,16.28386688232422,14.441075325012207,-1.8427915573120117
scan110,28,3,occluded_majority,863,21.241777420043945,19.01546287536621,-2.2263145446777344
scan110,28,3,large_disp_and_occluded,496,35.728240966796875,31.336177825927734,-4.392063140869141
scan110,28,3,boundary_and_occluded,664,15.38075065612793,14.159801483154297,-1.2209491729736328
scan110,29,3,full,9496,3.641057252883911,3.616847276687622,-0.024209976196289062
scan110,29,3,boundary,950,15.116616249084473,14.27791976928711,-0.8386964797973633
scan110,29,3,large_disparity,1900,13.87614631652832,13.913736343383789,0.03759002685546875
scan110,29,3,occluded_any,1379,19.24188995361328,18.823991775512695,-0.41789817810058594
scan110,29,3,occluded_majority,883,27.50800895690918,26.702335357666016,-0.8056735992431641
scan110,29,3,large_disp_and_occluded,557,42.467769622802734,42.24076843261719,-0.22700119018554688
scan110,29,3,boundary_and_occluded,755,17.363008499145508,16.427175521850586,-0.9358329772949219
scan110,30,3,full,9998,3.285658597946167,3.3318679332733154,0.04620933532714844
scan110,30,3,boundary,1000,16.868423461914062,17.397293090820312,0.52886962890625
scan110,30,3,large_disparity,2000,12.779419898986816,13.154611587524414,0.37519168853759766
scan110,30,3,occluded_any,1309,19.940217971801758,20.3460693359375,0.4058513641357422
scan110,30,3,occluded_majority,868,27.726337432861328,27.98822784423828,0.2618904113769531
scan110,30,3,large_disp_and_occluded,581,41.8194580078125,42.38564682006836,0.5661888122558594
scan110,30,3,boundary_and_occluded,771,20.98223876953125,21.517114639282227,0.5348758697509766
scan110,31,3,full,10223,2.81769061088562,2.608703136444092,-0.20898747444152832
scan110,31,3,boundary,1023,14.128439903259277,13.940279960632324,-0.18815994262695312
scan110,31,3,large_disparity,2045,10.696110725402832,10.220784187316895,-0.4753265380859375
scan110,31,3,occluded_any,1257,17.49849510192871,16.690902709960938,-0.8075923919677734
scan110,31,3,occluded_majority,864,23.03416633605957,22.06966781616211,-0.9644985198974609
scan110,31,3,large_disp_and_occluded,473,43.36387634277344,41.564640045166016,-1.7992362976074219
scan110,31,3,boundary_and_occluded,757,18.373044967651367,18.069520950317383,-0.3035240173339844
scan110,32,3,full,10194,3.9277923107147217,2.4401237964630127,-1.487668514251709
scan110,32,3,boundary,1020,19.503005981445312,13.694409370422363,-5.808596611022949
scan110,32,3,large_disparity,2039,13.466653823852539,9.011574745178223,-4.455079078674316
scan110,32,3,occluded_any,1233,20.858911514282227,14.547603607177734,-6.311307907104492
scan110,32,3,occluded_majority,829,23.25044822692871,17.11212730407715,-6.1383209228515625
scan110,32,3,large_disp_and_occluded,441,51.337913513183594,37.763118743896484,-13.57479476928711
scan110,32,3,boundary_and_occluded,801,22.167049407958984,16.754098892211914,-5.41295051574707
scan110,33,3,full,10276,2.008812427520752,1.9280349016189575,-0.08077752590179443
scan110,33,3,boundary,1028,10.562077522277832,9.932679176330566,-0.6293983459472656
scan110,33,3,large_disparity,2056,6.316323757171631,5.9326171875,-0.38370656967163086
scan110,33,3,occluded_any,1199,10.87010669708252,10.142732620239258,-0.7273740768432617
scan110,33,3,occluded_majority,781,14.36666202545166,13.39574146270752,-0.9709205627441406
scan110,33,3,large_disp_and_occluded,400,27.560503005981445,26.015134811401367,-1.5453681945800781
scan110,33,3,boundary_and_occluded,753,13.627209663391113,12.709460258483887,-0.9177494049072266
scan110,34,3,full,10402,1.5217945575714111,1.4827650785446167,-0.039029479026794434
scan110,34,3,boundary,1041,7.870022296905518,7.1900224685668945,-0.679999828338623
scan110,34,3,large_disparity,2081,3.3190553188323975,3.3823657035827637,0.06331038475036621
scan110,34,3,occluded_any,1272,6.70409631729126,6.196890830993652,-0.5072054862976074
scan110,34,3,occluded_majority,802,9.014954566955566,8.199670791625977,-0.8152837753295898
scan110,34,3,large_disp_and_occluded,376,14.740520477294922,14.747507095336914,0.0069866180419921875
scan110,34,3,boundary_and_occluded,767,9.37481689453125,8.447786331176758,-0.9270305633544922
scan110,35,3,full,10335,1.4791934490203857,1.5168734788894653,0.03768002986907959
scan110,35,3,boundary,1034,7.110182285308838,7.135829925537109,0.025647640228271484
scan110,35,3,large_disparity,2067,3.185166120529175,3.595104932785034,0.4099388122558594
scan110,35,3,occluded_any,1305,5.928739070892334,6.325604438781738,0.3968653678894043
scan110,35,3,occluded_majority,712,8.26112174987793,8.783355712890625,0.5222339630126953
scan110,35,3,large_disp_and_occluded,493,11.427061080932617,12.766645431518555,1.3395843505859375
scan110,35,3,boundary_and_occluded,744,8.091824531555176,8.482654571533203,0.39083003997802734
scan110,36,3,full,9922,1.77159583568573,1.6567970514297485,-0.11479878425598145
scan110,36,3,boundary,993,8.067562103271484,7.1311163902282715,-0.9364457130432129
scan110,36,3,large_disparity,1985,2.891181468963623,2.979325771331787,0.08814430236816406
scan110,36,3,occluded_any,1349,6.4008989334106445,5.920691967010498,-0.4802069664001465
scan110,36,3,occluded_majority,683,9.388351440429688,8.809450149536133,-0.5789012908935547
scan110,36,3,large_disp_and_occluded,432,10.47254753112793,10.809002876281738,0.3364553451538086
scan110,36,3,boundary_and_occluded,708,8.526657104492188,7.695589542388916,-0.8310675621032715
scan110,37,3,full,9265,2.6567177772521973,2.54280424118042,-0.11391353607177734
scan110,37,3,boundary,927,10.697554588317871,9.261756896972656,-1.4357976913452148
scan110,37,3,large_disparity,1853,4.460920333862305,4.1870012283325195,-0.27391910552978516
scan110,37,3,occluded_any,1590,9.715008735656738,8.98832893371582,-0.726679801940918
scan110,37,3,occluded_majority,818,13.48211669921875,12.4354248046875,-1.04669189453125
scan110,37,3,large_disp_and_occluded,402,18.015804290771484,16.77927589416504,-1.2365283966064453
scan110,37,3,boundary_and_occluded,714,11.202132225036621,9.516923904418945,-1.6852083206176758
scan110,38,3,full,6838,10.87532901763916,9.533885955810547,-1.3414430618286133
scan110,38,3,boundary,684,46.75767135620117,43.98421096801758,-2.7734603881835938
scan110,38,3,large_disparity,1368,37.81493377685547,32.93910598754883,-4.875827789306641
scan110,38,3,occluded_any,1022,56.72016906738281,49.44332504272461,-7.276844024658203
scan110,38,3,occluded_majority,792,66.17475891113281,58.858612060546875,-7.3161468505859375
scan110,38,3,large_disp_and_occluded,450,109.48524475097656,95.0033187866211,-14.481925964355469
scan110,38,3,boundary_and_occluded,471,59.875911712646484,56.431182861328125,-3.4447288513183594
scan110,39,3,full,7651,5.385722637176514,5.183183670043945,-0.20253896713256836
scan110,39,3,boundary,766,29.50002098083496,27.88930892944336,-1.6107120513916016
scan110,39,3,large_disparity,1531,18.426477432250977,17.595977783203125,-0.8304996490478516
scan110,39,3,occluded_any,1431,23.450109481811523,22.300323486328125,-1.1497859954833984
scan110,39,3,occluded_majority,733,40.43498992919922,38.07215118408203,-2.3628387451171875
scan110,39,3,large_disp_and_occluded,478,56.16501235961914,53.740867614746094,-2.424144744873047
scan110,39,3,boundary_and_occluded,562,36.235008239746094,34.148441314697266,-2.086566925048828
scan110,40,3,full,8338,4.350426197052002,3.9863243103027344,-0.3641018867492676
scan110,40,3,boundary,834,23.349422454833984,20.98931121826172,-2.3601112365722656
scan110,40,3,large_disparity,1668,15.877620697021484,14.805950164794922,-1.0716705322265625
scan110,40,3,occluded_any,1320,22.045743942260742,20.01356315612793,-2.0321807861328125
scan110,40,3,occluded_majority,722,35.82079315185547,33.7997932434082,-2.0209999084472656
scan110,40,3,large_disp_and_occluded,560,44.98826599121094,41.88984298706055,-3.0984230041503906
scan110,40,3,boundary_and_occluded,615,28.82683563232422,26.341596603393555,-2.485239028930664
scan110,41,3,full,8774,3.418386936187744,3.3816492557525635,-0.036737680435180664
scan110,41,3,boundary,878,21.031795501708984,19.286256790161133,-1.7455387115478516
scan110,41,3,large_disparity,1755,12.687026023864746,11.8367919921875,-0.8502340316772461
scan110,41,3,occluded_any,1192,19.94046974182129,18.289445877075195,-1.6510238647460938
scan110,41,3,occluded_majority,739,29.143754959106445,27.338619232177734,-1.805135726928711
scan110,41,3,large_disp_and_occluded,477,43.7153205871582,40.66635513305664,-3.0489654541015625
scan110,41,3,boundary_and_occluded,649,26.22608184814453,24.110858917236328,-2.115222930908203
scan110,42,3,full,8940,2.5441229343414307,2.4051573276519775,-0.13896560668945312
scan110,42,3,boundary,894,16.660991668701172,14.501192092895508,-2.159799575805664
scan110,42,3,large_disparity,1788,8.375018119812012,7.794841766357422,-0.5801763534545898
scan110,42,3,occluded_any,1052,15.276031494140625,13.415426254272461,-1.860605239868164
scan110,42,3,occluded_majority,610,22.11338996887207,20.07724380493164,-2.0361461639404297
scan110,42,3,large_disp_and_occluded,399,34.583797454833984,31.129812240600586,-3.4539852142333984
scan110,42,3,boundary_and_occluded,652,21.068771362304688,18.553483963012695,-2.515287399291992
scan110,43,3,full,9049,2.2558765411376953,2.373229503631592,0.11735296249389648
scan110,43,3,boundary,905,11.689311027526855,11.811736106872559,0.12242507934570312
scan110,43,3,large_disparity,1810,6.36629581451416,6.640073776245117,0.27377796173095703
scan110,43,3,occluded_any,998,12.335862159729004,11.392836570739746,-0.9430255889892578
scan110,43,3,occluded_majority,632,15.141641616821289,13.59636402130127,-1.5452775955200195
scan110,43,3,large_disp_and_occluded,318,28.45153045654297,28.994680404663086,0.5431499481201172
scan110,43,3,boundary_and_occluded,596,15.34296703338623,15.140583992004395,-0.20238304138183594
scan110,44,3,full,9176,2.5536417961120605,2.2139241695404053,-0.3397176265716553
scan110,44,3,boundary,918,16.490034103393555,12.666072845458984,-3.8239612579345703
scan110,44,3,large_disparity,1836,8.273106575012207,6.444631576538086,-1.828474998474121
scan110,44,3,occluded_any,960,16.715160369873047,12.649438858032227,-4.06572151184082
scan110,44,3,occluded_majority,635,21.054140090942383,16.13210105895996,-4.922039031982422
scan110,44,3,large_disp_and_occluded,275,48.10648727416992,37.48842239379883,-10.618064880371094
scan110,44,3,boundary_and_occluded,633,21.871646881103516,16.61971664428711,-5.251930236816406
scan110,45,3,full,9123,2.7387406826019287,1.952333688735962,-0.7864069938659668
scan110,45,3,boundary,913,14.634739875793457,10.394659996032715,-4.240079879760742
scan110,45,3,large_disparity,1825,7.158700942993164,5.983253479003906,-1.1754474639892578
scan110,45,3,occluded_any,942,15.063619613647461,11.098124504089355,-3.9654951095581055
scan110,45,3,occluded_majority,628,18.045305252075195,14.563775062561035,-3.48153018951416
scan110,45,3,large_disp_and_occluded,232,46.5684700012207,38.91339874267578,-7.655071258544922
scan110,45,3,boundary_and_occluded,585,19.254222869873047,14.013675689697266,-5.240547180175781
scan110,46,3,full,8817,1.9681787490844727,1.7966034412384033,-0.17157530784606934
scan110,46,3,boundary,882,10.764041900634766,8.714506149291992,-2.0495357513427734
scan110,46,3,large_disparity,1764,6.082649230957031,5.3720574378967285,-0.7105917930603027
scan110,46,3,occluded_any,973,11.04322338104248,8.744772911071777,-2.298450469970703
scan110,46,3,occluded_majority,615,13.570671081542969,10.880472183227539,-2.6901988983154297
scan110,46,3,large_disp_and_occluded,333,26.934724807739258,21.468265533447266,-5.466459274291992
scan110,46,3,boundary_and_occluded,549,14.803918838500977,11.569583892822266,-3.234334945678711
scan110,47,3,full,8378,2.2107744216918945,2.2074358463287354,-0.0033385753631591797
scan110,47,3,boundary,838,13.369976997375488,12.17298412322998,-1.1969928741455078
scan110,47,3,large_disparity,1676,7.467860221862793,6.81302547454834,-0.6548347473144531
scan110,47,3,occluded_any,1088,11.498482704162598,9.804862022399902,-1.6936206817626953
scan110,47,3,occluded_majority,623,16.019317626953125,13.773101806640625,-2.2462158203125
scan110,47,3,large_disp_and_occluded,421,25.41354751586914,22.059614181518555,-3.353933334350586
scan110,47,3,boundary_and_occluded,550,17.596033096313477,15.138760566711426,-2.457272529602051
scan110,48,3,full,7848,2.566727638244629,2.2335169315338135,-0.33321070671081543
scan110,48,3,boundary,785,14.820646286010742,12.152948379516602,-2.6676979064941406
scan110,48,3,large_disparity,1570,8.54226303100586,7.028369903564453,-1.5138931274414062
scan110,48,3,occluded_any,1034,12.421670913696289,10.002436637878418,-2.419234275817871
scan110,48,3,occluded_majority,688,16.050716400146484,13.337626457214355,-2.713089942932129
scan110,48,3,large_disp_and_occluded,407,27.593942642211914,22.517822265625,-5.076120376586914
scan110,48,3,boundary_and_occluded,536,17.837661743164062,14.14731502532959,-3.6903467178344727
scan114,0,3,full,13925,0.8472177386283875,0.8063486218452454,-0.04086911678314209
scan114,0,3,boundary,1393,4.145275115966797,3.7331924438476562,-0.4120826721191406
scan114,0,3,large_disparity,2785,1.3024711608886719,1.1236581802368164,-0.17881298065185547
scan114,0,3,occluded_any,405,7.3874006271362305,5.450638771057129,-1.9367618560791016
scan114,0,3,occluded_majority,268,8.285526275634766,6.442991733551025,-1.8425345420837402
scan114,0,3,large_disp_and_occluded,230,7.735191822052002,5.007998466491699,-2.7271933555603027
scan114,0,3,boundary_and_occluded,315,7.383253574371338,5.842873573303223,-1.5403800010681152
scan114,1,3,full,15897,0.7046957612037659,0.6295540928840637,-0.07514166831970215
scan114,1,3,boundary,1590,3.3195416927337646,3.006561040878296,-0.31298065185546875
scan114,1,3,large_disparity,3180,1.2263563871383667,0.926899254322052,-0.2994571328163147
scan114,1,3,occluded_any,1008,4.443040370941162,3.584622859954834,-0.8584175109863281
scan114,1,3,occluded_majority,511,5.897838592529297,4.183528900146484,-1.7143096923828125
scan114,1,3,large_disp_and_occluded,300,7.565823554992676,5.061924457550049,-2.503899097442627
scan114,1,3,boundary_and_occluded,656,5.133149147033691,4.445559501647949,-0.6875896453857422
scan114,2,3,full,16911,0.7821600437164307,0.6909853219985962,-0.09117472171783447
scan114,2,3,boundary,1692,4.14235782623291,3.6704301834106445,-0.4719276428222656
scan114,2,3,large_disparity,3383,1.4720978736877441,1.174795150756836,-0.2973027229309082
scan114,2,3,occluded_any,800,5.923842906951904,4.54977560043335,-1.3740673065185547
scan114,2,3,occluded_majority,388,7.964580535888672,5.058215141296387,-2.906365394592285
scan114,2,3,large_disp_and_occluded,396,7.382879257202148,5.559387683868408,-1.8234915733337402
scan114,2,3,boundary_and_occluded,615,6.7312188148498535,5.386587142944336,-1.3446316719055176
scan114,3,3,full,17251,0.799591600894928,0.8149310350418091,0.015339434146881104
scan114,3,3,boundary,1726,3.7324564456939697,3.5406734943389893,-0.19178295135498047
scan114,3,3,large_disparity,3451,1.0278011560440063,1.008750557899475,-0.01905059814453125
scan114,3,3,occluded_any,1518,2.679492235183716,2.928959846496582,0.2494676113128662
scan114,3,3,occluded_majority,557,3.7653677463531494,4.053370952606201,0.28800320625305176
scan114,3,3,large_disp_and_occluded,576,3.670619010925293,3.9648962020874023,0.2942771911621094
scan114,3,3,boundary_and_occluded,816,4.152106285095215,4.531922817230225,0.37981653213500977
scan114,4,3,full,15389,1.0299158096313477,1.0175580978393555,-0.012357711791992188
scan114,4,3,boundary,1539,4.625417709350586,4.37418794631958,-0.25122976303100586
scan114,4,3,large_disparity,3078,1.139297604560852,1.2813225984573364,0.14202499389648438
scan114,4,3,occluded_any,667,3.609177827835083,3.405364513397217,-0.2038133144378662
scan114,4,3,occluded_majority,282,2.4333434104919434,2.503870725631714,0.07052731513977051
scan114,4,3,large_disp_and_occluded,375,4.345217227935791,3.953416585922241,-0.3918006420135498
scan114,4,3,boundary_and_occluded,468,4.423110008239746,4.158733367919922,-0.2643766403198242
scan114,5,3,full,15089,0.8077909350395203,0.8057810068130493,-0.0020099282264709473
scan114,5,3,boundary,1509,4.021310329437256,4.162993907928467,0.14168357849121094
scan114,5,3,large_disparity,3018,0.8000172972679138,0.8187635540962219,0.018746256828308105
scan114,5,3,occluded_any,708,3.2811038494110107,3.3554859161376953,0.07438206672668457
scan114,5,3,occluded_majority,264,2.474182367324829,2.6700541973114014,0.19587182998657227
scan114,5,3,large_disp_and_occluded,232,4.884537696838379,5.009758472442627,0.12522077560424805
scan114,5,3,boundary_and_occluded,575,3.805166482925415,3.8507556915283203,0.04558920860290527
scan114,6,3,full,16550,0.7960109710693359,0.7167091369628906,-0.07930183410644531
scan114,6,3,boundary,1655,3.3833580017089844,3.140735626220703,-0.24262237548828125
scan114,6,3,large_disparity,3310,0.9159817099571228,0.9666980504989624,0.0507163405418396
scan114,6,3,occluded_any,1363,2.4773316383361816,2.537126064300537,0.05979442596435547
scan114,6,3,occluded_majority,710,3.077807903289795,3.3095943927764893,0.23178648948669434
scan114,6,3,large_disp_and_occluded,682,2.717991352081299,2.9046037197113037,0.18661236763000488
scan114,6,3,boundary_and_occluded,716,4.0026092529296875,4.084913730621338,0.08230447769165039
scan114,7,3,full,16840,0.6829389333724976,0.7660689353942871,0.08313000202178955
scan114,7,3,boundary,1684,3.616604804992676,4.224985599517822,0.6083807945251465
scan114,7,3,large_disparity,3368,1.090802788734436,1.1366928815841675,0.045890092849731445
scan114,7,3,occluded_any,1128,3.7224130630493164,4.642397880554199,0.9199848175048828
scan114,7,3,occluded_majority,404,6.139365196228027,8.525066375732422,2.3857011795043945
scan114,7,3,large_disp_and_occluded,567,4.376880645751953,3.8604588508605957,-0.5164217948913574
scan114,7,3,boundary_and_occluded,727,5.340882301330566,6.758670330047607,1.417788028717041
scan114,8,3,full,16507,0.8706404566764832,0.8445575833320618,-0.026082873344421387
scan114,8,3,boundary,1651,4.1823883056640625,4.56777811050415,0.3853898048400879
scan114,8,3,large_disparity,3302,2.0529229640960693,1.5432727336883545,-0.5096502304077148
scan114,8,3,occluded_any,910,8.162226676940918,7.680012226104736,-0.48221445083618164
scan114,8,3,occluded_majority,492,11.690970420837402,11.245658874511719,-0.4453115463256836
scan114,8,3,large_disp_and_occluded,321,15.635924339294434,11.09843921661377,-4.537485122680664
scan114,8,3,boundary_and_occluded,673,7.571298599243164,8.42142391204834,0.8501253128051758
scan114,9,3,full,16046,0.7858221530914307,0.6568464040756226,-0.1289757490158081
scan114,9,3,boundary,1605,4.467644214630127,3.279128313064575,-1.1885159015655518
scan114,9,3,large_disparity,3210,1.7283780574798584,0.9943142533302307,-0.7340638041496277
scan114,9,3,occluded_any,750,7.512300968170166,5.203916549682617,-2.308384418487549
scan114,9,3,occluded_majority,433,10.124759674072266,6.279280185699463,-3.8454794883728027
scan114,9,3,large_disp_and_occluded,321,11.162511825561523,5.204000949859619,-5.958510875701904
scan114,9,3,boundary_and_occluded,594,8.16812801361084,5.761744022369385,-2.406383991241455
scan114,10,3,full,15223,0.7455739974975586,0.6431419849395752,-0.1024320125579834
scan114,10,3,boundary,1523,4.371729850769043,3.4695675373077393,-0.9021623134613037
scan114,10,3,large_disparity,3045,1.3828035593032837,1.0249803066253662,-0.3578232526779175
scan114,10,3,occluded_any,629,8.098172187805176,5.894230842590332,-2.2039413452148438
scan114,10,3,occluded_majority,332,9.747771263122559,7.672372341156006,-2.0753989219665527
scan114,10,3,large_disp_and_occluded,296,9.395919799804688,6.679346084594727,-2.716573715209961
scan114,10,3,boundary_and_occluded,540,8.80762767791748,6.481653690338135,-2.3259739875793457
scan114,11,3,full,13197,0.9631429314613342,0.7820117473602295,-0.18113118410110474
scan114,11,3,boundary,1320,6.275111675262451,4.5907087326049805,-1.6844029426574707
scan114,11,3,large_disparity,2640,1.932991862297058,1.3209095001220703,-0.6120823621749878
scan114,11,3,occluded_any,280,17.949960708618164,12.014450073242188,-5.935510635375977
scan114,11,3,occluded_majority,163,20.052919387817383,14.746403694152832,-5.306515693664551
scan114,11,3,large_disp_and_occluded,139,22.16887092590332,13.247767448425293,-8.921103477478027
scan114,11,3,boundary_and_occluded,259,19.259845733642578,12.916274070739746,-6.343571662902832
scan114,12,3,full,14436,0.7561830878257751,0.6770323514938354,-0.0791507363319397
scan114,12,3,boundary,1444,4.970156192779541,3.8997819423675537,-1.0703742504119873
scan114,12,3,large_disparity,2888,1.627218246459961,1.169166922569275,-0.45805132389068604
scan114,12,3,occluded_any,753,7.973412990570068,6.0166215896606445,-1.9567914009094238
scan114,12,3,occluded_majority,441,10.957335472106934,8.073622703552246,-2.8837127685546875
scan114,12,3,large_disp_and_occluded,236,15.244235038757324,10.241227149963379,-5.003007888793945
scan114,12,3,boundary_and_occluded,622,9.493569374084473,7.135522365570068,-2.3580470085144043
scan114,13,3,full,15172,0.944461464881897,0.823077917098999,-0.12138354778289795
scan114,13,3,boundary,1518,6.020622730255127,4.962474346160889,-1.0581483840942383
scan114,13,3,large_disparity,3035,2.447892665863037,1.6894055604934692,-0.7584871053695679
scan114,13,3,occluded_any,765,10.953747749328613,8.205657005310059,-2.7480907440185547
scan114,13,3,occluded_majority,488,14.481206893920898,10.841625213623047,-3.6395816802978516
scan114,13,3,large_disp_and_occluded,392,15.015312194824219,9.403815269470215,-5.611496925354004
scan114,13,3,boundary_and_occluded,658,11.523357391357422,8.777382850646973,-2.745974540710449
scan114,14,3,full,15489,1.1499711275100708,0.8837434649467468,-0.266227662563324
scan114,14,3,boundary,1549,6.921782493591309,4.7435431480407715,-2.178239345550537
scan114,14,3,large_disparity,3098,2.99780011177063,1.7207088470458984,-1.2770912647247314
scan114,14,3,occluded_any,725,13.217172622680664,6.87856388092041,-6.338608741760254
scan114,14,3,occluded_majority,470,16.797748565673828,8.351164817810059,-8.44658374786377
scan114,14,3,large_disp_and_occluded,408,17.054182052612305,8.56413459777832,-8.490047454833984
scan114,14,3,boundary_and_occluded,594,13.612933158874512,7.111161231994629,-6.501771926879883
scan114,15,3,full,15623,1.0298758745193481,0.7775306701660156,-0.2523452043533325
scan114,15,3,boundary,1563,6.035935878753662,4.374279022216797,-1.6616568565368652
scan114,15,3,large_disparity,3125,2.7080538272857666,1.7743083238601685,-0.9337455034255981
scan114,15,3,occluded_any,925,9.605462074279785,6.146917343139648,-3.4585447311401367
scan114,15,3,occluded_majority,417,15.505600929260254,9.479859352111816,-6.0257415771484375
scan114,15,3,large_disp_and_occluded,520,12.892329216003418,7.8299455642700195,-5.062383651733398
scan114,15,3,boundary_and_occluded,682,10.576509475708008,7.371910095214844,-3.204599380493164
scan114,16,3,full,15779,0.8594838380813599,0.739534854888916,-0.11994898319244385
scan114,16,3,boundary,1578,5.163313865661621,3.9421803951263428,-1.2211334705352783
scan114,16,3,large_disparity,3156,2.136533498764038,1.599635362625122,-0.536898136138916
scan114,16,3,occluded_any,1083,6.327773571014404,4.714268684387207,-1.6135048866271973
scan114,16,3,occluded_majority,492,10.540574073791504,7.866018295288086,-2.674555778503418
scan114,16,3,large_disp_and_occluded,643,8.25625991821289,5.993228435516357,-2.263031482696533
scan114,16,3,boundary_and_occluded,671,9.13451862335205,6.630120277404785,-2.5043983459472656
scan114,17,3,full,15701,0.721045970916748,0.674841582775116,-0.04620438814163208
scan114,17,3,boundary,1571,3.7762770652770996,3.390810966491699,-0.3854660987854004
scan114,17,3,large_disparity,3141,1.3265300989151,1.2849856615066528,-0.041544437408447266
scan114,17,3,occluded_any,1147,3.5093681812286377,3.227734088897705,-0.2816340923309326
scan114,17,3,occluded_majority,571,5.2292633056640625,4.653846263885498,-0.5754170417785645
scan114,17,3,large_disp_and_occluded,688,4.255058288574219,4.026556491851807,-0.2285017967224121
scan114,17,3,boundary_and_occluded,698,5.289943695068359,4.806468486785889,-0.4834752082824707
scan114,18,3,full,15069,1.0011643171310425,0.9053475260734558,-0.09581679105758667
scan114,18,3,boundary,1507,5.393737316131592,5.271627902984619,-0.12210941314697266
scan114,18,3,large_disparity,3014,1.7050411701202393,1.7375726699829102,0.0325314998626709
scan114,18,3,occluded_any,952,5.243638515472412,5.446158409118652,0.20251989364624023
scan114,18,3,occluded_majority,429,7.348924160003662,7.637092590332031,0.28816843032836914
scan114,18,3,large_disp_and_occluded,588,6.505209922790527,7.090445041656494,0.5852351188659668
scan114,18,3,boundary_and_occluded,707,6.743681907653809,7.023025989532471,0.2793440818786621
scan114,19,3,full,13311,0.8707368969917297,0.8715166449546814,0.0007797479629516602
scan114,19,3,boundary,1332,4.140957832336426,4.092463970184326,-0.04849386215209961
scan114,19,3,large_disparity,2663,1.377927541732788,1.459682583808899,0.08175504207611084
scan114,19,3,occluded_any,468,5.058372497558594,5.361096382141113,0.30272388458251953
scan114,19,3,occluded_majority,239,4.052272319793701,4.834558010101318,0.7822856903076172
scan114,19,3,large_disp_and_occluded,283,5.352614879608154,6.000075817108154,0.6474609375
scan114,19,3,boundary_and_occluded,410,4.323054790496826,4.869805335998535,0.546750545501709
scan114,20,3,full,14278,0.843899130821228,0.8088935017585754,-0.03500562906265259
scan114,20,3,boundary,1428,4.757574558258057,4.3870368003845215,-0.37053775787353516
scan114,20,3,large_disparity,2856,1.8448361158370972,1.7208330631256104,-0.12400305271148682
scan114,20,3,occluded_any,878,5.489415645599365,5.0538482666015625,-0.43556737899780273
scan114,20,3,occluded_majority,394,7.428896903991699,7.069884777069092,-0.3590121269226074
scan114,20,3,large_disp_and_occluded,398,9.3619384765625,8.933679580688477,-0.42825889587402344
scan114,20,3,boundary_and_occluded,667,6.933868408203125,6.415195941925049,-0.5186724662780762
scan114,21,3,full,14574,0.8525350689888,0.8433617353439331,-0.009173333644866943
scan114,21,3,boundary,1458,4.472775936126709,4.453667640686035,-0.019108295440673828
scan114,21,3,large_disparity,2915,2.1561100482940674,2.226973533630371,0.07086348533630371
scan114,21,3,occluded_any,1022,5.683520317077637,5.529628276824951,-0.15389204025268555
scan114,21,3,occluded_majority,618,7.5821733474731445,7.644460201263428,0.0622868537902832
scan114,21,3,large_disp_and_occluded,662,7.1617751121521,7.419074535369873,0.25729942321777344
scan114,21,3,boundary_and_occluded,674,7.315120220184326,7.477578163146973,0.16245794296264648
scan114,22,3,full,14602,1.0890852212905884,0.9908131957054138,-0.09827202558517456
scan114,22,3,boundary,1461,5.8680315017700195,5.55742073059082,-0.3106107711791992
scan114,22,3,large_disparity,2921,3.2617368698120117,2.794348955154419,-0.4673879146575928
scan114,22,3,occluded_any,781,11.495426177978516,9.91805648803711,-1.5773696899414062
scan114,22,3,occluded_majority,354,17.394350051879883,15.158987998962402,-2.2353620529174805
scan114,22,3,large_disp_and_occluded,504,15.733353614807129,13.196690559387207,-2.536663055419922
scan114,22,3,boundary_and_occluded,542,12.252087593078613,11.699597358703613,-0.552490234375
scan114,23,3,full,14520,1.2446101903915405,1.0163912773132324,-0.2282189130783081
scan114,23,3,boundary,1452,7.884090423583984,6.020610809326172,-1.8634796142578125
scan114,23,3,large_disparity,2904,3.808170795440674,2.8892431259155273,-0.9189276695251465
scan114,23,3,occluded_any,879,12.579500198364258,9.403376579284668,-3.17612361907959
scan114,23,3,occluded_majority,449,17.802589416503906,13.277457237243652,-4.525132179260254
scan114,23,3,large_disp_and_occluded,491,17.99957275390625,13.296686172485352,-4.702886581420898
scan114,23,3,boundary_and_occluded,610,15.647710800170898,11.800378799438477,-3.847332000732422
scan114,24,3,full,14567,1.4183522462844849,1.0425156354904175,-0.3758366107940674
scan114,24,3,boundary,1457,9.439949989318848,6.357936859130859,-3.0820131301879883
scan114,24,3,large_disparity,2914,4.910444259643555,3.4653213024139404,-1.4451229572296143
scan114,24,3,occluded_any,724,19.241262435913086,12.238157272338867,-7.003105163574219
scan114,24,3,occluded_majority,401,26.58493995666504,17.19734764099121,-9.387592315673828
scan114,24,3,large_disp_and_occluded,476,24.831501007080078,16.781747817993164,-8.049753189086914
scan114,24,3,boundary_and_occluded,585,20.119138717651367,13.000177383422852,-7.118961334228516
scan114,25,3,full,14527,1.0748347043991089,0.9168376326560974,-0.15799707174301147
scan114,25,3,boundary,1453,7.0370612144470215,5.654860019683838,-1.3822011947631836
scan114,25,3,large_disparity,2906,3.1671276092529297,2.6341028213500977,-0.533024787902832
scan114,25,3,occluded_any,696,13.890803337097168,10.741120338439941,-3.1496829986572266
scan114,25,3,occluded_majority,402,19.481767654418945,15.065881729125977,-4.415885925292969
scan114,25,3,large_disp_and_occluded,460,16.264123916625977,12.980712890625,-3.2834110260009766
scan114,25,3,boundary_and_occluded,597,14.567849159240723,11.3041410446167,-3.2637081146240234
scan114,26,3,full,13998,0.9676293134689331,0.7761252522468567,-0.19150406122207642
scan114,26,3,boundary,1400,6.069009304046631,4.438745975494385,-1.630263328552246
scan114,26,3,large_disparity,2800,2.5092358589172363,1.7025638818740845,-0.8066719770431519
scan114,26,3,occluded_any,596,12.593040466308594,8.546085357666016,-4.046955108642578
scan114,26,3,occluded_majority,297,16.401718139648438,12.057270050048828,-4.344448089599609
scan114,26,3,large_disp_and_occluded,283,19.450239181518555,12.07192325592041,-7.3783159255981445
scan114,26,3,boundary_and_occluded,518,12.874312400817871,9.057414054870605,-3.8168983459472656
scan114,27,3,full,13311,0.9454748034477234,0.8132036328315735,-0.1322711706161499
scan114,27,3,boundary,1332,5.842983245849609,4.404613018035889,-1.4383702278137207
scan114,27,3,large_disparity,2663,0.38594168424606323,0.3950335681438446,0.009091883897781372
scan114,27,3,occluded_any,599,10.271950721740723,7.6505045890808105,-2.621446132659912
scan114,27,3,occluded_majority,257,12.18677043914795,9.419342041015625,-2.767428398132324
scan114,27,3,large_disp_and_occluded,164,1.4054609537124634,0.9264094829559326,-0.47905147075653076
scan114,27,3,boundary_and_occluded,495,11.365686416625977,8.39297866821289,-2.972707748413086
scan114,28,3,full,11655,1.0872105360031128,0.9811865091323853,-0.10602402687072754
scan114,28,3,boundary,1166,7.229420185089111,5.746243476867676,-1.4831767082214355
scan114,28,3,large_disparity,2331,1.0977585315704346,1.072189450263977,-0.02556908130645752
scan114,28,3,occluded_any,450,13.133225440979004,9.986495971679688,-3.1467294692993164
scan114,28,3,occluded_majority,239,14.537062644958496,11.40078067779541,-3.136281967163086
scan114,28,3,large_disp_and_occluded,93,15.37988567352295,11.977540016174316,-3.402345657348633
scan114,28,3,boundary_and_occluded,310,18.757705688476562,14.15066909790039,-4.607036590576172
scan114,29,3,full,12345,0.9617387652397156,0.8648787140846252,-0.09686005115509033
scan114,29,3,boundary,1235,6.271522521972656,5.282649517059326,-0.9888730049133301
scan114,29,3,large_disparity,2469,1.4003419876098633,1.2833219766616821,-0.11702001094818115
scan114,29,3,occluded_any,596,11.466192245483398,9.053386688232422,-2.4128055572509766
scan114,29,3,occluded_majority,292,15.730381965637207,12.89656925201416,-2.833812713623047
scan114,29,3,large_disp_and_occluded,185,13.934356689453125,11.68215560913086,-2.2522010803222656
scan114,29,3,boundary_and_occluded,468,13.726089477539062,11.09191608428955,-2.6341733932495117
scan114,30,3,full,13010,1.0123717784881592,0.8246928453445435,-0.18767893314361572
scan114,30,3,boundary,1301,6.9426589012146,5.220460891723633,-1.7221980094909668
scan114,30,3,large_disparity,2602,2.6592934131622314,2.140895366668701,-0.5183980464935303
scan114,30,3,occluded_any,559,14.355506896972656,10.594321250915527,-3.761185646057129
scan114,30,3,occluded_majority,279,20.51211929321289,15.493566513061523,-5.018552780151367
scan114,30,3,large_disp_and_occluded,350,16.061811447143555,12.43082332611084,-3.630988121032715
scan114,30,3,boundary_and_occluded,458,16.684406280517578,12.336946487426758,-4.34745979309082
scan114,31,3,full,13577,1.0891095399856567,0.8765401840209961,-0.21256935596466064
scan114,31,3,boundary,1358,7.483576774597168,5.475772857666016,-2.0078039169311523
scan114,31,3,large_disparity,2716,3.5791523456573486,2.712190628051758,-0.8669617176055908
scan114,31,3,occluded_any,544,16.106292724609375,11.78414535522461,-4.322147369384766
scan114,31,3,occluded_majority,253,21.30275535583496,16.085147857666016,-5.217607498168945
scan114,31,3,large_disp_and_occluded,411,19.19217872619629,14.210716247558594,-4.981462478637695
scan114,31,3,boundary_and_occluded,434,18.859540939331055,13.747220993041992,-5.1123199462890625
scan114,32,3,full,13715,1.4847813844680786,1.0389331579208374,-0.4458482265472412
scan114,32,3,boundary,1372,10.295228958129883,6.8054094314575195,-3.4898195266723633
scan114,32,3,large_disparity,2743,5.235317230224609,3.3660895824432373,-1.869227647781372
scan114,32,3,occluded_any,652,21.195775985717773,13.339696884155273,-7.8560791015625
scan114,32,3,occluded_majority,342,30.846525192260742,19.31827735900879,-11.528247833251953
scan114,32,3,large_disp_and_occluded,456,27.484643936157227,17.01328468322754,-10.471359252929688
scan114,32,3,boundary_and_occluded,539,23.673095703125,15.136863708496094,-8.536231994628906
scan114,33,3,full,13660,1.4801307916641235,1.1637099981307983,-0.3164207935333252
scan114,33,3,boundary,1366,10.642348289489746,7.979887008666992,-2.662461280822754
scan114,33,3,large_disparity,2732,5.152621269226074,3.947227716445923,-1.2053935527801514
scan114,33,3,occluded_any,676,19.300729751586914,14.605445861816406,-4.695283889770508
scan114,33,3,occluded_majority,333,28.54452896118164,21.56709861755371,-6.97743034362793
scan114,33,3,large_disp_and_occluded,433,26.909616470336914,20.641801834106445,-6.267814636230469
scan114,33,3,boundary_and_occluded,548,22.37386703491211,17.051122665405273,-5.322744369506836
scan114,34,3,full,13735,1.4178162813186646,1.1461042165756226,-0.271712064743042
scan114,34,3,boundary,1374,9.622100830078125,7.210320472717285,-2.41178035736084
scan114,34,3,large_disparity,2747,4.888542652130127,3.6077468395233154,-1.2807958126068115
scan114,34,3,occluded_any,753,17.211454391479492,12.654200553894043,-4.557253837585449
scan114,34,3,occluded_majority,434,24.304595947265625,18.060182571411133,-6.244413375854492
scan114,34,3,large_disp_and_occluded,585,19.57461929321289,14.121687889099121,-5.4529314041137695
scan114,34,3,boundary_and_occluded,582,19.69451141357422,14.521641731262207,-5.172869682312012
scan114,35,3,full,13549,1.2128688097000122,0.9841038584709167,-0.22876495122909546
scan114,35,3,boundary,1355,7.437371730804443,5.454820156097412,-1.9825515747070312
scan114,35,3,large_disparity,2710,4.411665916442871,3.183773994445801,-1.2278919219970703
scan114,35,3,occluded_any,829,12.418664932250977,8.749150276184082,-3.6695146560668945
scan114,35,3,occluded_majority,347,21.07285499572754,14.494519233703613,-6.578335762023926
scan114,35,3,large_disp_and_occluded,616,16.197120666503906,11.191944122314453,-5.005176544189453
scan114,35,3,boundary_and_occluded,634,13.280877113342285,9.286134719848633,-3.9947423934936523
scan114,36,3,full,13262,1.0107758045196533,0.9019880890846252,-0.10878771543502808
scan114,36,3,boundary,1327,6.346002578735352,5.312836170196533,-1.0331664085388184
scan114,36,3,large_disparity,2653,3.246851921081543,2.6636931896209717,-0.5831587314605713
scan114,36,3,occluded_any,873,8.503914833068848,6.603835105895996,-1.9000797271728516
scan114,36,3,occluded_majority,363,12.98768138885498,9.6591796875,-3.3285017013549805
scan114,36,3,large_disp_and_occluded,550,12.369484901428223,9.52029037475586,-2.8491945266723633
scan114,36,3,boundary_and_occluded,630,10.919113159179688,8.596181869506836,-2.3229312896728516
scan114,37,3,full,12775,1.0668550729751587,0.9617628455162048,-0.10509222745895386
scan114,37,3,boundary,1278,6.000197887420654,5.170825958251953,-0.8293719291687012
scan114,37,3,large_disparity,2555,2.970585823059082,2.499462127685547,-0.47112369537353516
scan114,37,3,occluded_any,968,6.166172027587891,5.138254642486572,-1.0279173851013184
scan114,37,3,occluded_majority,411,8.561270713806152,7.0548200607299805,-1.5064506530761719
scan114,37,3,large_disp_and_occluded,445,11.576797485351562,9.556796073913574,-2.0200014114379883
scan114,37,3,boundary_and_occluded,616,8.74769401550293,7.3690571784973145,-1.3786368370056152
scan114,38,3,full,10584,1.55098557472229,1.564761996269226,0.013776421546936035
scan114,38,3,boundary,1059,9.292322158813477,7.900720596313477,-1.3916015625
scan114,38,3,large_disparity,2117,4.609140396118164,4.023929119110107,-0.5852112770080566
scan114,38,3,occluded_any,370,11.511724472045898,10.714383125305176,-0.7973413467407227
scan114,38,3,occluded_majority,245,11.333066940307617,10.866898536682129,-0.4661684036254883
scan114,38,3,large_disp_and_occluded,129,30.31576919555664,28.33808708190918,-1.977682113647461
scan114,38,3,boundary_and_occluded,242,15.131148338317871,14.064848899841309,-1.0662994384765625
scan114,39,3,full,11463,1.458412766456604,1.210461974143982,-0.24795079231262207
scan114,39,3,boundary,1147,9.13621997833252,6.7757182121276855,-2.360501766204834
scan114,39,3,large_disparity,2293,5.030381202697754,3.694528102874756,-1.335853099822998
scan114,39,3,occluded_any,840,10.887147903442383,7.975239276885986,-2.9119086265563965
scan114,39,3,occluded_majority,383,15.365752220153809,11.934918403625488,-3.4308338165283203
scan114,39,3,large_disp_and_occluded,486,17.604734420776367,12.500711441040039,-5.104022979736328
scan114,39,3,boundary_and_occluded,531,15.509620666503906,11.254993438720703,-4.254627227783203
scan114,40,3,full,12052,1.246349811553955,0.9932528734207153,-0.25309693813323975
scan114,40,3,boundary,1206,8.069993019104004,5.94428014755249,-2.1257128715515137
scan114,40,3,large_disparity,2411,3.824934959411621,2.766251564025879,-1.0586833953857422
scan114,40,3,occluded_any,819,10.217249870300293,7.261549472808838,-2.955700397491455
scan114,40,3,occluded_majority,350,14.05925464630127,9.81790828704834,-4.24134635925293
scan114,40,3,large_disp_and_occluded,470,14.73857593536377,10.096537590026855,-4.642038345336914
scan114,40,3,boundary_and_occluded,559,13.533320426940918,9.706319808959961,-3.827000617980957
scan114,41,3,full,12417,1.3731954097747803,1.0664010047912598,-0.3067944049835205
scan114,41,3,boundary,1242,9.150489807128906,6.443431854248047,-2.7070579528808594
scan114,41,3,large_disparity,2484,4.488961219787598,3.1761744022369385,-1.3127868175506592
scan114,41,3,occluded_any,729,13.088260650634766,9.013617515563965,-4.074643135070801
scan114,41,3,occluded_majority,308,18.55560302734375,12.784523963928223,-5.771079063415527
scan114,41,3,large_disp_and_occluded,473,17.86566734313965,12.174298286437988,-5.69136905670166
scan114,41,3,boundary_and_occluded,524,16.01963233947754,10.946861267089844,-5.072771072387695
scan114,42,3,full,12623,1.4852452278137207,1.1735533475875854,-0.31169188022613525
scan114,42,3,boundary,1263,10.158649444580078,7.282937049865723,-2.8757123947143555
scan114,42,3,large_disparity,2525,5.281054973602295,3.7432496547698975,-1.5378053188323975
scan114,42,3,occluded_any,646,18.75040054321289,13.173933982849121,-5.5764665603637695
scan114,42,3,occluded_majority,286,23.77898597717285,17.854955673217773,-5.924030303955078
scan114,42,3,large_disp_and_occluded,450,23.86846351623535,16.6016845703125,-7.266778945922852
scan114,42,3,boundary_and_occluded,521,20.40904426574707,14.301568984985352,-6.107475280761719
scan114,43,3,full,12767,1.6299313306808472,1.2778276205062866,-0.35210371017456055
scan114,43,3,boundary,1277,11.447798728942871,7.951783657073975,-3.4960150718688965
scan114,43,3,large_disparity,2554,5.392760276794434,3.867438316345215,-1.5253219604492188
scan114,43,3,occluded_any,631,20.730234146118164,13.843647956848145,-6.8865861892700195
scan114,43,3,occluded_majority,270,32.66851043701172,21.52593421936035,-11.142576217651367
scan114,43,3,large_disp_and_occluded,407,25.964214324951172,17.722904205322266,-8.241310119628906
scan114,43,3,boundary_and_occluded,550,21.7722225189209,14.788409233093262,-6.983813285827637
scan114,44,3,full,12953,1.4893126487731934,1.2165166139602661,-0.27279603481292725
scan114,44,3,boundary,1296,9.28677749633789,6.7298359870910645,-2.556941509246826
scan114,44,3,large_disparity,2591,4.6517653465271,3.444376230239868,-1.2073891162872314
scan114,44,3,occluded_any,599,18.764633178710938,14.213950157165527,-4.55068302154541
scan114,44,3,occluded_majority,300,24.789608001708984,18.467378616333008,-6.322229385375977
scan114,44,3,large_disp_and_occluded,411,21.955463409423828,15.952240943908691,-6.003222465515137
scan114,44,3,boundary_and_occluded,467,19.561357498168945,13.867585182189941,-5.693772315979004
scan114,45,3,full,12741,1.2371397018432617,1.0089415311813354,-0.22819817066192627
scan114,45,3,boundary,1275,8.79598617553711,6.73178768157959,-2.0641984939575195
scan114,45,3,large_disparity,2549,4.27653169631958,3.317370653152466,-0.9591610431671143
scan114,45,3,occluded_any,422,21.493968963623047,16.362590789794922,-5.131378173828125
scan114,45,3,occluded_majority,186,28.661043167114258,22.14894676208496,-6.512096405029297
scan114,45,3,large_disp_and_occluded,303,26.936046600341797,20.543046951293945,-6.392999649047852
scan114,45,3,boundary_and_occluded,347,25.473407745361328,19.43494987487793,-6.038457870483398
scan114,46,3,full,12177,1.1953434944152832,0.9937436580657959,-0.2015998363494873
scan114,46,3,boundary,1218,8.379786491394043,6.366881370544434,-2.0129051208496094
scan114,46,3,large_disparity,2436,3.932835578918457,3.0616934299468994,-0.8711421489715576
scan114,46,3,occluded_any,397,19.79560089111328,15.198293685913086,-4.597307205200195
scan114,46,3,occluded_majority,165,30.573495864868164,23.657211303710938,-6.916284561157227
scan114,46,3,large_disp_and_occluded,251,27.889814376831055,21.363924026489258,-6.525890350341797
scan114,46,3,boundary_and_occluded,324,23.608905792236328,18.103878021240234,-5.505027770996094
scan114,47,3,full,11579,1.2701164484024048,0.982327401638031,-0.2877890467643738
scan114,47,3,boundary,1158,8.903550148010254,6.4162211418151855,-2.4873290061950684
scan114,47,3,large_disparity,2316,1.818017840385437,1.4626141786575317,-0.3554036617279053
scan114,47,3,occluded_any,503,16.074665069580078,11.243424415588379,-4.831240653991699
scan114,47,3,occluded_majority,202,23.594892501831055,16.900833129882812,-6.694059371948242
scan114,47,3,large_disp_and_occluded,147,19.57625961303711,15.02093505859375,-4.555324554443359
scan114,47,3,boundary_and_occluded,408,18.809839248657227,13.236981391906738,-5.572857856750488
scan114,48,3,full,10913,1.2003520727157593,1.2854608297348022,0.08510875701904297
scan114,48,3,boundary,1092,8.301047325134277,6.652756214141846,-1.6482911109924316
scan114,48,3,large_disparity,2183,1.989158272743225,1.4079514741897583,-0.5812067985534668
scan114,48,3,occluded_any,277,16.04088592529297,10.80850601196289,-5.232379913330078
scan114,48,3,occluded_majority,156,15.951311111450195,11.4933500289917,-4.457961082458496
scan114,48,3,large_disp_and_occluded,92,26.31731414794922,17.509729385375977,-8.807584762573242
scan114,48,3,boundary_and_occluded,185,23.496686935424805,15.632723808288574,-7.8639631271362305
scan118,0,3,full,13316,2.5387039184570312,2.4794552326202393,-0.05924868583679199
scan118,0,3,boundary,1332,13.519466400146484,12.851496696472168,-0.6679697036743164
scan118,0,3,large_disparity,2664,4.168149948120117,3.7343151569366455,-0.4338347911834717
scan118,0,3,occluded_any,1580,8.777470588684082,11.277402877807617,2.499932289123535
scan118,0,3,occluded_majority,842,11.514155387878418,16.246347427368164,4.732192039489746
scan118,0,3,large_disp_and_occluded,591,6.906290531158447,11.523961067199707,4.61767053604126
scan118,0,3,boundary_and_occluded,661,13.910761833190918,16.820138931274414,2.909377098083496
scan118,1,3,full,15029,1.4651014804840088,1.5321030616760254,0.0670015811920166
scan118,1,3,boundary,1503,9.56528091430664,9.237346649169922,-0.32793426513671875
scan118,1,3,large_disparity,3006,1.7732304334640503,2.128769874572754,0.3555394411087036
scan118,1,3,occluded_any,2574,4.790721416473389,4.619251251220703,-0.17147016525268555
scan118,1,3,occluded_majority,978,7.503429889678955,7.198055267333984,-0.3053746223449707
scan118,1,3,large_disp_and_occluded,715,4.201828956604004,5.478121757507324,1.2762928009033203
scan118,1,3,boundary_and_occluded,924,11.209550857543945,10.577349662780762,-0.6322011947631836
scan118,2,3,full,16188,1.463330864906311,1.4939671754837036,0.030636310577392578
scan118,2,3,boundary,1619,9.778521537780762,9.855504989624023,0.07698345184326172
scan118,2,3,large_disparity,3238,2.2924604415893555,2.1554391384124756,-0.13702130317687988
scan118,2,3,occluded_any,1783,6.274609088897705,6.5772833824157715,0.3026742935180664
scan118,2,3,occluded_majority,753,9.036297798156738,9.912545204162598,0.8762474060058594
scan118,2,3,large_disp_and_occluded,252,19.893030166625977,18.28607749938965,-1.6069526672363281
scan118,2,3,boundary_and_occluded,853,11.619568824768066,12.229846000671387,0.6102771759033203
scan118,3,3,full,16052,3.6282501220703125,3.41866135597229,-0.20958876609802246
scan118,3,3,boundary,1606,26.041501998901367,25.565105438232422,-0.4763965606689453
scan118,3,3,large_disparity,3211,9.964475631713867,8.15847396850586,-1.8060016632080078
scan118,3,3,occluded_any,3242,13.643524169921875,12.815458297729492,-0.8280658721923828
scan118,3,3,occluded_majority,1120,33.68502426147461,29.784574508666992,-3.900449752807617
scan118,3,3,large_disp_and_occluded,683,45.590396881103516,36.9428825378418,-8.647514343261719
scan118,3,3,boundary_and_occluded,1056,34.38047409057617,33.43547439575195,-0.9449996948242188
scan118,4,3,full,14869,6.492859363555908,6.596797466278076,0.10393810272216797
scan118,4,3,boundary,1487,33.79353332519531,33.56282043457031,-0.230712890625
scan118,4,3,large_disparity,2974,10.151816368103027,2.7943906784057617,-7.357425689697266
scan118,4,3,occluded_any,2474,32.391517639160156,22.347599029541016,-10.04391860961914
scan118,4,3,occluded_majority,1596,46.856746673583984,29.070505142211914,-17.78624153137207
scan118,4,3,large_disp_and_occluded,732,39.42677307128906,8.614377975463867,-30.812395095825195
scan118,4,3,boundary_and_occluded,933,45.57133865356445,39.258426666259766,-6.3129119873046875
scan118,5,3,full,13671,4.8552422523498535,4.171453475952148,-0.6837887763977051
scan118,5,3,boundary,1368,29.918174743652344,24.581449508666992,-5.336725234985352
scan118,5,3,large_disparity,2735,5.57534122467041,5.488070964813232,-0.08727025985717773
scan118,5,3,occluded_any,1926,21.91571044921875,21.823131561279297,-0.09257888793945312
scan118,5,3,occluded_majority,880,38.733646392822266,36.49600601196289,-2.237640380859375
scan118,5,3,large_disp_and_occluded,187,71.6323013305664,72.7910385131836,1.1587371826171875
scan118,5,3,boundary_and_occluded,772,38.337303161621094,33.391109466552734,-4.946193695068359
scan118,6,3,full,15130,1.8758535385131836,1.4497777223587036,-0.42607581615448
scan118,6,3,boundary,1513,11.569826126098633,8.395176887512207,-3.174649238586426
scan118,6,3,large_disparity,3026,0.7796364426612854,0.770148754119873,-0.009487688541412354
scan118,6,3,occluded_any,2619,5.836577892303467,4.6773762702941895,-1.1592016220092773
scan118,6,3,occluded_majority,1334,7.451335906982422,6.379443645477295,-1.071892261505127
scan118,6,3,large_disp_and_occluded,583,3.1541290283203125,2.953204870223999,-0.20092415809631348
scan118,6,3,boundary_and_occluded,935,11.862907409667969,8.644774436950684,-3.218132972717285
scan118,7,3,full,15592,1.7379493713378906,1.5466846227645874,-0.19126474857330322
scan118,7,3,boundary,1560,9.83841323852539,10.230011940002441,0.3915987014770508
scan118,7,3,large_disparity,3119,0.874422550201416,0.8617541193962097,-0.012668430805206299
scan118,7,3,occluded_any,2401,5.772120475769043,5.925650596618652,0.15353012084960938
scan118,7,3,occluded_majority,765,10.724021911621094,11.084166526794434,0.36014461517333984
scan118,7,3,large_disp_and_occluded,439,4.668729305267334,4.886094570159912,0.21736526489257812
scan118,7,3,boundary_and_occluded,981,11.65545654296875,11.787301063537598,0.13184452056884766
scan118,8,3,full,15653,1.1545509099960327,1.0598169565200806,-0.09473395347595215
scan118,8,3,boundary,1566,7.918765544891357,6.690944671630859,-1.227820873260498
scan118,8,3,large_disparity,3131,1.3629554510116577,1.1690727472305298,-0.19388270378112793
scan118,8,3,occluded_any,1965,4.9583353996276855,4.085376262664795,-0.8729591369628906
scan118,8,3,occluded_majority,753,7.549469947814941,5.664920330047607,-1.884549617767334
scan118,8,3,large_disp_and_occluded,421,7.206208229064941,6.067844390869141,-1.1383638381958008
scan118,8,3,boundary_and_occluded,882,9.755934715270996,7.753847599029541,-2.002087116241455
scan118,9,3,full,15409,1.1344155073165894,1.0163707733154297,-0.11804473400115967
scan118,9,3,boundary,1541,6.761499881744385,5.803858757019043,-0.9576411247253418
scan118,9,3,large_disparity,3082,1.360274076461792,1.2063106298446655,-0.15396344661712646
scan118,9,3,occluded_any,2092,3.869704484939575,3.1771016120910645,-0.6926028728485107
scan118,9,3,occluded_majority,827,4.8340067863464355,3.854045867919922,-0.9799609184265137
scan118,9,3,large_disp_and_occluded,670,3.7162981033325195,3.2943358421325684,-0.42196226119995117
scan118,9,3,boundary_and_occluded,915,7.076004505157471,5.803864002227783,-1.2721405029296875
scan118,10,3,full,14407,1.515160322189331,1.4758274555206299,-0.03933286666870117
scan118,10,3,boundary,1441,8.768693923950195,8.33071231842041,-0.43798160552978516
scan118,10,3,large_disparity,2882,1.6447488069534302,1.6057796478271484,-0.03896915912628174
scan118,10,3,occluded_any,2276,5.180699825286865,4.86247444152832,-0.3182253837585449
scan118,10,3,occluded_majority,1126,7.350153923034668,7.233470439910889,-0.1166834831237793
scan118,10,3,large_disp_and_occluded,805,4.3407721519470215,4.005857467651367,-0.3349146842956543
scan118,10,3,boundary_and_occluded,880,10.208436012268066,9.621283531188965,-0.5871524810791016
scan118,11,3,full,12779,1.778879165649414,1.7131463289260864,-0.06573283672332764
scan118,11,3,boundary,1278,8.467822074890137,7.984302520751953,-0.4835195541381836
scan118,11,3,large_disparity,2556,1.8920778036117554,1.4167759418487549,-0.4753018617630005
scan118,11,3,occluded_any,1704,6.855885982513428,5.761632919311523,-1.0942530632019043
scan118,11,3,occluded_majority,955,9.431812286376953,7.963953971862793,-1.4678583145141602
scan118,11,3,large_disp_and_occluded,647,5.545844078063965,3.3189077377319336,-2.2269363403320312
scan118,11,3,boundary_and_occluded,650,9.568519592285156,8.088812828063965,-1.4797067642211914
scan118,12,3,full,13688,1.40687096118927,1.3514357805252075,-0.0554351806640625
scan118,12,3,boundary,1369,8.01704216003418,7.545438289642334,-0.4716038703918457
scan118,12,3,large_disparity,2738,2.418114423751831,2.3599021434783936,-0.0582122802734375
scan118,12,3,occluded_any,2337,4.888195514678955,4.3377685546875,-0.5504269599914551
scan118,12,3,occluded_majority,1225,6.577719211578369,5.7437424659729,-0.8339767456054688
scan118,12,3,large_disp_and_occluded,726,7.276930332183838,6.959262371063232,-0.31766796112060547
scan118,12,3,boundary_and_occluded,880,9.323420524597168,8.544105529785156,-0.7793149948120117
scan118,13,3,full,14434,1.216614842414856,1.323600172996521,0.10698533058166504
scan118,13,3,boundary,1444,6.624932289123535,6.8832478523254395,0.2583155632019043
scan118,13,3,large_disparity,2887,1.6697397232055664,1.701666235923767,0.031926512718200684
scan118,13,3,occluded_any,1970,4.495555877685547,4.533253192901611,0.03769731521606445
scan118,13,3,occluded_majority,924,6.227895259857178,6.494436740875244,0.2665414810180664
scan118,13,3,large_disp_and_occluded,689,4.814549922943115,4.553175926208496,-0.26137399673461914
scan118,13,3,boundary_and_occluded,869,7.189798355102539,7.5611701011657715,0.3713717460632324
scan118,14,3,full,14716,1.4157631397247314,1.333962082862854,-0.08180105686187744
scan118,14,3,boundary,1472,9.481982231140137,8.129681587219238,-1.3523006439208984
scan118,14,3,large_disparity,2944,1.2463659048080444,1.2285960912704468,-0.017769813537597656
scan118,14,3,occluded_any,1587,7.049984931945801,5.893661975860596,-1.156322956085205
scan118,14,3,occluded_majority,810,9.286212921142578,8.348109245300293,-0.9381036758422852
scan118,14,3,large_disp_and_occluded,397,5.720539093017578,4.9063520431518555,-0.8141870498657227
scan118,14,3,boundary_and_occluded,816,11.884276390075684,10.018575668334961,-1.8657007217407227
scan118,15,3,full,14512,1.325465440750122,1.1659079790115356,-0.15955746173858643
scan118,15,3,boundary,1452,8.669666290283203,7.20615816116333,-1.463508129119873
scan118,15,3,large_disparity,2903,1.1502175331115723,1.1888593435287476,0.03864181041717529
scan118,15,3,occluded_any,1981,4.916618347167969,4.193136692047119,-0.7234816551208496
scan118,15,3,occluded_majority,788,8.242918968200684,7.399984359741211,-0.8429346084594727
scan118,15,3,large_disp_and_occluded,496,4.537164688110352,5.164423942565918,0.6272592544555664
scan118,15,3,boundary_and_occluded,920,9.487434387207031,7.951449871063232,-1.5359845161437988
scan118,16,3,full,14440,1.3465036153793335,1.116055965423584,-0.2304476499557495
scan118,16,3,boundary,1444,8.792807579040527,6.483860969543457,-2.3089466094970703
scan118,16,3,large_disparity,2888,1.3131709098815918,0.961762011051178,-0.3514088988304138
scan118,16,3,occluded_any,2177,5.339789867401123,3.977942705154419,-1.361847162246704
scan118,16,3,occluded_majority,865,9.53718376159668,7.04233980178833,-2.4948439598083496
scan118,16,3,large_disp_and_occluded,479,5.871351718902588,4.458130359649658,-1.4132213592529297
scan118,16,3,boundary_and_occluded,936,10.10118293762207,7.168149948120117,-2.933032989501953
scan118,17,3,full,14191,1.3034495115280151,1.3052583932876587,0.0018088817596435547
scan118,17,3,boundary,1420,8.186945915222168,7.689932346343994,-0.49701356887817383
scan118,17,3,large_disparity,2839,1.0309510231018066,0.9344085454940796,-0.09654247760772705
scan118,17,3,occluded_any,2340,4.702195167541504,4.586415767669678,-0.11577939987182617
scan118,17,3,occluded_majority,1004,8.137579917907715,7.9682297706604,-0.16935014724731445
scan118,17,3,large_disp_and_occluded,569,4.061173439025879,3.596353530883789,-0.46481990814208984
scan118,17,3,boundary_and_occluded,919,9.309218406677246,8.696264266967773,-0.6129541397094727
scan118,18,3,full,13482,2.776782751083374,1.5062308311462402,-1.2705519199371338
scan118,18,3,boundary,1349,16.356342315673828,8.64837646484375,-7.707965850830078
scan118,18,3,large_disparity,2697,1.269212245941162,1.3671871423721313,0.09797489643096924
scan118,18,3,occluded_any,2019,10.521186828613281,5.461023330688477,-5.060163497924805
scan118,18,3,occluded_majority,798,18.2694091796875,9.459393501281738,-8.810015678405762
scan118,18,3,large_disp_and_occluded,575,4.225771903991699,4.962225914001465,0.7364540100097656
scan118,18,3,boundary_and_occluded,857,18.395017623901367,8.965921401977539,-9.429096221923828
scan118,19,3,full,12063,2.3620686531066895,2.2952239513397217,-0.06684470176696777
scan118,19,3,boundary,1207,13.663125991821289,13.327017784118652,-0.3361082077026367
scan118,19,3,large_disparity,2413,4.477051734924316,4.105597496032715,-0.37145423889160156
scan118,19,3,occluded_any,1258,10.767325401306152,11.206605911254883,0.43928050994873047
scan118,19,3,occluded_majority,809,13.11223030090332,12.91213321685791,-0.20009708404541016
scan118,19,3,large_disp_and_occluded,643,13.333826065063477,11.603562355041504,-1.7302637100219727
scan118,19,3,boundary_and_occluded,637,14.926613807678223,15.808455467224121,0.8818416595458984
scan118,20,3,full,12707,1.561302900314331,1.417506217956543,-0.14379668235778809
scan118,20,3,boundary,1271,9.678016662597656,8.65822696685791,-1.019789695739746
scan118,20,3,large_disparity,2542,1.4684704542160034,1.462264060974121,-0.006206393241882324
scan118,20,3,occluded_any,1623,7.517174243927002,6.674161434173584,-0.843012809753418
scan118,20,3,occluded_majority,772,11.203706741333008,9.795785903930664,-1.4079208374023438
scan118,20,3,large_disp_and_occluded,325,9.97352409362793,10.0994234085083,0.1258993148803711
scan118,20,3,boundary_and_occluded,857,10.838631629943848,9.705284118652344,-1.133347511291504
scan118,21,3,full,12892,1.4638117551803589,1.230884313583374,-0.23292744159698486
scan118,21,3,boundary,1290,8.713982582092285,6.8436665534973145,-1.8703160285949707
scan118,21,3,large_disparity,2579,1.2894924879074097,1.1246788501739502,-0.16481363773345947
scan118,21,3,occluded_any,1782,5.9954609870910645,4.73413610458374,-1.2613248825073242
scan118,21,3,occluded_majority,980,7.630932331085205,6.173985481262207,-1.456946849822998
scan118,21,3,large_disp_and_occluded,488,4.5758185386657715,3.9536070823669434,-0.6222114562988281
scan118,21,3,boundary_and_occluded,806,10.153854370117188,7.984289646148682,-2.169564723968506
scan118,22,3,full,13168,1.5284024477005005,1.3204665184020996,-0.20793592929840088
scan118,22,3,boundary,1317,8.652111053466797,7.1984639167785645,-1.4536471366882324
scan118,22,3,large_disparity,2634,1.0950959920883179,1.060689926147461,-0.034406065940856934
scan118,22,3,occluded_any,1613,6.8839335441589355,5.6699652671813965,-1.213968276977539
scan118,22,3,occluded_majority,620,12.80939769744873,10.316170692443848,-2.493227005004883
scan118,22,3,large_disp_and_occluded,432,4.548897743225098,4.340188503265381,-0.2087092399597168
scan118,22,3,boundary_and_occluded,839,9.84146785736084,8.11390495300293,-1.7275629043579102
scan118,23,3,full,13260,1.5541900396347046,1.3348698616027832,-0.2193201780319214
scan118,23,3,boundary,1326,9.906591415405273,8.37920093536377,-1.527390480041504
scan118,23,3,large_disparity,2652,1.2628297805786133,1.0556917190551758,-0.2071380615234375
scan118,23,3,occluded_any,1682,6.886043548583984,5.73922872543335,-1.1468148231506348
scan118,23,3,occluded_majority,543,13.627273559570312,11.81756591796875,-1.8097076416015625
scan118,23,3,large_disp_and_occluded,474,5.21328067779541,3.9464311599731445,-1.2668495178222656
scan118,23,3,boundary_and_occluded,814,11.842033386230469,9.879138946533203,-1.9628944396972656
scan118,24,3,full,13473,1.6242382526397705,1.3803808689117432,-0.24385738372802734
scan118,24,3,boundary,1348,9.741990089416504,8.36286449432373,-1.3791255950927734
scan118,24,3,large_disparity,2695,1.7484699487686157,1.4227544069290161,-0.3257155418395996
scan118,24,3,occluded_any,1816,7.280242443084717,6.003312587738037,-1.2769298553466797
scan118,24,3,occluded_majority,658,13.91761302947998,11.404248237609863,-2.513364791870117
scan118,24,3,large_disp_and_occluded,568,6.843364238739014,5.155416488647461,-1.6879477500915527
scan118,24,3,boundary_and_occluded,872,11.657170295715332,10.176078796386719,-1.4810914993286133
scan118,25,3,full,13528,1.5323091745376587,1.346680998802185,-0.18562817573547363
scan118,25,3,boundary,1353,8.66549015045166,7.440711975097656,-1.224778175354004
scan118,25,3,large_disparity,2706,1.7927801609039307,1.503488302230835,-0.2892918586730957
scan118,25,3,occluded_any,1877,6.51976203918457,5.305065631866455,-1.2146964073181152
scan118,25,3,occluded_majority,796,10.227460861206055,8.423440933227539,-1.8040199279785156
scan118,25,3,large_disp_and_occluded,567,6.102421760559082,4.700372695922852,-1.4020490646362305
scan118,25,3,boundary_and_occluded,832,10.159069061279297,8.657281875610352,-1.5017871856689453
scan118,26,3,full,13188,1.5145889520645142,1.4435672760009766,-0.0710216760635376
scan118,26,3,boundary,1319,8.039002418518066,6.941717147827148,-1.097285270690918
scan118,26,3,large_disparity,2638,2.339517831802368,2.077707052230835,-0.2618107795715332
scan118,26,3,occluded_any,1893,5.980248928070068,5.565879821777344,-0.4143691062927246
scan118,26,3,occluded_majority,843,9.187784194946289,9.028494834899902,-0.15928936004638672
scan118,26,3,large_disp_and_occluded,620,6.86702823638916,6.476166248321533,-0.39086198806762695
scan118,26,3,boundary_and_occluded,827,8.796219825744629,7.6058454513549805,-1.1903743743896484
scan118,27,3,full,12655,1.7091834545135498,1.5725834369659424,-0.13660001754760742
scan118,27,3,boundary,1266,9.191978454589844,8.374588966369629,-0.8173894882202148
scan118,27,3,large_disparity,2531,0.9456160664558411,0.8393010497093201,-0.106315016746521
scan118,27,3,occluded_any,1901,6.607126712799072,5.770390033721924,-0.8367366790771484
scan118,27,3,occluded_majority,873,10.779465675354004,9.588756561279297,-1.190709114074707
scan118,27,3,large_disp_and_occluded,417,3.159604072570801,2.860705852508545,-0.29889822006225586
scan118,27,3,boundary_and_occluded,770,10.686631202697754,9.410935401916504,-1.27569580078125
scan118,28,3,full,11310,1.793918490409851,1.6346936225891113,-0.15922486782073975
scan118,28,3,boundary,1131,10.566596031188965,9.449875831604004,-1.116720199584961
scan118,28,3,large_disparity,2262,2.4918439388275146,2.4353787899017334,-0.05646514892578125
scan118,28,3,occluded_any,1317,8.669971466064453,7.379275321960449,-1.290696144104004
scan118,28,3,occluded_majority,641,12.799562454223633,10.873126029968262,-1.926436424255371
scan118,28,3,large_disp_and_occluded,364,13.353558540344238,12.946586608886719,-0.40697193145751953
scan118,28,3,boundary_and_occluded,541,14.678722381591797,12.442045211791992,-2.2366771697998047
scan118,29,3,full,11812,1.838059902191162,1.6212103366851807,-0.21684956550598145
scan118,29,3,boundary,1182,11.765445709228516,10.041592597961426,-1.7238531112670898
scan118,29,3,large_disparity,2363,2.160918712615967,2.1573565006256104,-0.0035622119903564453
scan118,29,3,occluded_any,1976,7.3399200439453125,6.033586502075195,-1.3063335418701172
scan118,29,3,occluded_majority,827,12.881458282470703,10.622293472290039,-2.259164810180664
scan118,29,3,large_disp_and_occluded,450,8.803743362426758,8.661114692687988,-0.14262866973876953
scan118,29,3,boundary_and_occluded,798,13.71313762664795,11.20765495300293,-2.5054826736450195
scan118,30,3,full,12217,1.6804481744766235,1.5515753030776978,-0.12887287139892578
scan118,30,3,boundary,1222,9.276795387268066,7.886160850524902,-1.390634536743164
scan118,30,3,large_disparity,2444,2.6527795791625977,2.172285795211792,-0.48049378395080566
scan118,30,3,occluded_any,1776,7.520075798034668,6.504024982452393,-1.0160508155822754
scan118,30,3,occluded_majority,735,12.51152229309082,11.190592765808105,-1.3209295272827148
scan118,30,3,large_disp_and_occluded,604,8.777093887329102,6.764348030090332,-2.0127458572387695
scan118,30,3,boundary_and_occluded,737,11.856282234191895,9.457327842712402,-2.398954391479492
scan118,31,3,full,12337,1.7033764123916626,1.4684699773788452,-0.23490643501281738
scan118,31,3,boundary,1234,8.269347190856934,6.801725387573242,-1.4676218032836914
scan118,31,3,large_disparity,2468,2.8439807891845703,2.421290874481201,-0.42268991470336914
scan118,31,3,occluded_any,1717,7.966023921966553,6.104553699493408,-1.8614702224731445
scan118,31,3,occluded_majority,723,13.835554122924805,10.495192527770996,-3.3403615951538086
scan118,31,3,large_disp_and_occluded,758,7.369049072265625,5.924912929534912,-1.444136142730713
scan118,31,3,boundary_and_occluded,738,10.044593811035156,7.770317077636719,-2.2742767333984375
scan118,32,3,full,12254,1.6752257347106934,1.4785667657852173,-0.19665896892547607
scan118,32,3,boundary,1226,7.9616169929504395,6.9527482986450195,-1.00886869430542
scan118,32,3,large_disparity,2451,2.901871681213379,2.4957802295684814,-0.40609145164489746
scan118,32,3,occluded_any,1652,7.80847692489624,6.664762496948242,-1.143714427947998
scan118,32,3,occluded_majority,644,14.343772888183594,12.147396087646484,-2.1963768005371094
scan118,32,3,large_disp_and_occluded,627,9.245079040527344,7.498563766479492,-1.7465152740478516
scan118,32,3,boundary_and_occluded,758,9.23792839050293,8.113825798034668,-1.1241025924682617
scan118,33,3,full,12057,1.6263461112976074,1.3241771459579468,-0.30216896533966064
scan118,33,3,boundary,1206,7.945270538330078,6.470921993255615,-1.474348545074463
scan118,33,3,large_disparity,2412,2.4981234073638916,1.8669289350509644,-0.6311944723129272
scan118,33,3,occluded_any,1572,6.995745658874512,5.424248218536377,-1.5714974403381348
scan118,33,3,occluded_majority,647,10.963752746582031,8.490110397338867,-2.473642349243164
scan118,33,3,large_disp_and_occluded,503,9.074052810668945,6.400529384613037,-2.673523426055908
scan118,33,3,boundary_and_occluded,699,9.301704406738281,7.542929649353027,-1.758774757385254
scan118,34,3,full,11888,1.86750328540802,1.5211119651794434,-0.34639132022857666
scan118,34,3,boundary,1189,10.438597679138184,8.67930793762207,-1.7592897415161133
scan118,34,3,large_disparity,2378,2.279074192047119,1.7307668924331665,-0.5483072996139526
scan118,34,3,occluded_any,1593,7.981221675872803,6.348820209503174,-1.632401466369629
scan118,34,3,occluded_majority,713,13.517242431640625,10.963809967041016,-2.5534324645996094
scan118,34,3,large_disp_and_occluded,422,8.48509693145752,6.153107643127441,-2.331989288330078
scan118,34,3,boundary_and_occluded,721,12.800126075744629,10.721587181091309,-2.0785388946533203
scan118,35,3,full,11728,2.0262184143066406,1.7253727912902832,-0.3008456230163574
scan118,35,3,boundary,1173,11.831442832946777,10.211877822875977,-1.6195650100708008
scan118,35,3,large_disparity,2346,2.4266750812530518,2.0629336833953857,-0.363741397857666
scan118,35,3,occluded_any,1657,8.892229080200195,7.704691410064697,-1.187537670135498
scan118,35,3,occluded_majority,689,15.41277027130127,13.760375022888184,-1.652395248413086
scan118,35,3,large_disp_and_occluded,531,8.474593162536621,7.190120697021484,-1.2844724655151367
scan118,35,3,boundary_and_occluded,798,13.833674430847168,11.732950210571289,-2.100724220275879
scan118,36,3,full,11492,1.633309245109558,1.4447596073150635,-0.18854963779449463
scan118,36,3,boundary,1150,9.611260414123535,8.556612014770508,-1.0546483993530273
scan118,36,3,large_disparity,2299,1.8989379405975342,1.6126289367675781,-0.28630900382995605
scan118,36,3,occluded_any,1566,6.850487232208252,5.84105920791626,-1.0094280242919922
scan118,36,3,occluded_majority,618,12.276825904846191,10.558259010314941,-1.71856689453125
scan118,36,3,large_disp_and_occluded,518,6.485462665557861,5.191425800323486,-1.294036865234375
scan118,36,3,boundary_and_occluded,747,11.051983833312988,9.447844505310059,-1.6041393280029297
scan118,37,3,full,11280,1.8676505088806152,1.6832348108291626,-0.18441569805145264
scan118,37,3,boundary,1128,11.658611297607422,10.597725868225098,-1.0608854293823242
scan118,37,3,large_disparity,2256,3.5126781463623047,3.27228045463562,-0.24039769172668457
scan118,37,3,occluded_any,1677,7.759253025054932,6.9316887855529785,-0.8275642395019531
scan118,37,3,occluded_majority,709,14.151222229003906,12.837719917297363,-1.313502311706543
scan118,37,3,large_disp_and_occluded,604,11.577680587768555,11.021504402160645,-0.5561761856079102
scan118,37,3,boundary_and_occluded,747,13.277704238891602,12.21109390258789,-1.066610336303711
scan118,38,3,full,9312,2.547208786010742,2.638146162033081,0.09093737602233887
scan118,38,3,boundary,932,13.716842651367188,12.941072463989258,-0.7757701873779297
scan118,38,3,large_disparity,1863,6.179293155670166,7.200545787811279,1.0212526321411133
scan118,38,3,occluded_any,785,13.606088638305664,15.502082824707031,1.8959941864013672
scan118,38,3,occluded_majority,536,16.138355255126953,18.118513107299805,1.9801578521728516
scan118,38,3,large_disp_and_occluded,363,22.43110466003418,27.7135066986084,5.282402038574219
scan118,38,3,boundary_and_occluded,380,17.97484588623047,18.43303871154785,0.4581928253173828
scan118,39,3,full,9896,2.1847524642944336,1.9406323432922363,-0.24412012100219727
scan118,39,3,boundary,990,14.202253341674805,12.148743629455566,-2.0535097122192383
scan118,39,3,large_disparity,1980,5.851246356964111,4.97389554977417,-0.8773508071899414
scan118,39,3,occluded_any,1569,8.70097541809082,7.429116249084473,-1.2718591690063477
scan118,39,3,occluded_majority,650,16.27581214904785,13.952519416809082,-2.3232927322387695
scan118,39,3,large_disp_and_occluded,653,14.499853134155273,12.257905960083008,-2.2419471740722656
scan118,39,3,boundary_and_occluded,641,16.24252700805664,13.71256160736084,-2.529965400695801
scan118,40,3,full,10222,2.0215630531311035,1.6507072448730469,-0.37085580825805664
scan118,40,3,boundary,1023,11.008403778076172,8.455253601074219,-2.553150177001953
scan118,40,3,large_disparity,2045,4.639860153198242,3.052969455718994,-1.586890697479248
scan118,40,3,occluded_any,1486,8.80850601196289,6.351680755615234,-2.4568252563476562
scan118,40,3,occluded_majority,573,16.809463500976562,11.223420143127441,-5.586043357849121
scan118,40,3,large_disp_and_occluded,676,11.401836395263672,6.997520923614502,-4.40431547164917
scan118,40,3,boundary_and_occluded,584,14.684996604919434,10.178534507751465,-4.506462097167969
scan118,41,3,full,10455,2.291023015975952,1.8554354906082153,-0.4355875253677368
scan118,41,3,boundary,1046,11.805469512939453,9.3413724899292,-2.464097023010254
scan118,41,3,large_disparity,2091,5.718603610992432,4.350007057189941,-1.3685965538024902
scan118,41,3,occluded_any,1504,9.963080406188965,7.336106300354004,-2.626974105834961
scan118,41,3,occluded_majority,625,17.79973030090332,13.011686325073242,-4.788043975830078
scan118,41,3,large_disp_and_occluded,657,14.454495429992676,10.623739242553711,-3.830756187438965
scan118,41,3,boundary_and_occluded,592,15.232991218566895,11.29708480834961,-3.935906410217285
scan118,42,3,full,10611,2.1921000480651855,1.8089743852615356,-0.3831256628036499
scan118,42,3,boundary,1062,11.260894775390625,8.898738861083984,-2.3621559143066406
scan118,42,3,large_disparity,2123,5.5751118659973145,4.383388519287109,-1.191723346710205
scan118,42,3,occluded_any,1627,9.408230781555176,7.299680233001709,-2.108550548553467
scan118,42,3,occluded_majority,648,17.363378524780273,13.305242538452148,-4.058135986328125
scan118,42,3,large_disp_and_occluded,738,13.078048706054688,10.074034690856934,-3.004014015197754
scan118,42,3,boundary_and_occluded,652,13.676867485046387,10.447102546691895,-3.229764938354492
scan118,43,3,full,10762,1.9578720331192017,1.6151124238967896,-0.3427596092224121
scan118,43,3,boundary,1077,8.270157814025879,6.943303108215332,-1.3268547058105469
scan118,43,3,large_disparity,2153,3.5781757831573486,2.8396778106689453,-0.7384979724884033
scan118,43,3,occluded_any,1556,8.5191068649292,6.638174057006836,-1.8809328079223633
scan118,43,3,occluded_majority,878,11.814201354980469,9.047218322753906,-2.7669830322265625
scan118,43,3,large_disp_and_occluded,535,10.91661262512207,8.370813369750977,-2.5457992553710938
scan118,43,3,boundary_and_occluded,569,10.838285446166992,8.746838569641113,-2.091446876525879
scan118,44,3,full,10988,2.0411758422851562,1.7129850387573242,-0.32819080352783203
scan118,44,3,boundary,1099,8.110508918762207,6.750417232513428,-1.3600916862487793
scan118,44,3,large_disparity,2198,4.475033283233643,3.4128341674804688,-1.0621991157531738
scan118,44,3,occluded_any,1623,9.095470428466797,7.023538589477539,-2.071931838989258
scan118,44,3,occluded_majority,835,12.905424118041992,9.942891120910645,-2.9625329971313477
scan118,44,3,large_disp_and_occluded,590,14.026986122131348,10.342403411865234,-3.6845827102661133
scan118,44,3,boundary_and_occluded,637,10.033638000488281,8.003535270690918,-2.0301027297973633
scan118,45,3,full,11111,2.1670782566070557,1.7187058925628662,-0.44837236404418945
scan118,45,3,boundary,1112,8.13747501373291,6.562502861022949,-1.574972152709961
scan118,45,3,large_disparity,2223,4.186703205108643,2.7818515300750732,-1.4048516750335693
scan118,45,3,occluded_any,1666,9.63206672668457,6.493984222412109,-3.138082504272461
scan118,45,3,occluded_majority,733,14.785670280456543,9.902499198913574,-4.883171081542969
scan118,45,3,large_disp_and_occluded,627,11.992842674255371,7.30842924118042,-4.684413433074951
scan118,45,3,boundary_and_occluded,597,10.414264678955078,7.682496070861816,-2.7317686080932617
scan118,46,3,full,11161,2.016000509262085,1.7240443229675293,-0.29195618629455566
scan118,46,3,boundary,1117,11.218733787536621,8.82154655456543,-2.3971872329711914
scan118,46,3,large_disparity,2233,4.382515907287598,3.456115961074829,-0.9263999462127686
scan118,46,3,occluded_any,1690,8.442986488342285,6.540560722351074,-1.902425765991211
scan118,46,3,occluded_majority,746,13.52937126159668,10.747718811035156,-2.7816524505615234
scan118,46,3,large_disp_and_occluded,638,12.364267349243164,9.44938850402832,-2.9148788452148438
scan118,46,3,boundary_and_occluded,675,13.470479011535645,9.967474937438965,-3.5030040740966797
scan118,47,3,full,11071,2.012969970703125,1.6390920877456665,-0.3738778829574585
scan118,47,3,boundary,1108,11.792997360229492,8.835871696472168,-2.957125663757324
scan118,47,3,large_disparity,2215,2.757769823074341,2.205740213394165,-0.5520296096801758
scan118,47,3,occluded_any,1768,8.192368507385254,6.0542988777160645,-2.1380696296691895
scan118,47,3,occluded_majority,688,13.772521018981934,10.792699813842773,-2.97982120513916
scan118,47,3,large_disp_and_occluded,439,10.25533676147461,8.096024513244629,-2.1593122482299805
scan118,47,3,boundary_and_occluded,674,14.858613014221191,10.317317962646484,-4.541295051574707
scan118,48,3,full,10743,2.073516845703125,1.6243300437927246,-0.4491868019104004
scan118,48,3,boundary,1075,12.869489669799805,9.541095733642578,-3.3283939361572266
scan118,48,3,large_disparity,2149,3.2559847831726074,2.5394771099090576,-0.7165076732635498
scan118,48,3,occluded_any,1430,8.896780967712402,6.493912696838379,-2.4028682708740234
scan118,48,3,occluded_majority,718,12.963139533996582,9.899847030639648,-3.0632925033569336
scan118,48,3,large_disp_and_occluded,351,14.936601638793945,11.966279029846191,-2.970322608947754
scan118,48,3,boundary_and_occluded,491,18.85184097290039,12.747200012207031,-6.104640960693359
