scan,view,light,region,pixels,base_abs,ours_abs,abs_change_mm
scan1,0,3,full,15729,2.607569694519043,2.0007452964782715,-0.6068243980407715
scan1,0,3,boundary,1573,14.753215789794922,12.873234748840332,-1.8799810409545898
scan1,0,3,large_disparity,3146,5.294007778167725,4.371377944946289,-0.9226298332214355
scan1,0,3,occluded_any,451,35.255680084228516,30.502283096313477,-4.753396987915039
scan1,0,3,occluded_majority,305,41.059898376464844,35.70339584350586,-5.356502532958984
scan1,0,3,large_disp_and_occluded,167,72.33033752441406,62.40336227416992,-9.92697525024414
scan1,0,3,boundary_and_occluded,409,34.959754943847656,30.67142105102539,-4.288333892822266
scan1,1,3,full,17650,0.8873727321624756,1.006142258644104,0.11876952648162842
scan1,1,3,boundary,1765,4.294564247131348,5.691520690917969,1.396956443786621
scan1,1,3,large_disparity,3530,1.6835647821426392,2.0478384494781494,0.36427366733551025
scan1,1,3,occluded_any,1162,6.135276794433594,8.441778182983398,2.3065013885498047
scan1,1,3,occluded_majority,739,8.553915977478027,11.496807098388672,2.9428911209106445
scan1,1,3,large_disp_and_occluded,558,7.280470371246338,9.377852439880371,2.097382068634033
scan1,1,3,boundary_and_occluded,880,7.533204078674316,10.27817153930664,2.744967460632324
scan1,2,3,full,17161,1.0230971574783325,1.2778925895690918,0.2547954320907593
scan1,2,3,boundary,1717,4.207046985626221,4.874682426452637,0.667635440826416
scan1,2,3,large_disparity,3433,2.9078431129455566,2.30652117729187,-0.6013219356536865
scan1,2,3,occluded_any,651,7.366636276245117,7.796663284301758,0.4300270080566406
scan1,2,3,occluded_majority,419,9.125523567199707,9.306001663208008,0.18047809600830078
scan1,2,3,large_disp_and_occluded,317,13.324050903320312,11.189106941223145,-2.134943962097168
scan1,2,3,boundary_and_occluded,612,7.741991996765137,8.201750755310059,0.4597587585449219
scan1,3,3,full,16305,0.7980940937995911,0.6737565994262695,-0.12433749437332153
scan1,3,3,boundary,1631,2.275360345840454,2.1848278045654297,-0.09053254127502441
scan1,3,3,large_disparity,3261,1.195850133895874,0.714734673500061,-0.481115460395813
scan1,3,3,occluded_any,1094,2.4826292991638184,2.164954423904419,-0.3176748752593994
scan1,3,3,occluded_majority,471,3.6482431888580322,3.3010802268981934,-0.34716296195983887
scan1,3,3,large_disp_and_occluded,633,1.978271722793579,1.5703703165054321,-0.407901406288147
scan1,3,3,boundary_and_occluded,539,4.2713623046875,4.018706798553467,-0.2526555061340332
scan1,4,3,full,13312,1.710477352142334,1.7789396047592163,0.06846225261688232
scan1,4,3,boundary,1332,6.2171502113342285,6.960032939910889,0.7428827285766602
scan1,4,3,large_disparity,2663,1.8671598434448242,2.5291948318481445,0.6620349884033203
scan1,4,3,occluded_any,501,7.118120193481445,10.150064468383789,3.0319442749023438
scan1,4,3,occluded_majority,270,3.1457324028015137,3.1509814262390137,0.0052490234375
scan1,4,3,large_disp_and_occluded,242,9.952146530151367,16.62070083618164,6.668554306030273
scan1,4,3,boundary_and_occluded,386,8.67340087890625,12.069308280944824,3.395907402038574
scan1,5,3,full,12949,1.0204625129699707,0.9963343143463135,-0.024128198623657227
scan1,5,3,boundary,1295,5.122585296630859,4.981680870056152,-0.14090442657470703
scan1,5,3,large_disparity,2590,2.0204615592956543,2.05153226852417,0.031070709228515625
scan1,5,3,occluded_any,365,3.067178726196289,3.4249472618103027,0.35776853561401367
scan1,5,3,occluded_majority,264,1.9072695970535278,1.8468674421310425,-0.06040215492248535
scan1,5,3,large_disp_and_occluded,151,2.1148006916046143,2.3740298748016357,0.2592291831970215
scan1,5,3,boundary_and_occluded,341,3.2114171981811523,3.5947792530059814,0.3833620548248291
scan1,6,3,full,15166,0.6731091737747192,0.6928106546401978,0.019701480865478516
scan1,6,3,boundary,1517,2.4405858516693115,2.1807498931884766,-0.25983595848083496
scan1,6,3,large_disparity,3034,1.0672732591629028,1.0564197301864624,-0.01085352897644043
scan1,6,3,occluded_any,1140,2.8165674209594727,2.396084785461426,-0.4204826354980469
scan1,6,3,occluded_majority,682,3.6946558952331543,2.934751510620117,-0.7599043846130371
scan1,6,3,large_disp_and_occluded,742,1.7887710332870483,1.5468811988830566,-0.2418898344039917
scan1,6,3,boundary_and_occluded,580,4.7393479347229,3.9595277309417725,-0.7798202037811279
scan1,7,3,full,16473,0.6377101540565491,0.5945345163345337,-0.04317563772201538
scan1,7,3,boundary,1648,2.5692636966705322,2.0897443294525146,-0.4795193672180176
scan1,7,3,large_disparity,3295,0.999013364315033,0.8298904895782471,-0.1691228747367859
scan1,7,3,occluded_any,675,4.029048442840576,3.4968836307525635,-0.5321648120880127
scan1,7,3,occluded_majority,280,4.2986531257629395,3.2870123386383057,-1.0116407871246338
scan1,7,3,large_disp_and_occluded,357,2.9031903743743896,2.5423243045806885,-0.36086606979370117
scan1,7,3,boundary_and_occluded,454,5.266211032867432,4.604075908660889,-0.662135124206543
scan1,8,3,full,17034,0.7752395272254944,0.8053654432296753,0.030125916004180908
scan1,8,3,boundary,1704,3.5637731552124023,3.698425054550171,0.13465189933776855
scan1,8,3,large_disparity,3407,2.4533350467681885,2.4707133769989014,0.01737833023071289
scan1,8,3,occluded_any,492,10.400833129882812,10.635723114013672,0.23488998413085938
scan1,8,3,occluded_majority,328,12.010523796081543,12.065383911132812,0.05486011505126953
scan1,8,3,large_disp_and_occluded,294,16.479293823242188,16.580778121948242,0.10148429870605469
scan1,8,3,boundary_and_occluded,463,9.722563743591309,10.028427124023438,0.3058633804321289
scan1,9,3,full,16940,1.2549262046813965,0.7206600904464722,-0.5342661142349243
scan1,9,3,boundary,1694,5.681340217590332,2.738532304763794,-2.942807912826538
scan1,9,3,large_disparity,3388,4.186389923095703,1.5381144285202026,-2.6482754945755005
scan1,9,3,occluded_any,937,13.643264770507812,4.537353038787842,-9.10591173171997
scan1,9,3,occluded_majority,583,19.775558471679688,5.899598598480225,-13.875959873199463
scan1,9,3,large_disp_and_occluded,619,18.53535270690918,5.148293495178223,-13.387059211730957
scan1,9,3,boundary_and_occluded,726,11.806523323059082,5.067658424377441,-6.738864898681641
scan1,10,3,full,16475,0.9725993871688843,1.060773253440857,0.08817386627197266
scan1,10,3,boundary,1648,4.808568000793457,5.616210460662842,0.8076424598693848
scan1,10,3,large_disparity,3295,2.4112470149993896,2.9170761108398438,0.5058290958404541
scan1,10,3,occluded_any,685,10.550336837768555,13.030749320983887,2.480412483215332
scan1,10,3,occluded_majority,389,11.282896995544434,16.42624855041504,5.1433515548706055
scan1,10,3,large_disp_and_occluded,283,20.12510871887207,26.269556045532227,6.144447326660156
scan1,10,3,boundary_and_occluded,540,9.822993278503418,12.59931755065918,2.7763242721557617
scan1,11,3,full,14146,0.7860805988311768,0.8848516941070557,0.0987710952758789
scan1,11,3,boundary,1415,3.7085299491882324,3.469773530960083,-0.23875641822814941
scan1,11,3,large_disparity,2830,0.9580717086791992,1.433245062828064,0.47517335414886475
scan1,11,3,occluded_any,389,2.355194568634033,2.567687749862671,0.2124931812286377
scan1,11,3,occluded_majority,264,1.6539771556854248,1.967696189880371,0.3137190341949463
scan1,11,3,large_disp_and_occluded,144,1.451181173324585,2.7998602390289307,1.3486790657043457
scan1,11,3,boundary_and_occluded,307,2.1651291847229004,2.4168288707733154,0.25169968605041504
scan1,12,3,full,15345,0.9036858081817627,0.8194289207458496,-0.08425688743591309
scan1,12,3,boundary,1535,5.177437782287598,5.324349403381348,0.14691162109375
scan1,12,3,large_disparity,3069,2.0790131092071533,2.083893060684204,0.004879951477050781
scan1,12,3,occluded_any,924,9.19994831085205,8.813746452331543,-0.3862018585205078
scan1,12,3,occluded_majority,528,13.226353645324707,13.043387413024902,-0.1829662322998047
scan1,12,3,large_disp_and_occluded,482,10.941058158874512,11.486027717590332,0.5449695587158203
scan1,12,3,boundary_and_occluded,616,11.152848243713379,11.72153091430664,0.5686826705932617
scan1,13,3,full,15787,0.7740333080291748,0.7250211238861084,-0.049012184143066406
scan1,13,3,boundary,1579,4.705508708953857,4.498703479766846,-0.20680522918701172
scan1,13,3,large_disparity,3158,2.1452980041503906,1.9980272054672241,-0.1472707986831665
scan1,13,3,occluded_any,732,9.62588882446289,9.101049423217773,-0.5248394012451172
scan1,13,3,occluded_majority,442,14.81725025177002,13.857720375061035,-0.9595298767089844
scan1,13,3,large_disp_and_occluded,423,13.120705604553223,11.889707565307617,-1.2309980392456055
scan1,13,3,boundary_and_occluded,604,10.890936851501465,10.395242691040039,-0.4956941604614258
scan1,14,3,full,16209,0.6878159642219543,0.595680832862854,-0.09213513135910034
scan1,14,3,boundary,1621,3.1412105560302734,2.466085195541382,-0.6751253604888916
scan1,14,3,large_disparity,3242,1.506807804107666,1.0474485158920288,-0.4593592882156372
scan1,14,3,occluded_any,624,7.118412017822266,4.7457499504089355,-2.37266206741333
scan1,14,3,occluded_majority,390,8.82907772064209,5.622550010681152,-3.2065277099609375
scan1,14,3,large_disp_and_occluded,346,9.67512321472168,5.244159698486328,-4.430963516235352
scan1,14,3,boundary_and_occluded,526,7.322524547576904,4.996605396270752,-2.3259191513061523
scan1,15,3,full,16218,0.5958713889122009,0.5551591515541077,-0.04071223735809326
scan1,15,3,boundary,1622,2.8132526874542236,2.5304341316223145,-0.2828185558319092
scan1,15,3,large_disparity,3244,1.6741842031478882,1.5631372928619385,-0.11104691028594971
scan1,15,3,occluded_any,454,7.4573283195495605,6.622784614562988,-0.8345437049865723
scan1,15,3,occluded_majority,202,11.895540237426758,10.462119102478027,-1.4334211349487305
scan1,15,3,large_disp_and_occluded,295,11.119352340698242,9.853240013122559,-1.2661123275756836
scan1,15,3,boundary_and_occluded,424,7.057662487030029,5.967105388641357,-1.0905570983886719
scan1,16,3,full,15846,0.5126937031745911,0.4733371138572693,-0.03935658931732178
scan1,16,3,boundary,1585,1.7777618169784546,1.9124679565429688,0.13470613956451416
scan1,16,3,large_disparity,3170,1.0109788179397583,1.0729609727859497,0.061982154846191406
scan1,16,3,occluded_any,559,3.305267095565796,4.001591682434082,0.6963245868682861
scan1,16,3,occluded_majority,239,4.4482340812683105,4.8445916175842285,0.39635753631591797
scan1,16,3,large_disp_and_occluded,335,5.018606662750244,6.336758613586426,1.3181519508361816
scan1,16,3,boundary_and_occluded,428,4.04110050201416,4.5717902183532715,0.5306897163391113
scan1,17,3,full,14999,0.5910908579826355,0.5303236246109009,-0.06076723337173462
scan1,17,3,boundary,1500,2.070554733276367,1.828058123588562,-0.24249660968780518
scan1,17,3,large_disparity,3000,1.0440131425857544,0.8894432187080383,-0.15456992387771606
scan1,17,3,occluded_any,807,2.9543018341064453,2.6652870178222656,-0.2890148162841797
scan1,17,3,occluded_majority,365,3.143113851547241,2.791722059249878,-0.3513917922973633
scan1,17,3,large_disp_and_occluded,497,1.9836539030075073,1.8196418285369873,-0.16401207447052002
scan1,17,3,boundary_and_occluded,508,3.972803831100464,3.651757001876831,-0.3210468292236328
scan1,18,3,full,13281,0.6680257320404053,0.6819450259208679,0.013919293880462646
scan1,18,3,boundary,1329,3.0279133319854736,2.909776449203491,-0.11813688278198242
scan1,18,3,large_disparity,2657,0.9776868224143982,1.1699984073638916,0.1923115849494934
scan1,18,3,occluded_any,804,3.177516460418701,3.0504558086395264,-0.1270606517791748
scan1,18,3,occluded_majority,300,2.039947271347046,1.6304335594177246,-0.4095137119293213
scan1,18,3,large_disp_and_occluded,540,2.1941070556640625,2.4339239597320557,0.23981690406799316
scan1,18,3,boundary_and_occluded,486,4.775616645812988,4.2764573097229,-0.4991593360900879
scan1,19,3,full,11579,0.9753080606460571,0.791910707950592,-0.1833973526954651
scan1,19,3,boundary,1158,4.838118076324463,3.8494043350219727,-0.9887137413024902
scan1,19,3,large_disparity,2316,1.8340864181518555,1.3129149675369263,-0.5211714506149292
scan1,19,3,occluded_any,422,2.968489408493042,2.00658917427063,-0.9619002342224121
scan1,19,3,occluded_majority,234,3.1408002376556396,1.7585999965667725,-1.3822002410888672
scan1,19,3,large_disp_and_occluded,184,4.135084629058838,2.3295812606811523,-1.8055033683776855
scan1,19,3,boundary_and_occluded,309,3.5838286876678467,2.4011306762695312,-1.1826980113983154
scan1,20,3,full,13235,0.8682488203048706,0.5944036841392517,-0.2738451361656189
scan1,20,3,boundary,1324,4.285617828369141,2.716655969619751,-1.5689618587493896
scan1,20,3,large_disparity,2647,1.6730939149856567,0.8720634579658508,-0.8010304570198059
scan1,20,3,occluded_any,640,6.138054847717285,4.0462565422058105,-2.0917983055114746
scan1,20,3,occluded_majority,421,6.301365852355957,4.087827682495117,-2.21353816986084
scan1,20,3,large_disp_and_occluded,272,7.044818878173828,4.291660308837891,-2.7531585693359375
scan1,20,3,boundary_and_occluded,462,6.813751220703125,4.704920291900635,-2.1088309288024902
scan1,21,3,full,14471,0.7184891700744629,0.6048170328140259,-0.11367213726043701
scan1,21,3,boundary,1448,2.846618413925171,2.825627088546753,-0.02099132537841797
scan1,21,3,large_disparity,2895,1.6461091041564941,1.3570610284805298,-0.28904807567596436
scan1,21,3,occluded_any,755,5.043976306915283,4.6152215003967285,-0.4287548065185547
scan1,21,3,occluded_majority,416,6.8618645668029785,5.8894171714782715,-0.972447395324707
scan1,21,3,large_disp_and_occluded,382,7.6418890953063965,7.1072306632995605,-0.5346584320068359
scan1,21,3,boundary_and_occluded,549,5.36685037612915,5.499697208404541,0.13284683227539062
scan1,22,3,full,15045,0.6109996438026428,0.567811906337738,-0.043187737464904785
scan1,22,3,boundary,1505,2.7151148319244385,2.557494640350342,-0.15762019157409668
scan1,22,3,large_disparity,3009,1.651638150215149,1.3869941234588623,-0.2646440267562866
scan1,22,3,occluded_any,557,5.516993522644043,4.67517614364624,-0.8418173789978027
scan1,22,3,occluded_majority,299,5.287180423736572,4.582126140594482,-0.7050542831420898
scan1,22,3,large_disp_and_occluded,232,11.299558639526367,9.40959358215332,-1.8899650573730469
scan1,22,3,boundary_and_occluded,445,5.604037761688232,5.088864326477051,-0.5151734352111816
scan1,23,3,full,15266,0.7224194407463074,0.6826154589653015,-0.03980398178100586
scan1,23,3,boundary,1527,3.59976863861084,3.933931350708008,0.33416271209716797
scan1,23,3,large_disparity,3054,2.1804354190826416,2.188460350036621,0.008024930953979492
scan1,23,3,occluded_any,611,7.099898815155029,7.9684038162231445,0.8685050010681152
scan1,23,3,occluded_majority,235,11.928020477294922,12.23046588897705,0.3024454116821289
scan1,23,3,large_disp_and_occluded,409,10.238036155700684,11.549249649047852,1.311213493347168
scan1,23,3,boundary_and_occluded,525,7.414102077484131,8.668937683105469,1.254835605621338
scan1,24,3,full,15343,0.6130515933036804,0.5451410412788391,-0.06791055202484131
scan1,24,3,boundary,1535,2.7032222747802734,2.87701416015625,0.17379188537597656
scan1,24,3,large_disparity,3069,1.6851158142089844,1.6776268482208252,-0.00748896598815918
scan1,24,3,occluded_any,681,5.555940628051758,5.815295219421387,0.2593545913696289
scan1,24,3,occluded_majority,255,11.353716850280762,12.329516410827637,0.975799560546875
scan1,24,3,large_disp_and_occluded,456,7.955499649047852,8.348747253417969,0.3932476043701172
scan1,24,3,boundary_and_occluded,541,5.617364883422852,6.2022905349731445,0.584925651550293
scan1,25,3,full,15115,0.7737269401550293,0.5873258113861084,-0.1864011287689209
scan1,25,3,boundary,1512,4.701358318328857,3.3845667839050293,-1.3167915344238281
scan1,25,3,large_disparity,3023,1.6066572666168213,1.1850721836090088,-0.4215850830078125
scan1,25,3,occluded_any,753,8.787359237670898,6.254025459289551,-2.5333337783813477
scan1,25,3,occluded_majority,320,17.927377700805664,12.36583423614502,-5.5615434646606445
scan1,25,3,large_disp_and_occluded,365,9.570391654968262,6.941251277923584,-2.6291403770446777
scan1,25,3,boundary_and_occluded,603,10.030576705932617,7.0937371253967285,-2.9368395805358887
scan1,26,3,full,14629,0.613131582736969,0.48285311460494995,-0.13027846813201904
scan1,26,3,boundary,1463,3.279184103012085,2.541494607925415,-0.7376894950866699
scan1,26,3,large_disparity,2926,0.6351171731948853,0.3898334205150604,-0.24528375267982483
scan1,26,3,occluded_any,810,5.21705436706543,3.744683265686035,-1.4723711013793945
scan1,26,3,occluded_majority,314,6.997303009033203,4.590803146362305,-2.4064998626708984
scan1,26,3,large_disp_and_occluded,360,1.7117265462875366,1.0873934030532837,-0.6243331432342529
scan1,26,3,boundary_and_occluded,570,6.357692241668701,4.722347736358643,-1.6353445053100586
scan1,27,3,full,14040,0.8247668743133545,0.6624635457992554,-0.16230332851409912
scan1,27,3,boundary,1404,4.289421558380127,3.6786398887634277,-0.6107816696166992
scan1,27,3,large_disparity,2808,0.6616562008857727,0.8061890602111816,0.14453285932540894
scan1,27,3,occluded_any,693,5.854756832122803,4.765969753265381,-1.0887870788574219
scan1,27,3,occluded_majority,296,4.752573490142822,4.191941738128662,-0.5606317520141602
scan1,27,3,large_disp_and_occluded,258,2.695732831954956,3.294585943222046,0.5988531112670898
scan1,27,3,boundary_and_occluded,496,7.404357433319092,6.12466287612915,-1.2796945571899414
scan1,28,3,full,11900,1.0315234661102295,0.8454478979110718,-0.18607556819915771
scan1,28,3,boundary,1190,6.7655205726623535,5.935268402099609,-0.8302521705627441
scan1,28,3,large_disparity,2380,1.1183993816375732,0.8490809798240662,-0.2693184018135071
scan1,28,3,occluded_any,897,4.288161277770996,4.483068466186523,0.19490718841552734
scan1,28,3,occluded_majority,757,2.4624788761138916,3.3566079139709473,0.8941290378570557
scan1,28,3,large_disp_and_occluded,119,1.822883129119873,2.8180506229400635,0.9951674938201904
scan1,28,3,boundary_and_occluded,741,5.0217766761779785,5.226767539978027,0.20499086380004883
scan1,29,3,full,12993,0.8761573433876038,0.7905459403991699,-0.08561140298843384
scan1,29,3,boundary,1300,5.634331703186035,5.332345485687256,-0.3019862174987793
scan1,29,3,large_disparity,2599,0.8415884971618652,0.9598210453987122,0.11823254823684692
scan1,29,3,occluded_any,1207,4.852328777313232,4.777696132659912,-0.07463264465332031
scan1,29,3,occluded_majority,315,10.180066108703613,10.796943664550781,0.616877555847168
scan1,29,3,large_disp_and_occluded,341,2.6097488403320312,5.001394748687744,2.391645908355713
scan1,29,3,boundary_and_occluded,902,6.251496315002441,6.142267227172852,-0.10922908782958984
scan1,30,3,full,13591,0.7454155087471008,0.6826262474060059,-0.06278926134109497
scan1,30,3,boundary,1360,4.657307147979736,4.089162349700928,-0.5681447982788086
scan1,30,3,large_disparity,2719,1.009129524230957,0.8026489019393921,-0.20648062229156494
scan1,30,3,occluded_any,1043,4.49704122543335,4.106871128082275,-0.3901700973510742
scan1,30,3,occluded_majority,276,8.249041557312012,7.560227394104004,-0.6888141632080078
scan1,30,3,large_disp_and_occluded,301,3.3793630599975586,3.213409423828125,-0.1659536361694336
scan1,30,3,boundary_and_occluded,851,5.3632073402404785,4.891665935516357,-0.4715414047241211
scan1,31,3,full,13882,0.7121508717536926,0.6457151770591736,-0.06643569469451904
scan1,31,3,boundary,1389,4.5775227546691895,4.152037143707275,-0.42548561096191406
scan1,31,3,large_disparity,2777,2.1678595542907715,1.9748904705047607,-0.19296908378601074
scan1,31,3,occluded_any,950,5.548297882080078,4.686070442199707,-0.8622274398803711
scan1,31,3,occluded_majority,243,10.514778137207031,9.084572792053223,-1.4302053451538086
scan1,31,3,large_disp_and_occluded,553,7.749182224273682,6.66326904296875,-1.0859131813049316
scan1,31,3,boundary_and_occluded,848,6.1085381507873535,5.12974739074707,-0.9787907600402832
scan1,32,3,full,14037,0.7494953870773315,0.664196789264679,-0.08529859781265259
scan1,32,3,boundary,1404,4.707068920135498,4.162370681762695,-0.5446982383728027
scan1,32,3,large_disparity,2808,2.478388786315918,2.0490708351135254,-0.4293179512023926
scan1,32,3,occluded_any,970,5.662384510040283,5.040599822998047,-0.6217846870422363
scan1,32,3,occluded_majority,271,11.623506546020508,9.67048168182373,-1.9530248641967773
scan1,32,3,large_disp_and_occluded,690,7.249114513397217,6.136885643005371,-1.1122288703918457
scan1,32,3,boundary_and_occluded,913,5.926090240478516,5.24738883972168,-0.6787014007568359
scan1,33,3,full,13997,0.6735223531723022,0.6567579507827759,-0.016764402389526367
scan1,33,3,boundary,1400,4.3454766273498535,3.4414753913879395,-0.9040012359619141
scan1,33,3,large_disparity,2800,2.161949396133423,1.7267154455184937,-0.4352339506149292
scan1,33,3,occluded_any,880,6.033787250518799,4.455852508544922,-1.577934741973877
scan1,33,3,occluded_majority,258,14.133095741271973,9.771907806396484,-4.361187934875488
scan1,33,3,large_disp_and_occluded,658,7.372750282287598,5.28306770324707,-2.0896825790405273
scan1,33,3,boundary_and_occluded,839,6.2571258544921875,4.599777698516846,-1.6573481559753418
scan1,34,3,full,13916,0.8172779679298401,0.754287600517273,-0.06299036741256714
scan1,34,3,boundary,1392,4.591261386871338,3.8594841957092285,-0.7317771911621094
scan1,34,3,large_disparity,2784,2.3787055015563965,1.9571292400360107,-0.42157626152038574
scan1,34,3,occluded_any,891,5.911620616912842,4.964230060577393,-0.9473905563354492
scan1,34,3,occluded_majority,294,11.651731491088867,9.305948257446289,-2.345783233642578
scan1,34,3,large_disp_and_occluded,607,7.7602105140686035,6.342417240142822,-1.4177932739257812
scan1,34,3,boundary_and_occluded,807,6.352870464324951,5.329604148864746,-1.023266315460205
scan1,35,3,full,13675,0.688019871711731,0.6375841498374939,-0.05043572187423706
scan1,35,3,boundary,1368,4.56231689453125,3.498826503753662,-1.063490390777588
scan1,35,3,large_disparity,2735,2.251718282699585,1.7085822820663452,-0.5431360006332397
scan1,35,3,occluded_any,924,5.154439926147461,3.8776357173919678,-1.2768042087554932
scan1,35,3,occluded_majority,250,7.672684669494629,5.292148590087891,-2.3805360794067383
scan1,35,3,large_disp_and_occluded,515,7.925594806671143,5.722635746002197,-2.2029590606689453
scan1,35,3,boundary_and_occluded,779,5.975103378295898,4.456237316131592,-1.5188660621643066
scan1,36,3,full,13031,0.7177640199661255,0.5990984439849854,-0.11866557598114014
scan1,36,3,boundary,1304,4.652140140533447,3.5440127849578857,-1.1081273555755615
scan1,36,3,large_disparity,2607,2.358828544616699,1.7991833686828613,-0.5596451759338379
scan1,36,3,occluded_any,1034,4.796905040740967,3.551481246948242,-1.2454237937927246
scan1,36,3,occluded_majority,293,8.538320541381836,5.505831241607666,-3.03248929977417
scan1,36,3,large_disp_and_occluded,676,6.5565032958984375,4.768181324005127,-1.7883219718933105
scan1,36,3,boundary_and_occluded,849,5.685647010803223,4.177311420440674,-1.5083355903625488
scan1,37,3,full,11887,0.90864497423172,0.7152806520462036,-0.19336432218551636
scan1,37,3,boundary,1189,6.030035018920898,4.475398063659668,-1.5546369552612305
scan1,37,3,large_disparity,2378,2.9980037212371826,2.28806734085083,-0.7099363803863525
scan1,37,3,occluded_any,1191,5.447783946990967,3.7680561542510986,-1.6797277927398682
scan1,37,3,occluded_majority,676,5.326084613800049,3.6034231185913086,-1.7226614952087402
scan1,37,3,large_disp_and_occluded,783,7.323465824127197,4.948483467102051,-2.3749823570251465
scan1,37,3,boundary_and_occluded,915,6.828141212463379,4.7014360427856445,-2.1267051696777344
scan1,38,3,full,9770,1.2329586744308472,0.8395881652832031,-0.39337050914764404
scan1,38,3,boundary,977,6.138578414916992,4.072751522064209,-2.065826892852783
scan1,38,3,large_disparity,1954,1.8212192058563232,1.1273893117904663,-0.6938298940658569
scan1,38,3,occluded_any,194,1.5784144401550293,0.9671684503555298,-0.6112459897994995
scan1,38,3,occluded_majority,149,1.3722870349884033,0.8234158754348755,-0.5488711595535278
scan1,38,3,large_disp_and_occluded,91,1.4218387603759766,0.9173503518104553,-0.5044884085655212
scan1,38,3,boundary_and_occluded,62,1.8135660886764526,1.2479474544525146,-0.565618634223938
scan1,39,3,full,10839,0.9895117282867432,0.6896241903305054,-0.2998875379562378
scan1,39,3,boundary,1084,5.204020977020264,3.6317691802978516,-1.572251796722412
scan1,39,3,large_disparity,2168,2.496553897857666,1.848661184310913,-0.6478927135467529
scan1,39,3,occluded_any,574,9.928404808044434,6.085726261138916,-3.8426785469055176
scan1,39,3,occluded_majority,220,14.5068359375,7.606939792633057,-6.899896144866943
scan1,39,3,large_disp_and_occluded,386,9.671303749084473,6.2087883949279785,-3.462515354156494
scan1,39,3,boundary_and_occluded,367,11.018614768981934,6.963756084442139,-4.054858684539795
scan1,40,3,full,11739,0.9994111061096191,0.7035610675811768,-0.2958500385284424
scan1,40,3,boundary,1174,5.500957489013672,3.7533771991729736,-1.7475802898406982
scan1,40,3,large_disparity,2348,2.891730546951294,2.0203778743743896,-0.8713526725769043
scan1,40,3,occluded_any,503,9.370800971984863,5.766692161560059,-3.6041088104248047
scan1,40,3,occluded_majority,185,10.48460865020752,6.112424850463867,-4.372183799743652
scan1,40,3,large_disp_and_occluded,456,9.919463157653809,6.126968860626221,-3.792494297027588
scan1,40,3,boundary_and_occluded,323,14.069994926452637,8.697091102600098,-5.372903823852539
scan1,41,3,full,12215,0.9611912369728088,0.7255655527114868,-0.23562568426132202
scan1,41,3,boundary,1222,5.342360496520996,3.74059796333313,-1.6017625331878662
scan1,41,3,large_disparity,2443,2.910524368286133,2.0130510330200195,-0.8974733352661133
scan1,41,3,occluded_any,470,14.285791397094727,9.305193901062012,-4.980597496032715
scan1,41,3,occluded_majority,151,14.432870864868164,9.840706825256348,-4.592164039611816
scan1,41,3,large_disp_and_occluded,380,12.131616592407227,8.053281784057617,-4.078334808349609
scan1,41,3,boundary_and_occluded,336,14.064644813537598,9.291640281677246,-4.773004531860352
scan1,42,3,full,12440,0.9377021193504333,0.7430974841117859,-0.19460463523864746
scan1,42,3,boundary,1244,4.762664794921875,3.5598387718200684,-1.2028260231018066
scan1,42,3,large_disparity,2488,2.489426374435425,1.896614909172058,-0.5928114652633667
scan1,42,3,occluded_any,459,13.743433952331543,9.248625755310059,-4.494808197021484
scan1,42,3,occluded_majority,185,17.199050903320312,12.999944686889648,-4.199106216430664
scan1,42,3,large_disp_and_occluded,381,9.984468460083008,6.874577045440674,-3.109891414642334
scan1,42,3,boundary_and_occluded,322,12.385360717773438,8.244248390197754,-4.141112327575684
scan1,43,3,full,12605,0.9676974415779114,0.8300491571426392,-0.13764828443527222
scan1,43,3,boundary,1261,4.908099174499512,3.4760191440582275,-1.4320800304412842
scan1,43,3,large_disparity,2521,2.4933080673217773,1.9363514184951782,-0.5569566488265991
scan1,43,3,occluded_any,532,12.160099029541016,8.925252914428711,-3.2348461151123047
scan1,43,3,occluded_majority,209,15.253190994262695,10.826163291931152,-4.427027702331543
scan1,43,3,large_disp_and_occluded,481,9.302262306213379,6.729251384735107,-2.5730109214782715
scan1,43,3,boundary_and_occluded,413,11.605497360229492,8.110946655273438,-3.4945507049560547
scan1,44,3,full,12668,1.2232168912887573,0.9338142275810242,-0.28940266370773315
scan1,44,3,boundary,1267,7.5323615074157715,5.105613708496094,-2.4267477989196777
scan1,44,3,large_disparity,2534,3.762280225753784,2.6473147869110107,-1.1149654388427734
scan1,44,3,occluded_any,512,15.692678451538086,10.597185134887695,-5.095493316650391
scan1,44,3,occluded_majority,168,22.55558204650879,15.14674186706543,-7.408840179443359
scan1,44,3,large_disp_and_occluded,475,14.43356704711914,9.73349380493164,-4.7000732421875
scan1,44,3,boundary_and_occluded,400,18.179031372070312,12.14892578125,-6.0301055908203125
scan1,45,3,full,12589,1.108640432357788,0.8472444415092468,-0.26139599084854126
scan1,45,3,boundary,1259,5.889946460723877,4.333101749420166,-1.556844711303711
scan1,45,3,large_disparity,2518,2.973223924636841,2.2842979431152344,-0.6889259815216064
scan1,45,3,occluded_any,505,15.624405860900879,11.124412536621094,-4.499993324279785
scan1,45,3,occluded_majority,148,20.19017219543457,14.510445594787598,-5.679726600646973
scan1,45,3,large_disp_and_occluded,413,12.224536895751953,8.73410701751709,-3.4904298782348633
scan1,45,3,boundary_and_occluded,334,16.598011016845703,11.571093559265137,-5.026917457580566
scan1,46,3,full,12459,1.043306827545166,0.8822260499000549,-0.16108077764511108
scan1,46,3,boundary,1246,5.828293323516846,4.295395851135254,-1.5328974723815918
scan1,46,3,large_disparity,2492,1.8788115978240967,1.402228593826294,-0.47658300399780273
scan1,46,3,occluded_any,509,15.093725204467773,10.406437873840332,-4.687287330627441
scan1,46,3,occluded_majority,160,15.870022773742676,10.184991836547852,-5.685030937194824
scan1,46,3,large_disp_and_occluded,157,20.88983154296875,13.519580841064453,-7.370250701904297
scan1,46,3,boundary_and_occluded,330,17.11542320251465,11.487367630004883,-5.628055572509766
scan1,47,3,full,12049,1.1368424892425537,0.9445695877075195,-0.19227290153503418
scan1,47,3,boundary,1205,6.909305095672607,5.813638687133789,-1.0956664085388184
scan1,47,3,large_disparity,2410,0.8877591490745544,0.7355405688285828,-0.15221858024597168
scan1,47,3,occluded_any,592,14.452737808227539,11.193856239318848,-3.2588815689086914
scan1,47,3,occluded_majority,176,19.656360626220703,13.763754844665527,-5.892605781555176
scan1,47,3,large_disp_and_occluded,195,5.740001678466797,4.85615348815918,-0.8838481903076172
scan1,47,3,boundary_and_occluded,340,19.75238609313965,16.43806266784668,-3.3143234252929688
scan1,48,3,full,11227,1.1394041776657104,0.8564497232437134,-0.28295445442199707
scan1,48,3,boundary,1123,7.312640190124512,5.671026229858398,-1.6416139602661133
scan1,48,3,large_disparity,2246,0.832105815410614,0.6190849542617798,-0.21302086114883423
scan1,48,3,occluded_any,276,11.901026725769043,8.117053031921387,-3.7839736938476562
scan1,48,3,occluded_majority,146,4.3082170486450195,1.9072809219360352,-2.4009361267089844
scan1,48,3,large_disp_and_occluded,78,11.76059627532959,6.503926753997803,-5.256669521331787
scan1,48,3,boundary_and_occluded,142,21.699556350708008,15.317778587341309,-6.381777763366699
scan4,0,3,full,18045,5.725619316101074,5.9208478927612305,0.19522857666015625
scan4,0,3,boundary,1805,22.322546005249023,24.685993194580078,2.3634471893310547
scan4,0,3,large_disparity,3609,14.826967239379883,10.432456970214844,-4.394510269165039
scan4,0,3,occluded_any,3958,11.980212211608887,12.857410430908203,0.8771982192993164
scan4,0,3,occluded_majority,2046,11.418926239013672,13.405713081359863,1.9867868423461914
scan4,0,3,large_disp_and_occluded,1442,19.961193084716797,16.710079193115234,-3.2511138916015625
scan4,0,3,boundary_and_occluded,936,26.805131912231445,29.21239471435547,2.4072628021240234
scan4,1,3,full,19272,3.099510908126831,3.300352096557617,0.20084118843078613
scan4,1,3,boundary,1928,17.647994995117188,18.252126693725586,0.6041316986083984
scan4,1,3,large_disparity,3855,6.227157115936279,5.802123546600342,-0.4250335693359375
scan4,1,3,occluded_any,4091,7.997495651245117,7.468317985534668,-0.5291776657104492
scan4,1,3,occluded_majority,2163,10.289044380187988,8.831382751464844,-1.4576616287231445
scan4,1,3,large_disp_and_occluded,1345,10.898850440979004,9.343669891357422,-1.555180549621582
scan4,1,3,boundary_and_occluded,1212,20.033527374267578,18.411605834960938,-1.6219215393066406
scan4,2,3,full,18926,6.176936626434326,4.099324703216553,-2.0776119232177734
scan4,2,3,boundary,1893,23.667768478393555,20.8601131439209,-2.8076553344726562
scan4,2,3,large_disparity,3786,19.663780212402344,8.90688705444336,-10.756893157958984
scan4,2,3,occluded_any,3603,10.46229076385498,9.737441062927246,-0.7248497009277344
scan4,2,3,occluded_majority,1780,17.037220001220703,15.473077774047852,-1.5641422271728516
scan4,2,3,large_disp_and_occluded,1415,14.627342224121094,11.355093002319336,-3.272249221801758
scan4,2,3,boundary_and_occluded,1110,27.5617618560791,24.49803924560547,-3.063722610473633
scan4,3,3,full,18284,4.826964855194092,3.5147974491119385,-1.3121674060821533
scan4,3,3,boundary,1829,26.756921768188477,22.633811950683594,-4.123109817504883
scan4,3,3,large_disparity,3657,15.002155303955078,8.92104434967041,-6.081110954284668
scan4,3,3,occluded_any,2713,23.61081886291504,17.12192726135254,-6.4888916015625
scan4,3,3,occluded_majority,1495,31.283536911010742,25.86800193786621,-5.415534973144531
scan4,3,3,large_disp_and_occluded,891,54.62376403808594,33.96431350708008,-20.65945053100586
scan4,3,3,boundary_and_occluded,1158,35.06913375854492,30.318885803222656,-4.750247955322266
scan4,4,3,full,15464,5.266562461853027,5.126884460449219,-0.1396780014038086
scan4,4,3,boundary,1547,33.115726470947266,31.47003746032715,-1.6456890106201172
scan4,4,3,large_disparity,3093,6.175356864929199,6.753541469573975,0.5781846046447754
scan4,4,3,occluded_any,2400,16.714527130126953,16.1566219329834,-0.5579051971435547
scan4,4,3,occluded_majority,1217,27.125070571899414,28.146106719970703,1.021036148071289
scan4,4,3,large_disp_and_occluded,1351,13.08788013458252,14.385671615600586,1.2977914810180664
scan4,4,3,boundary_and_occluded,776,36.71076202392578,35.28597640991211,-1.4247856140136719
scan4,5,3,full,15266,6.774482727050781,8.632641792297363,1.858159065246582
scan4,5,3,boundary,1527,35.22894287109375,36.44087219238281,1.2119293212890625
scan4,5,3,large_disparity,3054,21.63602066040039,21.314380645751953,-0.3216400146484375
scan4,5,3,occluded_any,2550,31.4221134185791,33.398014068603516,1.975900650024414
scan4,5,3,occluded_majority,1453,32.98571014404297,43.31172180175781,10.326011657714844
scan4,5,3,large_disp_and_occluded,1310,47.52024841308594,48.14252853393555,0.6222801208496094
scan4,5,3,boundary_and_occluded,969,45.76766586303711,44.67686080932617,-1.0908050537109375
scan4,6,3,full,17303,6.291517734527588,6.1131272315979,-0.1783905029296875
scan4,6,3,boundary,1731,33.88515090942383,32.357383728027344,-1.5277671813964844
scan4,6,3,large_disparity,3461,22.64354133605957,21.419418334960938,-1.2241230010986328
scan4,6,3,occluded_any,3015,27.40703582763672,25.52581787109375,-1.8812179565429688
scan4,6,3,occluded_majority,1506,37.054019927978516,33.71486282348633,-3.3391571044921875
scan4,6,3,large_disp_and_occluded,1380,48.86785125732422,44.63787841796875,-4.229972839355469
scan4,6,3,boundary_and_occluded,1208,42.65581512451172,40.0938720703125,-2.5619430541992188
scan4,7,3,full,19036,9.208327293395996,8.279635429382324,-0.9286918640136719
scan4,7,3,boundary,1904,32.075130462646484,31.046072006225586,-1.0290584564208984
scan4,7,3,large_disparity,3808,37.309078216552734,33.009666442871094,-4.299411773681641
scan4,7,3,occluded_any,3248,25.787708282470703,25.348970413208008,-0.4387378692626953
scan4,7,3,occluded_majority,1779,30.205232620239258,29.554950714111328,-0.6502819061279297
scan4,7,3,large_disp_and_occluded,1294,49.713802337646484,48.99575424194336,-0.718048095703125
scan4,7,3,boundary_and_occluded,1333,38.53795623779297,38.3524169921875,-0.18553924560546875
scan4,8,3,full,18597,6.619568824768066,7.734717845916748,1.1151490211486816
scan4,8,3,boundary,1860,22.041717529296875,26.03241729736328,3.9906997680664062
scan4,8,3,large_disparity,3720,25.757770538330078,30.71685218811035,4.959081649780273
scan4,8,3,occluded_any,3031,14.076127052307129,22.045001983642578,7.968874931335449
scan4,8,3,occluded_majority,1652,19.177963256835938,30.79688262939453,11.618919372558594
scan4,8,3,large_disp_and_occluded,1201,24.798282623291016,43.55696487426758,18.758682250976562
scan4,8,3,boundary_and_occluded,1152,26.59424591064453,33.08160400390625,6.487358093261719
scan4,9,3,full,18490,5.475584983825684,6.156436443328857,0.6808514595031738
scan4,9,3,boundary,1849,18.362417221069336,21.59824562072754,3.235828399658203
scan4,9,3,large_disparity,3698,17.649215698242188,21.072919845581055,3.423704147338867
scan4,9,3,occluded_any,3858,11.578446388244629,13.404951095581055,1.8265047073364258
scan4,9,3,occluded_majority,2148,15.601402282714844,18.793827056884766,3.192424774169922
scan4,9,3,large_disp_and_occluded,1451,17.657442092895508,23.588123321533203,5.930681228637695
scan4,9,3,boundary_and_occluded,1225,22.877832412719727,26.35963249206543,3.481800079345703
scan4,10,3,full,18287,6.2509026527404785,8.845793724060059,2.59489107131958
scan4,10,3,boundary,1829,22.87397003173828,30.572792053222656,7.698822021484375
scan4,10,3,large_disparity,3658,20.741275787353516,33.81132888793945,13.070053100585938
scan4,10,3,occluded_any,3713,14.818199157714844,19.65155792236328,4.8333587646484375
scan4,10,3,occluded_majority,1804,15.90501594543457,21.97637939453125,6.07136344909668
scan4,10,3,large_disp_and_occluded,1563,25.076169967651367,35.939170837402344,10.863000869750977
scan4,10,3,boundary_and_occluded,1102,28.483366012573242,39.463993072509766,10.980627059936523
scan4,11,3,full,16705,31.536617279052734,28.00106430053711,-3.535552978515625
scan4,11,3,boundary,1671,94.17497253417969,88.34160614013672,-5.833366394042969
scan4,11,3,large_disparity,3341,137.54185485839844,123.87052917480469,-13.67132568359375
scan4,11,3,occluded_any,3277,67.5259017944336,61.151710510253906,-6.3741912841796875
scan4,11,3,occluded_majority,2103,59.83198547363281,52.11764144897461,-7.714344024658203
scan4,11,3,large_disp_and_occluded,1041,167.96824645996094,161.80569458007812,-6.1625518798828125
scan4,11,3,boundary_and_occluded,932,120.19715118408203,110.2950210571289,-9.902130126953125
scan4,12,3,full,17848,17.448698043823242,27.252145767211914,9.803447723388672
scan4,12,3,boundary,1785,52.18441390991211,65.01168060302734,12.827266693115234
scan4,12,3,large_disparity,3570,74.51140594482422,119.6458511352539,45.13444519042969
scan4,12,3,occluded_any,4445,43.245853424072266,95.65386962890625,52.408016204833984
scan4,12,3,occluded_majority,2587,44.23309326171875,109.8818130493164,65.64871978759766
scan4,12,3,large_disp_and_occluded,1554,107.03640747070312,246.7154541015625,139.67904663085938
scan4,12,3,boundary_and_occluded,1225,65.64794158935547,87.87407684326172,22.22613525390625
scan4,13,3,full,17411,10.874568939208984,3.9291961193084717,-6.945372819900513
scan4,13,3,boundary,1742,30.9626522064209,20.472448348999023,-10.490203857421875
scan4,13,3,large_disparity,3483,41.57838439941406,9.080049514770508,-32.498334884643555
scan4,13,3,occluded_any,3700,19.58222007751465,10.716285705566406,-8.865934371948242
scan4,13,3,occluded_majority,2381,23.620887756347656,13.291897773742676,-10.32898998260498
scan4,13,3,large_disp_and_occluded,1130,42.26200866699219,19.460561752319336,-22.80144691467285
scan4,13,3,boundary_and_occluded,1114,38.32554244995117,23.570354461669922,-14.75518798828125
scan4,14,3,full,16441,7.146279335021973,3.610609292984009,-3.535670042037964
scan4,14,3,boundary,1645,23.332683563232422,15.938100814819336,-7.394582748413086
scan4,14,3,large_disparity,3289,27.030080795288086,8.624151229858398,-18.405929565429688
scan4,14,3,occluded_any,2824,14.77441120147705,9.286917686462402,-5.487493515014648
scan4,14,3,occluded_majority,1585,18.34537696838379,11.577860832214355,-6.767516136169434
scan4,14,3,large_disp_and_occluded,983,31.79073143005371,14.845272064208984,-16.945459365844727
scan4,14,3,boundary_and_occluded,968,27.61360740661621,17.03862953186035,-10.57497787475586
scan4,15,3,full,15667,3.7308504581451416,2.813328504562378,-0.9175219535827637
scan4,15,3,boundary,1567,19.36910629272461,15.86978530883789,-3.4993209838867188
scan4,15,3,large_disparity,3134,11.009671211242676,5.4757771492004395,-5.533894062042236
scan4,15,3,occluded_any,2892,12.766562461853027,9.043731689453125,-3.7228307723999023
scan4,15,3,occluded_majority,1156,17.326950073242188,13.04451847076416,-4.282431602478027
scan4,15,3,large_disp_and_occluded,1258,19.914419174194336,9.70097827911377,-10.213440895080566
scan4,15,3,boundary_and_occluded,1038,22.896631240844727,17.762685775756836,-5.133945465087891
scan4,16,3,full,16339,4.528757095336914,2.6776702404022217,-1.8510868549346924
scan4,16,3,boundary,1634,23.325481414794922,15.9222412109375,-7.403240203857422
scan4,16,3,large_disparity,3268,13.127405166625977,4.684263229370117,-8.44314193725586
scan4,16,3,occluded_any,2850,18.131084442138672,9.864154815673828,-8.266929626464844
scan4,16,3,occluded_majority,1271,26.49862289428711,15.052164077758789,-11.44645881652832
scan4,16,3,large_disp_and_occluded,1261,26.770221710205078,10.140843391418457,-16.62937831878662
scan4,16,3,boundary_and_occluded,1092,29.09433937072754,18.43045997619629,-10.66387939453125
scan4,17,3,full,15806,7.581969738006592,8.854497909545898,1.2725281715393066
scan4,17,3,boundary,1581,29.066749572753906,34.97026824951172,5.9035186767578125
scan4,17,3,large_disparity,3162,27.80677604675293,34.50885009765625,6.70207405090332
scan4,17,3,occluded_any,2688,34.66777801513672,43.56930160522461,8.90152359008789
scan4,17,3,occluded_majority,1272,29.062253952026367,42.948448181152344,13.886194229125977
scan4,17,3,large_disp_and_occluded,1387,55.69520568847656,73.50418853759766,17.808982849121094
scan4,17,3,boundary_and_occluded,1120,34.70686340332031,43.57227325439453,8.865409851074219
scan4,18,3,full,14354,8.481225967407227,10.777510643005371,2.2962846755981445
scan4,18,3,boundary,1436,50.21641159057617,59.233211517333984,9.016799926757812
scan4,18,3,large_disparity,2871,32.92292404174805,44.56991195678711,11.646987915039062
scan4,18,3,occluded_any,2299,44.82958984375,59.00236511230469,14.172775268554688
scan4,18,3,occluded_majority,1300,73.42953491210938,95.91802215576172,22.488487243652344
scan4,18,3,large_disp_and_occluded,1350,68.8883285522461,93.25743103027344,24.369102478027344
scan4,18,3,boundary_and_occluded,1027,64.4723129272461,77.25758361816406,12.785270690917969
scan4,19,3,full,11791,5.458301544189453,4.431775093078613,-1.0265264511108398
scan4,19,3,boundary,1180,32.63054275512695,26.40147590637207,-6.229066848754883
scan4,19,3,large_disparity,2359,14.073468208312988,10.060518264770508,-4.0129499435424805
scan4,19,3,occluded_any,1437,26.524038314819336,20.64250946044922,-5.881528854370117
scan4,19,3,occluded_majority,955,33.071205139160156,25.961502075195312,-7.109703063964844
scan4,19,3,large_disp_and_occluded,672,40.90123748779297,30.8978271484375,-10.003410339355469
scan4,19,3,boundary_and_occluded,707,39.982452392578125,31.240358352661133,-8.742094039916992
scan4,20,3,full,12780,4.818974018096924,3.707625150680542,-1.1113488674163818
scan4,20,3,boundary,1278,30.50750160217285,24.09388542175293,-6.413616180419922
scan4,20,3,large_disparity,2556,10.827566146850586,6.764883995056152,-4.062682151794434
scan4,20,3,occluded_any,1659,23.587806701660156,18.404430389404297,-5.183376312255859
scan4,20,3,occluded_majority,991,29.88851547241211,22.510467529296875,-7.378047943115234
scan4,20,3,large_disp_and_occluded,794,30.267026901245117,20.45484161376953,-9.812185287475586
scan4,20,3,boundary_and_occluded,891,35.46060562133789,27.535337448120117,-7.925268173217773
scan4,21,3,full,13561,4.602581024169922,8.669690132141113,4.067109107971191
scan4,21,3,boundary,1357,25.478296279907227,35.82426071166992,10.345964431762695
scan4,21,3,large_disparity,2713,10.708257675170898,32.81147384643555,22.10321617126465
scan4,21,3,occluded_any,2012,21.40248680114746,49.75349807739258,28.351011276245117
scan4,21,3,occluded_majority,1115,29.78379249572754,68.17647552490234,38.392683029174805
scan4,21,3,large_disp_and_occluded,1016,27.35506248474121,86.27935791015625,58.92429542541504
scan4,21,3,boundary_and_occluded,918,29.52509880065918,45.54127883911133,16.01618003845215
scan4,22,3,full,13574,4.021782398223877,3.5392956733703613,-0.4824867248535156
scan4,22,3,boundary,1358,19.856599807739258,20.47173309326172,0.6151332855224609
scan4,22,3,large_disparity,2715,9.969066619873047,7.1961669921875,-2.772899627685547
scan4,22,3,occluded_any,2363,14.411046028137207,13.109025001525879,-1.3020210266113281
scan4,22,3,occluded_majority,1337,14.460975646972656,14.561860084533691,0.10088443756103516
scan4,22,3,large_disp_and_occluded,1054,20.05445098876953,15.818770408630371,-4.23568058013916
scan4,22,3,boundary_and_occluded,923,20.966567993164062,21.78131866455078,0.8147506713867188
scan4,23,3,full,13073,4.077300548553467,3.7871673107147217,-0.2901332378387451
scan4,23,3,boundary,1308,20.841384887695312,22.051799774169922,1.2104148864746094
scan4,23,3,large_disparity,2615,9.325592994689941,7.608680248260498,-1.7169127464294434
scan4,23,3,occluded_any,2464,12.484145164489746,12.244854927062988,-0.2392902374267578
scan4,23,3,occluded_majority,1262,15.446405410766602,15.195442199707031,-0.2509632110595703
scan4,23,3,large_disp_and_occluded,1045,16.364274978637695,15.662620544433594,-0.7016544342041016
scan4,23,3,boundary_and_occluded,896,21.759477615356445,22.4678955078125,0.7084178924560547
scan4,24,3,full,13428,7.747766017913818,6.56183385848999,-1.1859321594238281
scan4,24,3,boundary,1343,30.98185920715332,25.386131286621094,-5.595727920532227
scan4,24,3,large_disparity,2686,28.87493896484375,22.065471649169922,-6.809467315673828
scan4,24,3,occluded_any,2749,16.762163162231445,13.410285949707031,-3.351877212524414
scan4,24,3,occluded_majority,1377,21.387393951416016,15.373692512512207,-6.013701438903809
scan4,24,3,large_disp_and_occluded,1065,31.913753509521484,23.095256805419922,-8.818496704101562
scan4,24,3,boundary_and_occluded,874,33.20841598510742,25.122787475585938,-8.085628509521484
scan4,25,3,full,14314,11.653670310974121,6.139685153961182,-5.5139851570129395
scan4,25,3,boundary,1432,38.27107238769531,24.088821411132812,-14.1822509765625
scan4,25,3,large_disparity,2863,48.06156539916992,19.691974639892578,-28.369590759277344
scan4,25,3,occluded_any,3144,20.99513053894043,11.060652732849121,-9.934477806091309
scan4,25,3,occluded_majority,1565,28.261735916137695,14.488265991210938,-13.773469924926758
scan4,25,3,large_disp_and_occluded,1214,43.75299072265625,17.984834671020508,-25.768156051635742
scan4,25,3,boundary_and_occluded,934,45.296424865722656,25.437021255493164,-19.859403610229492
scan4,26,3,full,14595,18.032861709594727,7.558320999145508,-10.474540710449219
scan4,26,3,boundary,1460,56.53350830078125,35.113685607910156,-21.419822692871094
scan4,26,3,large_disparity,2919,78.25802612304688,25.703670501708984,-52.55435562133789
scan4,26,3,occluded_any,3610,36.9193000793457,18.594676971435547,-18.324623107910156
scan4,26,3,occluded_majority,1860,48.32481002807617,26.059215545654297,-22.265594482421875
scan4,26,3,large_disp_and_occluded,1643,71.02676391601562,30.212305068969727,-40.8144588470459
scan4,26,3,boundary_and_occluded,974,68.05419158935547,41.350528717041016,-26.703662872314453
scan4,27,3,full,14259,17.711109161376953,22.349912643432617,4.638803482055664
scan4,27,3,boundary,1426,60.357933044433594,87.56133270263672,27.203399658203125
scan4,27,3,large_disparity,2852,76.2230453491211,98.61065673828125,22.387611389160156
scan4,27,3,occluded_any,3068,36.784725189208984,63.405033111572266,26.62030792236328
scan4,27,3,occluded_majority,1403,46.333396911621094,86.96593475341797,40.632537841796875
scan4,27,3,large_disp_and_occluded,1196,79.96957397460938,146.3504180908203,66.38084411621094
scan4,27,3,boundary_and_occluded,1011,67.13444519042969,102.77912902832031,35.644683837890625
scan4,28,3,full,10674,13.193331718444824,21.313232421875,8.119900703430176
scan4,28,3,boundary,1068,70.26168823242188,95.2602310180664,24.99854278564453
scan4,28,3,large_disparity,2135,50.46501541137695,92.48198699951172,42.016971588134766
scan4,28,3,occluded_any,2106,56.99333190917969,97.7010498046875,40.70771789550781
scan4,28,3,occluded_majority,1463,69.77168273925781,126.42572784423828,56.65404510498047
scan4,28,3,large_disp_and_occluded,937,109.51939392089844,204.09552001953125,94.57612609863281
scan4,28,3,boundary_and_occluded,708,98.32179260253906,134.9364471435547,36.614654541015625
scan4,29,3,full,11221,18.495014190673828,25.81352996826172,7.318515777587891
scan4,29,3,boundary,1123,65.69934844970703,68.97940826416016,3.280059814453125
scan4,29,3,large_disparity,2245,76.67794799804688,114.37727355957031,37.69932556152344
scan4,29,3,occluded_any,2885,63.941986083984375,93.46720123291016,29.52521514892578
scan4,29,3,occluded_majority,1437,75.19367218017578,137.57252502441406,62.37885284423828
scan4,29,3,large_disp_and_occluded,1329,125.57463073730469,190.40602111816406,64.83139038085938
scan4,29,3,boundary_and_occluded,817,81.13434600830078,86.8052978515625,5.670951843261719
scan4,30,3,full,11395,17.930896759033203,20.221153259277344,2.2902565002441406
scan4,30,3,boundary,1140,66.97755432128906,59.310787200927734,-7.666767120361328
scan4,30,3,large_disparity,2279,75.30703735351562,87.17631530761719,11.869277954101562
scan4,30,3,occluded_any,2988,52.379005432128906,67.67012023925781,15.291114807128906
scan4,30,3,occluded_majority,1355,61.66278839111328,94.12614440917969,32.463356018066406
scan4,30,3,large_disp_and_occluded,1386,100.83650970458984,134.53334045410156,33.69683074951172
scan4,30,3,boundary_and_occluded,788,84.33143615722656,75.55316925048828,-8.778266906738281
scan4,31,3,full,11233,12.622810363769531,15.837389945983887,3.2145795822143555
scan4,31,3,boundary,1124,42.746002197265625,63.693485260009766,20.94748306274414
scan4,31,3,large_disparity,2247,48.685733795166016,65.69214630126953,17.006412506103516
scan4,31,3,occluded_any,2969,30.26028823852539,50.69914627075195,20.438858032226562
scan4,31,3,occluded_majority,1306,38.90177536010742,96.98352813720703,58.08175277709961
scan4,31,3,large_disp_and_occluded,1357,53.92099380493164,99.96736907958984,46.0463752746582
scan4,31,3,boundary_and_occluded,735,49.00592041015625,85.25148010253906,36.24555969238281
scan4,32,3,full,10651,7.725592136383057,6.579569339752197,-1.1460227966308594
scan4,32,3,boundary,1066,32.156776428222656,31.75985336303711,-0.3969230651855469
scan4,32,3,large_disparity,2131,23.612642288208008,16.985376358032227,-6.627265930175781
scan4,32,3,occluded_any,2727,15.571826934814453,15.809798240661621,0.23797130584716797
scan4,32,3,occluded_majority,1213,22.167917251586914,23.21807098388672,1.0501537322998047
scan4,32,3,large_disp_and_occluded,1235,22.54861068725586,24.11324119567871,1.5646305084228516
scan4,32,3,boundary_and_occluded,698,32.35425567626953,32.3116455078125,-0.04261016845703125
scan4,33,3,full,10278,6.24169397354126,5.203201770782471,-1.038492202758789
scan4,33,3,boundary,1028,33.41962814331055,28.57927703857422,-4.840351104736328
scan4,33,3,large_disparity,2056,16.06523895263672,10.175207138061523,-5.890031814575195
scan4,33,3,occluded_any,2361,16.333372116088867,13.479439735412598,-2.8539323806762695
scan4,33,3,occluded_majority,1120,24.572261810302734,19.572185516357422,-5.0000762939453125
scan4,33,3,large_disp_and_occluded,1096,20.358320236206055,14.882347106933594,-5.475973129272461
scan4,33,3,boundary_and_occluded,756,33.00926971435547,26.072294235229492,-6.936975479125977
scan4,34,3,full,10666,4.5471978187561035,4.377831935882568,-0.16936588287353516
scan4,34,3,boundary,1067,24.127593994140625,26.08041763305664,1.9528236389160156
scan4,34,3,large_disparity,2134,8.006221771240234,7.764893531799316,-0.24132823944091797
scan4,34,3,occluded_any,2050,16.532873153686523,15.56974983215332,-0.9631233215332031
scan4,34,3,occluded_majority,1005,21.77446174621582,18.933664321899414,-2.8407974243164062
scan4,34,3,large_disp_and_occluded,825,18.250062942504883,17.57343292236328,-0.6766300201416016
scan4,34,3,boundary_and_occluded,829,25.954851150512695,27.68689727783203,1.732046127319336
scan4,35,3,full,10986,5.241604804992676,4.080643653869629,-1.1609611511230469
scan4,35,3,boundary,1099,27.460256576538086,23.378246307373047,-4.082010269165039
scan4,35,3,large_disparity,2198,6.366757869720459,4.513811111450195,-1.8529467582702637
scan4,35,3,occluded_any,1710,19.518259048461914,15.439960479736328,-4.078298568725586
scan4,35,3,occluded_majority,825,25.488683700561523,19.503156661987305,-5.985527038574219
scan4,35,3,large_disp_and_occluded,620,19.511396408081055,14.248518943786621,-5.262877464294434
scan4,35,3,boundary_and_occluded,744,30.308162689208984,25.552593231201172,-4.7555694580078125
scan4,36,3,full,11159,5.058391571044922,4.544497966766357,-0.5138936042785645
scan4,36,3,boundary,1116,24.89517593383789,26.956432342529297,2.0612564086914062
scan4,36,3,large_disparity,2232,6.053863048553467,8.405330657958984,2.3514676094055176
scan4,36,3,occluded_any,1583,20.474163055419922,20.6484317779541,0.1742687225341797
scan4,36,3,occluded_majority,764,29.42082405090332,31.78476333618164,2.3639392852783203
scan4,36,3,large_disp_and_occluded,634,18.71381187438965,27.788345336914062,9.074533462524414
scan4,36,3,boundary_and_occluded,732,29.40953254699707,32.42107391357422,3.0115413665771484
scan4,37,3,full,10791,4.756805896759033,3.896200656890869,-0.8606052398681641
scan4,37,3,boundary,1080,24.548059463500977,18.71295166015625,-5.835107803344727
scan4,37,3,large_disparity,2159,8.876476287841797,6.416945934295654,-2.4595303535461426
scan4,37,3,occluded_any,1607,20.30330467224121,15.78882884979248,-4.5144758224487305
scan4,37,3,occluded_majority,793,27.01540756225586,20.814638137817383,-6.200769424438477
scan4,37,3,large_disp_and_occluded,772,23.04595375061035,16.458696365356445,-6.587257385253906
scan4,37,3,boundary_and_occluded,691,30.242719650268555,21.647951126098633,-8.594768524169922
scan4,38,3,full,8813,10.206635475158691,8.642739295959473,-1.5638961791992188
scan4,38,3,boundary,882,51.1863899230957,42.20930862426758,-8.977081298828125
scan4,38,3,large_disparity,1763,34.95101547241211,30.317941665649414,-4.633073806762695
scan4,38,3,occluded_any,1190,53.078636169433594,45.0057373046875,-8.072898864746094
scan4,38,3,occluded_majority,841,68.49817657470703,58.14487075805664,-10.35330581665039
scan4,38,3,large_disp_and_occluded,668,83.38333892822266,71.44542694091797,-11.937911987304688
scan4,38,3,boundary_and_occluded,453,80.8118667602539,65.17330932617188,-15.638557434082031
scan4,39,3,full,8993,5.996356010437012,5.193240165710449,-0.8031158447265625
scan4,39,3,boundary,900,29.63864517211914,26.202709197998047,-3.4359359741210938
scan4,39,3,large_disparity,1799,12.72120475769043,10.587119102478027,-2.1340856552124023
scan4,39,3,occluded_any,1279,23.73862075805664,20.42529296875,-3.3133277893066406
scan4,39,3,occluded_majority,662,35.07089614868164,30.06427574157715,-5.006620407104492
scan4,39,3,large_disp_and_occluded,612,32.05306625366211,26.766860961914062,-5.286205291748047
scan4,39,3,boundary_and_occluded,549,33.91419982910156,29.235103607177734,-4.679096221923828
scan4,40,3,full,9057,5.984750747680664,4.438709259033203,-1.546041488647461
scan4,40,3,boundary,906,32.945255279541016,24.931001663208008,-8.014253616333008
scan4,40,3,large_disparity,1812,10.051813125610352,7.996551990509033,-2.0552611351013184
scan4,40,3,occluded_any,1320,22.32422637939453,16.704051971435547,-5.620174407958984
scan4,40,3,occluded_majority,672,31.046619415283203,23.593521118164062,-7.453098297119141
scan4,40,3,large_disp_and_occluded,529,28.278579711914062,22.491275787353516,-5.787303924560547
scan4,40,3,boundary_and_occluded,549,36.252811431884766,28.333677291870117,-7.919134140014648
scan4,41,3,full,8627,6.47152042388916,5.582329750061035,-0.889190673828125
scan4,41,3,boundary,863,31.549686431884766,25.799861907958984,-5.749824523925781
scan4,41,3,large_disparity,1726,9.186200141906738,7.2629218101501465,-1.9232783317565918
scan4,41,3,occluded_any,1288,24.470529556274414,20.515050888061523,-3.9554786682128906
scan4,41,3,occluded_majority,615,32.161834716796875,27.814912796020508,-4.346921920776367
scan4,41,3,large_disp_and_occluded,495,25.927692413330078,20.831218719482422,-5.096473693847656
scan4,41,3,boundary_and_occluded,520,37.60921096801758,30.581933975219727,-7.027276992797852
scan4,42,3,full,8168,7.318797588348389,6.752479553222656,-0.5663180351257324
scan4,42,3,boundary,817,36.858646392822266,32.642555236816406,-4.216091156005859
scan4,42,3,large_disparity,1634,8.63114070892334,7.4266815185546875,-1.2044591903686523
scan4,42,3,occluded_any,1433,25.616920471191406,21.750526428222656,-3.86639404296875
scan4,42,3,occluded_majority,720,29.90916633605957,24.384366989135742,-5.524799346923828
scan4,42,3,large_disp_and_occluded,492,24.59039878845215,21.724576950073242,-2.8658218383789062
scan4,42,3,boundary_and_occluded,535,43.84489822387695,37.20267868041992,-6.642219543457031
scan4,43,3,full,7800,7.761935234069824,8.019712448120117,0.25777721405029297
scan4,43,3,boundary,780,41.284934997558594,44.146568298339844,2.86163330078125
scan4,43,3,large_disparity,1560,18.136478424072266,21.49374008178711,3.3572616577148438
scan4,43,3,occluded_any,1654,24.391855239868164,24.600046157836914,0.20819091796875
scan4,43,3,occluded_majority,761,31.734210968017578,31.76097869873047,0.026767730712890625
scan4,43,3,large_disp_and_occluded,737,33.618656158447266,38.373783111572266,4.755126953125
scan4,43,3,boundary_and_occluded,556,46.84479522705078,50.115943908691406,3.271148681640625
scan4,44,3,full,7962,9.211549758911133,11.391374588012695,2.1798248291015625
scan4,44,3,boundary,797,49.49810791015625,56.33639144897461,6.838283538818359
scan4,44,3,large_disparity,1593,27.477375030517578,37.66023254394531,10.182857513427734
scan4,44,3,occluded_any,2058,22.999475479125977,30.031551361083984,7.032075881958008
scan4,44,3,occluded_majority,964,37.832313537597656,45.01426696777344,7.181953430175781
scan4,44,3,large_disp_and_occluded,878,39.46714401245117,57.86595916748047,18.398815155029297
scan4,44,3,boundary_and_occluded,516,54.42536544799805,63.710838317871094,9.285472869873047
scan4,45,3,full,8192,12.546335220336914,10.408644676208496,-2.137690544128418
scan4,45,3,boundary,820,73.79886627197266,56.486717224121094,-17.312149047851562
scan4,45,3,large_disparity,1639,43.825599670410156,35.367462158203125,-8.458137512207031
scan4,45,3,occluded_any,1851,32.18488311767578,21.86087417602539,-10.32400894165039
scan4,45,3,occluded_majority,826,44.74153518676758,29.93531608581543,-14.806219100952148
scan4,45,3,large_disp_and_occluded,706,65.5849380493164,43.307674407958984,-22.277263641357422
scan4,45,3,boundary_and_occluded,491,82.22187042236328,56.59088134765625,-25.63098907470703
scan4,46,3,full,8445,12.270474433898926,10.180978775024414,-2.0894956588745117
scan4,46,3,boundary,845,67.02325439453125,54.7833366394043,-12.239917755126953
scan4,46,3,large_disparity,1689,41.390384674072266,33.59943389892578,-7.790950775146484
scan4,46,3,occluded_any,1847,39.579627990722656,30.986248016357422,-8.593379974365234
scan4,46,3,occluded_majority,871,50.179988861083984,43.16707992553711,-7.012908935546875
scan4,46,3,large_disp_and_occluded,677,80.92477416992188,63.447296142578125,-17.47747802734375
scan4,46,3,boundary_and_occluded,542,82.76233673095703,67.81015014648438,-14.952186584472656
scan4,47,3,full,8690,11.598495483398438,13.115089416503906,1.5165939331054688
scan4,47,3,boundary,869,75.43080139160156,95.6597671508789,20.228965759277344
scan4,47,3,large_disparity,1738,36.66538619995117,46.68383026123047,10.018444061279297
scan4,47,3,occluded_any,1879,40.818939208984375,47.932647705078125,7.11370849609375
scan4,47,3,occluded_majority,974,52.42051696777344,54.19170379638672,1.7711868286132812
scan4,47,3,large_disp_and_occluded,626,89.29136657714844,116.7773666381836,27.486000061035156
scan4,47,3,boundary_and_occluded,605,89.27516174316406,117.50808715820312,28.232925415039062
scan4,48,3,full,8809,7.127636909484863,8.800599098205566,1.6729621887207031
scan4,48,3,boundary,881,42.86652374267578,51.58190155029297,8.715377807617188
scan4,48,3,large_disparity,1762,18.18450355529785,27.78383445739746,9.59933090209961
scan4,48,3,occluded_any,1625,25.237653732299805,34.940589904785156,9.702936172485352
scan4,48,3,occluded_majority,994,29.1008243560791,43.247806549072266,14.146982192993164
scan4,48,3,large_disp_and_occluded,511,52.81058120727539,85.7123794555664,32.901798248291016
scan4,48,3,boundary_and_occluded,495,57.72886657714844,75.81256103515625,18.083694458007812
scan9,0,3,full,16565,3.9428815841674805,3.4719414710998535,-0.47094011306762695
scan9,0,3,boundary,1657,13.136894226074219,11.123191833496094,-2.013702392578125
scan9,0,3,large_disparity,3313,9.206018447875977,8.418158531188965,-0.7878599166870117
scan9,0,3,occluded_any,1498,9.848308563232422,8.136900901794434,-1.7114076614379883
scan9,0,3,occluded_majority,864,13.996367454528809,11.27766227722168,-2.718705177307129
scan9,0,3,large_disp_and_occluded,225,17.71474838256836,16.32375144958496,-1.3909969329833984
scan9,0,3,boundary_and_occluded,518,15.384565353393555,13.504864692687988,-1.8797006607055664
scan9,1,3,full,18072,2.1075637340545654,1.7784264087677002,-0.32913732528686523
scan9,1,3,boundary,1808,9.629327774047852,7.4538726806640625,-2.175455093383789
scan9,1,3,large_disparity,3615,3.773149013519287,2.632330894470215,-1.1408181190490723
scan9,1,3,occluded_any,2265,7.637781143188477,5.298051357269287,-2.3397297859191895
scan9,1,3,occluded_majority,970,13.889913558959961,8.578742980957031,-5.31117057800293
scan9,1,3,large_disp_and_occluded,523,14.527716636657715,9.558135032653809,-4.969581604003906
scan9,1,3,boundary_and_occluded,1001,12.071478843688965,8.678661346435547,-3.392817497253418
scan9,2,3,full,18383,1.9736202955245972,1.8916041851043701,-0.08201611042022705
scan9,2,3,boundary,1839,6.646185874938965,6.755331516265869,0.1091456413269043
scan9,2,3,large_disparity,3677,2.622347354888916,2.279068946838379,-0.3432784080505371
scan9,2,3,occluded_any,1553,5.77083158493042,5.233626365661621,-0.5372052192687988
scan9,2,3,occluded_majority,787,7.610517978668213,6.923172473907471,-0.6873455047607422
scan9,2,3,large_disp_and_occluded,315,9.423064231872559,8.157132148742676,-1.2659320831298828
scan9,2,3,boundary_and_occluded,712,8.841875076293945,7.997896671295166,-0.8439784049987793
scan9,3,3,full,17797,5.905043125152588,3.6222777366638184,-2.2827653884887695
scan9,3,3,boundary,1780,9.212831497192383,8.40540599822998,-0.8074254989624023
scan9,3,3,large_disparity,3560,21.98100471496582,10.225204467773438,-11.755800247192383
scan9,3,3,occluded_any,3499,6.175171852111816,4.185274124145508,-1.9898977279663086
scan9,3,3,occluded_majority,1042,13.080042839050293,7.134576320648193,-5.9454665184021
scan9,3,3,large_disp_and_occluded,897,12.165852546691895,5.233790397644043,-6.932062149047852
scan9,3,3,boundary_and_occluded,1000,9.771958351135254,8.861991882324219,-0.9099664688110352
scan9,4,3,full,13665,4.868209362030029,3.749448299407959,-1.1187610626220703
scan9,4,3,boundary,1367,12.22901725769043,11.316350936889648,-0.9126663208007812
scan9,4,3,large_disparity,2733,2.6112093925476074,2.4271445274353027,-0.1840648651123047
scan9,4,3,occluded_any,1273,8.921113967895508,8.210978507995605,-0.7101354598999023
scan9,4,3,occluded_majority,777,10.84136962890625,9.430017471313477,-1.4113521575927734
scan9,4,3,large_disp_and_occluded,174,4.523227691650391,4.863976001739502,0.34074831008911133
scan9,4,3,boundary_and_occluded,330,12.258872032165527,10.384641647338867,-1.8742303848266602
scan9,5,3,full,13495,3.162625551223755,2.386798143386841,-0.7758274078369141
scan9,5,3,boundary,1350,11.696507453918457,10.841862678527832,-0.854644775390625
scan9,5,3,large_disparity,2699,3.2833032608032227,3.5616602897644043,0.27835702896118164
scan9,5,3,occluded_any,1995,7.937758445739746,6.487581253051758,-1.4501771926879883
scan9,5,3,occluded_majority,739,9.525996208190918,6.732822895050049,-2.793173313140869
scan9,5,3,large_disp_and_occluded,297,11.932588577270508,10.777929306030273,-1.1546592712402344
scan9,5,3,boundary_and_occluded,673,13.185680389404297,11.377055168151855,-1.8086252212524414
scan9,6,3,full,16776,2.6047232151031494,2.284191370010376,-0.32053184509277344
scan9,6,3,boundary,1678,9.035857200622559,7.850593566894531,-1.1852636337280273
scan9,6,3,large_disparity,3356,4.906827449798584,3.1090078353881836,-1.7978196144104004
scan9,6,3,occluded_any,3238,6.283600807189941,4.511447429656982,-1.772153377532959
scan9,6,3,occluded_majority,1273,10.77934455871582,7.508502960205078,-3.270841598510742
scan9,6,3,large_disp_and_occluded,1099,8.265397071838379,4.671916961669922,-3.593480110168457
scan9,6,3,boundary_and_occluded,1028,10.938380241394043,8.817059516906738,-2.1213207244873047
scan9,7,3,full,17910,2.1080169677734375,2.2978262901306152,0.18980932235717773
scan9,7,3,boundary,1791,7.717879772186279,8.023797988891602,0.30591821670532227
scan9,7,3,large_disparity,3582,3.248959541320801,5.1434736251831055,1.8945140838623047
scan9,7,3,occluded_any,2420,6.178355693817139,5.986910820007324,-0.19144487380981445
scan9,7,3,occluded_majority,809,9.557595252990723,9.272400856018066,-0.28519439697265625
scan9,7,3,large_disp_and_occluded,589,7.539722442626953,10.705766677856445,3.166044235229492
scan9,7,3,boundary_and_occluded,1194,8.863042831420898,8.954177856445312,0.09113502502441406
scan9,8,3,full,18376,1.6914175748825073,1.6380375623703003,-0.05338001251220703
scan9,8,3,boundary,1838,6.364850997924805,5.74461030960083,-0.6202406883239746
scan9,8,3,large_disparity,3676,3.2420802116394043,3.322274684906006,0.08019447326660156
scan9,8,3,occluded_any,2079,5.538865089416504,5.021610736846924,-0.5172543525695801
scan9,8,3,occluded_majority,902,7.629369735717773,6.269995212554932,-1.3593745231628418
scan9,8,3,large_disp_and_occluded,676,7.608433246612549,7.910367012023926,0.30193376541137695
scan9,8,3,boundary_and_occluded,1038,8.167040824890137,7.138950347900391,-1.028090476989746
scan9,9,3,full,18277,1.717347264289856,1.6310861110687256,-0.08626115322113037
scan9,9,3,boundary,1828,7.269532203674316,6.45718240737915,-0.812349796295166
scan9,9,3,large_disparity,3656,3.200086832046509,3.1851179599761963,-0.0149688720703125
scan9,9,3,occluded_any,1857,7.291489124298096,6.522124290466309,-0.7693648338317871
scan9,9,3,occluded_majority,895,12.004156112670898,10.987942695617676,-1.0162134170532227
scan9,9,3,large_disp_and_occluded,503,13.607884407043457,13.339247703552246,-0.26863670349121094
scan9,9,3,boundary_and_occluded,972,9.487133026123047,8.324300765991211,-1.162832260131836
scan9,10,3,full,18198,1.6702468395233154,1.6247502565383911,-0.045496582984924316
scan9,10,3,boundary,1820,6.6181135177612305,5.838586330413818,-0.7795271873474121
scan9,10,3,large_disparity,3640,1.8525733947753906,1.7241352796554565,-0.12843811511993408
scan9,10,3,occluded_any,1749,6.0714592933654785,4.766565799713135,-1.3048934936523438
scan9,10,3,occluded_majority,829,8.881998062133789,6.377579212188721,-2.5044188499450684
scan9,10,3,large_disp_and_occluded,319,5.185694694519043,3.822570323944092,-1.3631243705749512
scan9,10,3,boundary_and_occluded,933,8.264115333557129,6.7988667488098145,-1.4652485847473145
scan9,11,3,full,16584,1.9743459224700928,1.9624916315078735,-0.011854290962219238
scan9,11,3,boundary,1659,8.533927917480469,7.893995761871338,-0.6399321556091309
scan9,11,3,large_disparity,3317,1.658394455909729,1.6916019916534424,0.03320753574371338
scan9,11,3,occluded_any,1572,7.006616115570068,6.7177324295043945,-0.28888368606567383
scan9,11,3,occluded_majority,890,9.586681365966797,9.114258766174316,-0.47242259979248047
scan9,11,3,large_disp_and_occluded,357,1.7676442861557007,1.7006795406341553,-0.06696474552154541
scan9,11,3,boundary_and_occluded,743,11.335302352905273,10.772397994995117,-0.5629043579101562
scan9,12,3,full,18153,1.5617976188659668,1.4958748817443848,-0.06592273712158203
scan9,12,3,boundary,1816,6.514384746551514,6.345675468444824,-0.16870927810668945
scan9,12,3,large_disparity,3631,2.1957128047943115,2.2791831493377686,0.08347034454345703
scan9,12,3,occluded_any,2287,5.155453681945801,4.902607440948486,-0.25284624099731445
scan9,12,3,occluded_majority,1087,6.451324462890625,5.925573825836182,-0.5257506370544434
scan9,12,3,large_disp_and_occluded,665,6.35781192779541,6.9288740158081055,0.5710620880126953
scan9,12,3,boundary_and_occluded,1121,7.5792975425720215,6.979615211486816,-0.5996823310852051
scan9,13,3,full,18216,1.50804603099823,1.5072927474975586,-0.0007532835006713867
scan9,13,3,boundary,1822,6.779041767120361,6.574751377105713,-0.20429039001464844
scan9,13,3,large_disparity,3644,2.140345811843872,2.550200939178467,0.4098551273345947
scan9,13,3,occluded_any,1862,5.98693323135376,6.311784267425537,0.32485103607177734
scan9,13,3,occluded_majority,958,8.570708274841309,9.058219909667969,0.48751163482666016
scan9,13,3,large_disp_and_occluded,464,9.182991027832031,12.811249732971191,3.62825870513916
scan9,13,3,boundary_and_occluded,1054,7.850270748138428,7.684884548187256,-0.16538619995117188
scan9,14,3,full,17992,1.6808589696884155,1.7438193559646606,0.06296038627624512
scan9,14,3,boundary,1800,6.505575656890869,6.801235675811768,0.29566001892089844
scan9,14,3,large_disparity,3599,2.8841800689697266,3.8002710342407227,0.9160909652709961
scan9,14,3,occluded_any,1988,7.502269744873047,7.461286544799805,-0.04098320007324219
scan9,14,3,occluded_majority,1169,10.429668426513672,10.853165626525879,0.42349720001220703
scan9,14,3,large_disp_and_occluded,587,11.16999340057373,13.829466819763184,2.659473419189453
scan9,14,3,boundary_and_occluded,1090,8.519582748413086,8.85263442993164,0.3330516815185547
scan9,15,3,full,17921,1.4669995307922363,1.3588709831237793,-0.10812854766845703
scan9,15,3,boundary,1793,5.156031608581543,4.802220344543457,-0.35381126403808594
scan9,15,3,large_disparity,3585,2.433582305908203,2.269101858139038,-0.16448044776916504
scan9,15,3,occluded_any,2075,5.614861488342285,4.609582901000977,-1.0052785873413086
scan9,15,3,occluded_majority,958,8.395796775817871,6.831261157989502,-1.5645356178283691
scan9,15,3,large_disp_and_occluded,718,6.778528213500977,5.698399066925049,-1.0801291465759277
scan9,15,3,boundary_and_occluded,1095,6.659514904022217,5.966697692871094,-0.692817211151123
scan9,16,3,full,17315,1.8913764953613281,1.6710284948349,-0.22034800052642822
scan9,16,3,boundary,1732,7.595325469970703,6.075103759765625,-1.5202217102050781
scan9,16,3,large_disparity,3463,3.6203219890594482,3.4402358531951904,-0.1800861358642578
scan9,16,3,occluded_any,2357,7.044790267944336,5.071677207946777,-1.9731130599975586
scan9,16,3,occluded_majority,1093,10.959741592407227,7.617722511291504,-3.3420190811157227
scan9,16,3,large_disp_and_occluded,824,9.56062126159668,7.06772518157959,-2.49289608001709
scan9,16,3,boundary_and_occluded,1079,9.771230697631836,7.275782585144043,-2.495448112487793
scan9,17,3,full,16485,2.3839125633239746,2.1038506031036377,-0.2800619602203369
scan9,17,3,boundary,1649,10.218141555786133,7.978147029876709,-2.239994525909424
scan9,17,3,large_disparity,3297,4.10587739944458,3.6356027126312256,-0.4702746868133545
scan9,17,3,occluded_any,2424,8.297791481018066,5.956335544586182,-2.3414559364318848
scan9,17,3,occluded_majority,1298,11.417197227478027,8.171361923217773,-3.245835304260254
scan9,17,3,large_disp_and_occluded,685,11.554276466369629,7.496973991394043,-4.057302474975586
scan9,17,3,boundary_and_occluded,1051,13.232873916625977,9.68670654296875,-3.5461673736572266
scan9,18,3,full,14288,3.4045727252960205,2.527737617492676,-0.8768351078033447
scan9,18,3,boundary,1429,12.649091720581055,9.965105056762695,-2.6839866638183594
scan9,18,3,large_disparity,2858,5.5262603759765625,2.668039083480835,-2.8582212924957275
scan9,18,3,occluded_any,1998,12.024008750915527,7.889184951782227,-4.134823799133301
scan9,18,3,occluded_majority,811,15.62745189666748,10.20742416381836,-5.420027732849121
scan9,18,3,large_disp_and_occluded,566,16.566598892211914,8.133772850036621,-8.432826042175293
scan9,18,3,boundary_and_occluded,767,17.866182327270508,13.281880378723145,-4.584301948547363
scan9,19,3,full,11800,3.9389710426330566,4.508935928344727,0.5699648857116699
scan9,19,3,boundary,1180,16.38270378112793,12.292439460754395,-4.090264320373535
scan9,19,3,large_disparity,2360,7.870107173919678,11.67810344696045,3.8079962730407715
scan9,19,3,occluded_any,1287,14.53820514678955,9.047439575195312,-5.490765571594238
scan9,19,3,occluded_majority,629,19.392993927001953,13.523573875427246,-5.869420051574707
scan9,19,3,large_disp_and_occluded,206,29.09185791015625,9.657557487487793,-19.434300422668457
scan9,19,3,boundary_and_occluded,479,23.094390869140625,14.097894668579102,-8.996496200561523
scan9,20,3,full,14099,3.332033634185791,2.0026066303253174,-1.3294270038604736
scan9,20,3,boundary,1410,15.419095993041992,8.483844757080078,-6.935251235961914
scan9,20,3,large_disparity,2820,6.804963111877441,2.0867598056793213,-4.71820330619812
scan9,20,3,occluded_any,2149,11.977603912353516,6.234797477722168,-5.742806434631348
scan9,20,3,occluded_majority,1026,18.07750701904297,9.530152320861816,-8.547354698181152
scan9,20,3,large_disp_and_occluded,527,18.283355712890625,3.9659523963928223,-14.317403316497803
scan9,20,3,boundary_and_occluded,946,19.42279624938965,9.42745590209961,-9.995340347290039
scan9,21,3,full,15766,2.7195894718170166,2.1583056449890137,-0.5612838268280029
scan9,21,3,boundary,1577,12.104304313659668,9.233898162841797,-2.870406150817871
scan9,21,3,large_disparity,3154,4.962565898895264,3.011929988861084,-1.9506359100341797
scan9,21,3,occluded_any,2533,9.45361042022705,7.479696750640869,-1.9739136695861816
scan9,21,3,occluded_majority,1523,13.039828300476074,10.234573364257812,-2.8052549362182617
scan9,21,3,large_disp_and_occluded,630,12.01388931274414,7.068654537200928,-4.945234775543213
scan9,21,3,boundary_and_occluded,1230,14.02184009552002,10.553831100463867,-3.4680089950561523
scan9,22,3,full,16312,2.1268913745880127,1.737093448638916,-0.3897979259490967
scan9,22,3,boundary,1632,8.942675590515137,7.439557075500488,-1.5031185150146484
scan9,22,3,large_disparity,3263,4.8607988357543945,3.779444932937622,-1.0813539028167725
scan9,22,3,occluded_any,1832,10.083922386169434,7.388935565948486,-2.6949868202209473
scan9,22,3,occluded_majority,1028,14.321202278137207,10.723184585571289,-3.598017692565918
scan9,22,3,large_disp_and_occluded,787,12.801597595214844,8.520842552185059,-4.280755043029785
scan9,22,3,boundary_and_occluded,960,12.818363189697266,10.57854175567627,-2.239821434020996
scan9,23,3,full,16840,1.741747498512268,1.3408714532852173,-0.4008760452270508
scan9,23,3,boundary,1684,7.379329204559326,5.55965518951416,-1.819674015045166
scan9,23,3,large_disparity,3368,3.6168100833892822,2.6320197582244873,-0.9847903251647949
scan9,23,3,occluded_any,1839,7.932984828948975,5.516765594482422,-2.4162192344665527
scan9,23,3,occluded_majority,941,10.529296875,7.461265563964844,-3.0680313110351562
scan9,23,3,large_disp_and_occluded,907,9.209662437438965,6.459700584411621,-2.7499618530273438
scan9,23,3,boundary_and_occluded,1052,9.352025032043457,6.863511562347412,-2.488513469696045
scan9,24,3,full,17237,1.7490726709365845,1.4927326440811157,-0.25634002685546875
scan9,24,3,boundary,1724,8.059107780456543,6.550443649291992,-1.5086641311645508
scan9,24,3,large_disparity,3448,3.675548553466797,2.891749858856201,-0.7837986946105957
scan9,24,3,occluded_any,1750,9.790785789489746,7.50816535949707,-2.282620429992676
scan9,24,3,occluded_majority,923,13.834534645080566,10.60555362701416,-3.2289810180664062
scan9,24,3,large_disp_and_occluded,855,11.355461120605469,8.440895080566406,-2.9145660400390625
scan9,24,3,boundary_and_occluded,1093,10.915096282958984,8.516413688659668,-2.3986825942993164
scan9,25,3,full,17525,1.6142891645431519,1.3596643209457397,-0.2546248435974121
scan9,25,3,boundary,1753,7.040748119354248,5.794000625610352,-1.2467474937438965
scan9,25,3,large_disparity,3505,2.7332842350006104,2.1628081798553467,-0.5704760551452637
scan9,25,3,occluded_any,1682,8.33664608001709,6.307497978210449,-2.0291481018066406
scan9,25,3,occluded_majority,809,10.661617279052734,8.799199104309082,-1.8624181747436523
scan9,25,3,large_disp_and_occluded,655,9.402231216430664,7.059507846832275,-2.3427233695983887
scan9,25,3,boundary_and_occluded,1064,9.497845649719238,7.611642837524414,-1.8862028121948242
scan9,26,3,full,17555,1.6808562278747559,1.4871212244033813,-0.1937350034713745
scan9,26,3,boundary,1756,7.731115341186523,7.269318580627441,-0.46179676055908203
scan9,26,3,large_disparity,3511,2.297907829284668,2.048349142074585,-0.249558687210083
scan9,26,3,occluded_any,1953,7.259585380554199,6.37200927734375,-0.8875761032104492
scan9,26,3,occluded_majority,818,10.79837417602539,8.975202560424805,-1.823171615600586
scan9,26,3,large_disp_and_occluded,704,6.091180801391602,6.126237392425537,0.03505659103393555
scan9,26,3,boundary_and_occluded,1131,9.428519248962402,8.7772216796875,-0.6512975692749023
scan9,27,3,full,17008,1.6977192163467407,1.5171664953231812,-0.18055272102355957
scan9,27,3,boundary,1701,8.336075782775879,6.913576602935791,-1.422499179840088
scan9,27,3,large_disparity,3402,0.9852454662322998,1.0709701776504517,0.08572471141815186
scan9,27,3,occluded_any,2037,6.79766321182251,5.802504062652588,-0.9951591491699219
scan9,27,3,occluded_majority,902,9.190342903137207,8.038046836853027,-1.1522960662841797
scan9,27,3,large_disp_and_occluded,349,2.5890016555786133,1.8433773517608643,-0.745624303817749
scan9,27,3,boundary_and_occluded,1139,9.359338760375977,7.948286056518555,-1.4110527038574219
scan9,28,3,full,14394,2.3696634769439697,2.4205453395843506,0.05088186264038086
scan9,28,3,boundary,1440,12.312949180603027,11.612478256225586,-0.7004709243774414
scan9,28,3,large_disparity,2879,5.126636505126953,6.052676677703857,0.9260401725769043
scan9,28,3,occluded_any,1350,14.008529663085938,14.423223495483398,0.41469383239746094
scan9,28,3,occluded_majority,912,17.59187126159668,18.576770782470703,0.9848995208740234
scan9,28,3,large_disp_and_occluded,668,17.715435028076172,20.430583953857422,2.71514892578125
scan9,28,3,boundary_and_occluded,823,17.50145721435547,16.638797760009766,-0.8626594543457031
scan9,29,3,full,15854,1.8790124654769897,1.6177304983139038,-0.26128196716308594
scan9,29,3,boundary,1586,9.577834129333496,8.224934577941895,-1.3528995513916016
scan9,29,3,large_disparity,3171,3.6008782386779785,2.643401861190796,-0.9574763774871826
scan9,29,3,occluded_any,2012,8.381264686584473,6.265683650970459,-2.1155810356140137
scan9,29,3,occluded_majority,904,14.127789497375488,9.955881118774414,-4.171908378601074
scan9,29,3,large_disp_and_occluded,781,11.348020553588867,7.80896520614624,-3.539055347442627
scan9,29,3,boundary_and_occluded,1097,11.245563507080078,9.04956340789795,-2.196000099182129
scan9,30,3,full,16441,1.6803985834121704,1.4772168397903442,-0.20318174362182617
scan9,30,3,boundary,1645,8.835733413696289,7.761915683746338,-1.0738177299499512
scan9,30,3,large_disparity,3289,2.958522319793701,2.6776084899902344,-0.2809138298034668
scan9,30,3,occluded_any,1613,9.234163284301758,7.7650275230407715,-1.4691357612609863
scan9,30,3,occluded_majority,773,13.31978988647461,11.159635543823242,-2.160154342651367
scan9,30,3,large_disp_and_occluded,686,9.667083740234375,8.964401245117188,-0.7026824951171875
scan9,30,3,boundary_and_occluded,1059,11.23794174194336,9.842512130737305,-1.3954296112060547
scan9,31,3,full,16608,1.6400209665298462,1.3917158842086792,-0.248305082321167
scan9,31,3,boundary,1661,8.766931533813477,6.757366180419922,-2.0095653533935547
scan9,31,3,large_disparity,3322,4.151049613952637,3.268958806991577,-0.8820908069610596
scan9,31,3,occluded_any,1325,10.782501220703125,8.241025924682617,-2.541475296020508
scan9,31,3,occluded_majority,668,15.427407264709473,11.42967700958252,-3.997730255126953
scan9,31,3,large_disp_and_occluded,689,14.594169616699219,11.040567398071289,-3.5536022186279297
scan9,31,3,boundary_and_occluded,925,13.523788452148438,10.029434204101562,-3.494354248046875
scan9,32,3,full,16765,1.7792606353759766,1.4628493785858154,-0.31641125679016113
scan9,32,3,boundary,1677,9.872992515563965,7.795029163360596,-2.077963352203369
scan9,32,3,large_disparity,3353,5.121816158294678,4.046750545501709,-1.0750656127929688
scan9,32,3,occluded_any,1282,13.34701919555664,10.33991813659668,-3.007101058959961
scan9,32,3,occluded_majority,648,17.864791870117188,13.203327178955078,-4.661464691162109
scan9,32,3,large_disp_and_occluded,700,19.994626998901367,15.553462982177734,-4.441164016723633
scan9,32,3,boundary_and_occluded,888,15.870645523071289,12.43628215789795,-3.43436336517334
scan9,33,3,full,16304,1.9503424167633057,1.3700445890426636,-0.5802978277206421
scan9,33,3,boundary,1631,10.322531700134277,6.6363606452941895,-3.686171054840088
scan9,33,3,large_disparity,3261,5.883359909057617,3.2988951206207275,-2.5844647884368896
scan9,33,3,occluded_any,1378,14.393656730651855,8.351757049560547,-6.041899681091309
scan9,33,3,occluded_majority,677,20.977983474731445,11.622838020324707,-9.355145454406738
scan9,33,3,large_disp_and_occluded,804,20.361055374145508,10.545453071594238,-9.81560230255127
scan9,33,3,boundary_and_occluded,904,16.243906021118164,9.890324592590332,-6.353581428527832
scan9,34,3,full,15393,2.3811888694763184,1.818755865097046,-0.5624330043792725
scan9,34,3,boundary,1540,13.376473426818848,9.161005020141602,-4.215468406677246
scan9,34,3,large_disparity,3079,6.899209976196289,5.282829284667969,-1.6163806915283203
scan9,34,3,occluded_any,1456,16.34528350830078,10.268754959106445,-6.076528549194336
scan9,34,3,occluded_majority,827,21.969728469848633,13.728513717651367,-8.241214752197266
scan9,34,3,large_disp_and_occluded,788,21.75493812561035,14.465344429016113,-7.289593696594238
scan9,34,3,boundary_and_occluded,963,19.216922760009766,12.644533157348633,-6.572389602661133
scan9,35,3,full,14618,2.7484068870544434,1.8852139711380005,-0.8631929159164429
scan9,35,3,boundary,1462,14.069388389587402,8.762038230895996,-5.307350158691406
scan9,35,3,large_disparity,2924,7.944889068603516,4.993102550506592,-2.951786518096924
scan9,35,3,occluded_any,1602,14.808778762817383,9.341493606567383,-5.46728515625
scan9,35,3,occluded_majority,667,21.643510818481445,13.122481346130371,-8.521029472351074
scan9,35,3,large_disp_and_occluded,799,20.545604705810547,12.931909561157227,-7.61369514465332
scan9,35,3,boundary_and_occluded,938,19.003528594970703,11.668135643005371,-7.335392951965332
scan9,36,3,full,13902,3.2934908866882324,2.148128032684326,-1.1453628540039062
scan9,36,3,boundary,1391,16.653623580932617,10.7374906539917,-5.916132926940918
scan9,36,3,large_disparity,2781,7.647350311279297,3.9368481636047363,-3.7105021476745605
scan9,36,3,occluded_any,1975,13.86298942565918,8.426109313964844,-5.436880111694336
scan9,36,3,occluded_majority,764,22.90113639831543,13.184656143188477,-9.716480255126953
scan9,36,3,large_disp_and_occluded,553,22.276384353637695,12.27933406829834,-9.997050285339355
scan9,36,3,boundary_and_occluded,1048,19.919109344482422,12.402389526367188,-7.516719818115234
scan9,37,3,full,12305,3.3883793354034424,2.1739437580108643,-1.2144355773925781
scan9,37,3,boundary,1231,16.455698013305664,10.88559341430664,-5.570104598999023
scan9,37,3,large_disparity,2461,7.069642066955566,2.4477858543395996,-4.621856212615967
scan9,37,3,occluded_any,2245,11.986706733703613,6.384943962097168,-5.601762771606445
scan9,37,3,occluded_majority,974,17.29305076599121,9.273463249206543,-8.019587516784668
scan9,37,3,large_disp_and_occluded,608,20.658920288085938,5.733931064605713,-14.924989223480225
scan9,37,3,boundary_and_occluded,815,21.12672996520996,13.153618812561035,-7.973111152648926
scan9,38,3,full,9091,4.719071865081787,4.423889636993408,-0.2951822280883789
scan9,38,3,boundary,910,20.419208526611328,18.37803840637207,-2.041170120239258
scan9,38,3,large_disparity,1819,4.573518753051758,5.366041660308838,0.7925229072570801
scan9,38,3,occluded_any,789,19.084264755249023,18.568212509155273,-0.51605224609375
scan9,38,3,occluded_majority,543,19.911205291748047,19.339282989501953,-0.5719223022460938
scan9,38,3,large_disp_and_occluded,148,11.075943946838379,9.859017372131348,-1.2169265747070312
scan9,38,3,boundary_and_occluded,414,24.323076248168945,22.604373931884766,-1.7187023162841797
scan9,39,3,full,11255,3.622642755508423,2.194781541824341,-1.427861213684082
scan9,39,3,boundary,1126,20.158716201782227,11.162995338439941,-8.995720863342285
scan9,39,3,large_disparity,2251,5.225588321685791,2.705941915512085,-2.519646406173706
scan9,39,3,occluded_any,1614,13.162672996520996,7.176493167877197,-5.986179828643799
scan9,39,3,occluded_majority,630,17.24349594116211,10.351359367370605,-6.892136573791504
scan9,39,3,large_disp_and_occluded,503,15.483792304992676,6.63262414932251,-8.851168155670166
scan9,39,3,boundary_and_occluded,725,23.614622116088867,12.62021541595459,-10.994406700134277
scan9,40,3,full,12403,2.607713460922241,2.227867364883423,-0.37984609603881836
scan9,40,3,boundary,1241,15.146413803100586,12.02061939239502,-3.1257944107055664
scan9,40,3,large_disparity,2481,6.916879177093506,5.484328746795654,-1.4325504302978516
scan9,40,3,occluded_any,1560,12.205678939819336,9.825526237487793,-2.380152702331543
scan9,40,3,occluded_majority,573,21.39734649658203,16.586681365966797,-4.810665130615234
scan9,40,3,large_disp_and_occluded,693,18.321945190429688,13.905110359191895,-4.416834831237793
scan9,40,3,boundary_and_occluded,938,17.429306030273438,13.86743450164795,-3.5618715286254883
scan9,41,3,full,13250,2.0415048599243164,1.493559718132019,-0.5479451417922974
scan9,41,3,boundary,1325,12.184995651245117,7.3382673263549805,-4.846728324890137
scan9,41,3,large_disparity,2650,5.749215602874756,3.582693576812744,-2.1665220260620117
scan9,41,3,occluded_any,1065,12.655817031860352,7.504728317260742,-5.151088714599609
scan9,41,3,occluded_majority,416,22.24727439880371,12.352534294128418,-9.894740104675293
scan9,41,3,large_disp_and_occluded,546,19.600406646728516,10.882355690002441,-8.718050956726074
scan9,41,3,boundary_and_occluded,650,18.878116607666016,10.799469947814941,-8.078646659851074
scan9,42,3,full,14465,1.7637834548950195,1.3433852195739746,-0.4203982353210449
scan9,42,3,boundary,1447,9.411447525024414,5.878597736358643,-3.5328497886657715
scan9,42,3,large_disparity,2893,4.726500034332275,2.899822473526001,-1.8266775608062744
scan9,42,3,occluded_any,885,13.909761428833008,8.036576271057129,-5.873185157775879
scan9,42,3,occluded_majority,427,21.698015213012695,11.808014869689941,-9.890000343322754
scan9,42,3,large_disp_and_occluded,459,21.374408721923828,11.001974105834961,-10.372434616088867
scan9,42,3,boundary_and_occluded,638,16.55825424194336,9.246540069580078,-7.311714172363281
scan9,43,3,full,15572,1.5873124599456787,1.1742851734161377,-0.413027286529541
scan9,43,3,boundary,1558,8.193511962890625,4.996782302856445,-3.1967296600341797
scan9,43,3,large_disparity,3115,3.524857759475708,2.2132551670074463,-1.3116025924682617
scan9,43,3,occluded_any,953,12.555916786193848,7.383926868438721,-5.171989917755127
scan9,43,3,occluded_majority,500,17.375425338745117,10.109481811523438,-7.26594352722168
scan9,43,3,large_disp_and_occluded,457,17.28968048095703,9.62071704864502,-7.668963432312012
scan9,43,3,boundary_and_occluded,649,15.41610336303711,8.963234901428223,-6.452868461608887
scan9,44,3,full,15969,1.6138852834701538,1.1322903633117676,-0.48159492015838623
scan9,44,3,boundary,1597,8.148704528808594,4.849472999572754,-3.29923152923584
scan9,44,3,large_disparity,3194,4.21774959564209,2.309788703918457,-1.9079608917236328
scan9,44,3,occluded_any,824,14.59642219543457,7.684701919555664,-6.911720275878906
scan9,44,3,occluded_majority,417,22.19709014892578,10.86007308959961,-11.337017059326172
scan9,44,3,large_disp_and_occluded,450,21.904802322387695,10.254535675048828,-11.650266647338867
scan9,44,3,boundary_and_occluded,606,16.56999397277832,9.022920608520508,-7.5470733642578125
scan9,45,3,full,15847,1.5248544216156006,1.208607792854309,-0.3162466287612915
scan9,45,3,boundary,1585,7.505395889282227,5.18535041809082,-2.3200454711914062
scan9,45,3,large_disparity,3170,3.3391807079315186,2.2926783561706543,-1.0465023517608643
scan9,45,3,occluded_any,806,13.971603393554688,8.518442153930664,-5.453161239624023
scan9,45,3,occluded_majority,339,22.90608787536621,13.681120872497559,-9.224967002868652
scan9,45,3,large_disp_and_occluded,317,22.833145141601562,12.53292465209961,-10.300220489501953
scan9,45,3,boundary_and_occluded,623,14.44135570526123,8.886531829833984,-5.554823875427246
scan9,46,3,full,15698,1.5002400875091553,1.2551389932632446,-0.24510109424591064
scan9,46,3,boundary,1570,7.955235481262207,5.814484119415283,-2.140751361846924
scan9,46,3,large_disparity,3140,2.4401097297668457,2.0721418857574463,-0.3679678440093994
scan9,46,3,occluded_any,1032,10.738457679748535,7.562072277069092,-3.1763854026794434
scan9,46,3,occluded_majority,427,17.006357192993164,11.9097261428833,-5.096631050109863
scan9,46,3,large_disp_and_occluded,290,14.021117210388184,11.30435848236084,-2.7167587280273438
scan9,46,3,boundary_and_occluded,811,12.335095405578613,8.563944816589355,-3.771150588989258
scan9,47,3,full,15228,1.6923948526382446,1.4343258142471313,-0.2580690383911133
scan9,47,3,boundary,1523,9.728554725646973,7.095128536224365,-2.6334261894226074
scan9,47,3,large_disparity,3046,2.1023242473602295,1.9409745931625366,-0.16134965419769287
scan9,47,3,occluded_any,1275,9.999900817871094,6.969698905944824,-3.0302019119262695
scan9,47,3,occluded_majority,555,15.311148643493652,10.835375785827637,-4.475772857666016
scan9,47,3,large_disp_and_occluded,408,8.671385765075684,7.509478569030762,-1.1619071960449219
scan9,47,3,boundary_and_occluded,854,13.723431587219238,9.483376502990723,-4.240055084228516
scan9,48,3,full,13968,1.709067940711975,1.6002163887023926,-0.10885155200958252
scan9,48,3,boundary,1397,9.206314086914062,8.308791160583496,-0.8975229263305664
scan9,48,3,large_disparity,2794,3.1038818359375,2.8975934982299805,-0.20628833770751953
scan9,48,3,occluded_any,850,9.49616813659668,8.85349178314209,-0.6426763534545898
scan9,48,3,occluded_majority,403,13.286227226257324,11.285988807678223,-2.0002384185791016
scan9,48,3,large_disp_and_occluded,362,12.856800079345703,11.457945823669434,-1.3988542556762695
scan9,48,3,boundary_and_occluded,639,11.872678756713867,11.10014533996582,-0.7725334167480469
scan10,0,3,full,19021,3.406181812286377,1.9738104343414307,-1.4323713779449463
scan10,0,3,boundary,1903,6.21850061416626,6.228023529052734,0.00952291488647461
scan10,0,3,large_disparity,3805,5.874951362609863,2.4844400882720947,-3.3905112743377686
scan10,0,3,occluded_any,94,8.06495475769043,8.981452941894531,0.9164981842041016
scan10,0,3,occluded_majority,67,5.110628604888916,6.578442096710205,1.467813491821289
scan10,0,3,large_disp_and_occluded,4,15.148483276367188,54.34284973144531,39.194366455078125
scan10,0,3,boundary_and_occluded,94,8.06495475769043,8.981452941894531,0.9164981842041016
scan10,1,3,full,20096,1.5345786809921265,1.7442877292633057,0.2097090482711792
scan10,1,3,boundary,2010,4.016355514526367,2.650019884109497,-1.3663356304168701
scan10,1,3,large_disparity,4020,3.136676788330078,3.245051622390747,0.10837483406066895
scan10,1,3,occluded_any,1165,6.662199020385742,4.750276565551758,-1.9119224548339844
scan10,1,3,occluded_majority,238,14.154568672180176,9.160687446594238,-4.9938812255859375
scan10,1,3,large_disp_and_occluded,227,17.547914505004883,9.702437400817871,-7.845477104187012
scan10,1,3,boundary_and_occluded,835,7.4247727394104,4.21549654006958,-3.2092761993408203
scan10,2,3,full,20208,2.729853868484497,2.3749709129333496,-0.35488295555114746
scan10,2,3,boundary,2021,15.121079444885254,4.841261386871338,-10.279818058013916
scan10,2,3,large_disparity,4042,8.205986976623535,6.998864650726318,-1.2071223258972168
scan10,2,3,occluded_any,373,15.517998695373535,12.724717140197754,-2.7932815551757812
scan10,2,3,occluded_majority,217,18.7105712890625,18.411638259887695,-0.2989330291748047
scan10,2,3,large_disp_and_occluded,132,21.92610740661621,27.705551147460938,5.779443740844727
scan10,2,3,boundary_and_occluded,274,14.087061882019043,15.302144050598145,1.2150821685791016
scan10,3,3,full,19410,1.3389225006103516,1.394546627998352,0.05562412738800049
scan10,3,3,boundary,1941,6.078244686126709,5.20045280456543,-0.8777918815612793
scan10,3,3,large_disparity,3882,1.9704155921936035,1.762791633605957,-0.20762395858764648
scan10,3,3,occluded_any,1918,5.184909343719482,3.620734214782715,-1.5641751289367676
scan10,3,3,occluded_majority,572,12.587307929992676,7.914936542510986,-4.6723713874816895
scan10,3,3,large_disp_and_occluded,556,5.994772434234619,3.3258073329925537,-2.6689651012420654
scan10,3,3,boundary_and_occluded,351,21.03940773010254,15.565418243408203,-5.473989486694336
scan10,4,3,full,16155,1.5492777824401855,1.5272414684295654,-0.022036314010620117
scan10,4,3,boundary,1616,5.951732635498047,5.928462982177734,-0.0232696533203125
scan10,4,3,large_disparity,3231,2.3017661571502686,3.1919775009155273,0.8902113437652588
scan10,4,3,occluded_any,622,8.344877243041992,9.838645935058594,1.4937686920166016
scan10,4,3,occluded_majority,120,3.3001179695129395,4.0654296875,0.7653117179870605
scan10,4,3,large_disp_and_occluded,392,9.218764305114746,11.74976921081543,2.5310049057006836
scan10,4,3,boundary_and_occluded,260,12.095966339111328,16.486270904541016,4.3903045654296875
scan10,5,3,full,16152,1.8521322011947632,1.52989661693573,-0.3222355842590332
scan10,5,3,boundary,1616,6.988513469696045,6.668570041656494,-0.3199434280395508
scan10,5,3,large_disparity,3231,4.600066184997559,2.729355812072754,-1.8707103729248047
scan10,5,3,occluded_any,286,9.56566333770752,10.104766845703125,0.5391035079956055
scan10,5,3,occluded_majority,177,8.178831100463867,8.467084884643555,0.2882537841796875
scan10,5,3,large_disp_and_occluded,62,1.244153380393982,1.9032602310180664,0.6591068506240845
scan10,5,3,boundary_and_occluded,228,10.096150398254395,10.345714569091797,0.24956417083740234
scan10,6,3,full,19119,2.740999698638916,2.6584837436676025,-0.08251595497131348
scan10,6,3,boundary,1912,8.453458786010742,7.828642845153809,-0.6248159408569336
scan10,6,3,large_disparity,3824,5.041025638580322,5.081755638122559,0.04072999954223633
scan10,6,3,occluded_any,2130,10.376708030700684,10.280173301696777,-0.09653472900390625
scan10,6,3,occluded_majority,1376,13.524806022644043,14.20492172241211,0.6801156997680664
scan10,6,3,large_disp_and_occluded,778,9.77743911743164,10.609453201293945,0.8320140838623047
scan10,6,3,boundary_and_occluded,329,38.403804779052734,32.895362854003906,-5.508441925048828
scan10,7,3,full,20031,2.8888590335845947,1.2690792083740234,-1.6197798252105713
scan10,7,3,boundary,2004,16.162700653076172,3.218352794647217,-12.944347858428955
scan10,7,3,large_disparity,4007,3.572340488433838,1.6962159872055054,-1.8761245012283325
scan10,7,3,occluded_any,1923,16.274503707885742,2.986328363418579,-13.288175344467163
scan10,7,3,occluded_majority,325,8.475199699401855,7.322590351104736,-1.1526093482971191
scan10,7,3,large_disp_and_occluded,561,8.732733726501465,5.077328681945801,-3.655405044555664
scan10,7,3,boundary_and_occluded,1272,23.72235870361328,3.9515373706817627,-19.77082133293152
scan10,8,3,full,19999,1.0271944999694824,0.9812372326850891,-0.04595726728439331
scan10,8,3,boundary,2000,2.258965253829956,1.6711558103561401,-0.5878094434738159
scan10,8,3,large_disparity,4000,1.5903161764144897,1.2629750967025757,-0.32734107971191406
scan10,8,3,occluded_any,521,3.448263168334961,3.196439027786255,-0.25182414054870605
scan10,8,3,occluded_majority,327,3.5923044681549072,3.489706516265869,-0.10259795188903809
scan10,8,3,large_disp_and_occluded,170,4.5344438552856445,3.2553365230560303,-1.2791073322296143
scan10,8,3,boundary_and_occluded,363,4.362989902496338,3.952143669128418,-0.4108462333679199
scan10,9,3,full,19677,1.2882448434829712,1.6643038988113403,0.37605905532836914
scan10,9,3,boundary,1968,2.1044278144836426,2.901078939437866,0.7966511249542236
scan10,9,3,large_disparity,3936,2.878570079803467,4.477585792541504,1.599015712738037
scan10,9,3,occluded_any,505,5.220767021179199,7.30791711807251,2.0871500968933105
scan10,9,3,occluded_majority,260,6.232478141784668,10.510537147521973,4.278059005737305
scan10,9,3,large_disp_and_occluded,178,6.662281513214111,13.276663780212402,6.614382266998291
scan10,9,3,boundary_and_occluded,397,5.738692283630371,8.308867454528809,2.5701751708984375
scan10,10,3,full,20027,2.765408754348755,5.906888008117676,3.141479253768921
scan10,10,3,boundary,2003,6.076961517333984,6.670963764190674,0.5940022468566895
scan10,10,3,large_disparity,4006,8.205269813537598,23.375579833984375,15.170310020446777
scan10,10,3,occluded_any,342,18.158323287963867,14.43494701385498,-3.7233762741088867
scan10,10,3,occluded_majority,189,12.786322593688965,14.859662055969238,2.0733394622802734
scan10,10,3,large_disp_and_occluded,82,48.776973724365234,37.83138656616211,-10.945587158203125
scan10,10,3,boundary_and_occluded,309,16.61160659790039,15.1477689743042,-1.4638376235961914
scan10,11,3,full,17641,6.567509651184082,3.405599594116211,-3.161910057067871
scan10,11,3,boundary,1765,40.99205780029297,21.072702407836914,-19.919355392456055
scan10,11,3,large_disparity,3529,23.024669647216797,9.718756675720215,-13.305912971496582
scan10,11,3,occluded_any,259,40.98128128051758,26.7325496673584,-14.24873161315918
scan10,11,3,occluded_majority,228,38.68159866333008,24.952247619628906,-13.729351043701172
scan10,11,3,large_disp_and_occluded,161,56.907649993896484,34.15507507324219,-22.752574920654297
scan10,11,3,boundary_and_occluded,239,43.40147018432617,28.032835006713867,-15.368635177612305
scan10,12,3,full,18974,2.5101304054260254,1.7531124353408813,-0.757017970085144
scan10,12,3,boundary,1898,11.581149101257324,8.338781356811523,-3.242367744445801
scan10,12,3,large_disparity,3795,6.826790809631348,2.881626844406128,-3.9451639652252197
scan10,12,3,occluded_any,1928,10.176413536071777,6.977471828460693,-3.198941707611084
scan10,12,3,occluded_majority,623,18.500286102294922,12.335501670837402,-6.1647844314575195
scan10,12,3,large_disp_and_occluded,668,16.255083084106445,5.230832576751709,-11.024250507354736
scan10,12,3,boundary_and_occluded,1050,14.273393630981445,11.359745025634766,-2.9136486053466797
scan10,13,3,full,18984,1.8363986015319824,2.7163968086242676,0.8799982070922852
scan10,13,3,boundary,1899,3.0485546588897705,3.603752613067627,0.5551979541778564
scan10,13,3,large_disparity,3797,5.851620197296143,10.211112976074219,4.359492778778076
scan10,13,3,occluded_any,531,6.792111873626709,8.222931861877441,1.4308199882507324
scan10,13,3,occluded_majority,333,7.601378440856934,9.596214294433594,1.9948358535766602
scan10,13,3,large_disp_and_occluded,195,10.950387954711914,15.729823112487793,4.779435157775879
scan10,13,3,boundary_and_occluded,416,7.246463298797607,8.942788124084473,1.6963248252868652
scan10,14,3,full,19083,0.9076120853424072,0.9138571619987488,0.006245076656341553
scan10,14,3,boundary,1909,1.331931710243225,1.617942214012146,0.2860105037689209
scan10,14,3,large_disparity,3817,1.3534550666809082,1.2220990657806396,-0.13135600090026855
scan10,14,3,occluded_any,528,2.374910354614258,3.118428945541382,0.743518590927124
scan10,14,3,occluded_majority,383,2.5317142009735107,3.5969784259796143,1.0652642250061035
scan10,14,3,large_disp_and_occluded,231,2.3995676040649414,2.5897018909454346,0.19013428688049316
scan10,14,3,boundary_and_occluded,450,2.4677326679229736,3.294991970062256,0.8272593021392822
scan10,15,3,full,19673,0.9253057837486267,0.8253703117370605,-0.09993547201156616
scan10,15,3,boundary,1968,1.5605913400650024,1.6886755228042603,0.1280841827392578
scan10,15,3,large_disparity,3935,1.9196481704711914,1.3622225522994995,-0.5574256181716919
scan10,15,3,occluded_any,594,2.693364381790161,2.7790515422821045,0.08568716049194336
scan10,15,3,occluded_majority,406,2.8265511989593506,3.012566089630127,0.18601489067077637
scan10,15,3,large_disp_and_occluded,223,3.1253774166107178,3.2485129833221436,0.12313556671142578
scan10,15,3,boundary_and_occluded,451,3.016721248626709,3.221580982208252,0.20485973358154297
scan10,16,3,full,19594,2.291626453399658,0.8846953511238098,-1.4069311022758484
scan10,16,3,boundary,1960,5.069892406463623,2.1434884071350098,-2.9264039993286133
scan10,16,3,large_disparity,3919,8.261286735534668,1.6677054166793823,-6.593581318855286
scan10,16,3,occluded_any,1075,8.279176712036133,2.8497841358184814,-5.429392576217651
scan10,16,3,occluded_majority,355,15.933027267456055,4.165701866149902,-11.767325401306152
scan10,16,3,large_disp_and_occluded,326,20.051712036132812,4.270040512084961,-15.781671524047852
scan10,16,3,boundary_and_occluded,836,7.746830940246582,3.080697536468506,-4.666133403778076
scan10,17,3,full,19259,6.422530174255371,2.055478096008301,-4.36705207824707
scan10,17,3,boundary,1926,48.979393005371094,8.670035362243652,-40.30935764312744
scan10,17,3,large_disparity,3852,26.053165435791016,4.14998722076416,-21.903178215026855
scan10,17,3,occluded_any,2334,20.392906188964844,7.171480178833008,-13.221426010131836
scan10,17,3,occluded_majority,780,22.483142852783203,14.634322166442871,-7.848820686340332
scan10,17,3,large_disp_and_occluded,988,37.291961669921875,7.277422904968262,-30.014538764953613
scan10,17,3,boundary_and_occluded,839,48.508548736572266,14.64554500579834,-33.863003730773926
scan10,18,3,full,17242,9.012629508972168,2.4309325218200684,-6.5816969871521
scan10,18,3,boundary,1725,66.83335876464844,13.967262268066406,-52.86609649658203
scan10,18,3,large_disparity,3449,38.60538864135742,6.916772842407227,-31.688615798950195
scan10,18,3,occluded_any,1848,31.386606216430664,11.225932121276855,-20.16067409515381
scan10,18,3,occluded_majority,180,59.610469818115234,27.94641876220703,-31.664051055908203
scan10,18,3,large_disp_and_occluded,1235,42.437435150146484,12.111019134521484,-30.326416015625
scan10,18,3,boundary_and_occluded,688,66.66873931884766,23.242956161499023,-43.42578315734863
scan10,19,3,full,13579,9.441991806030273,3.450585126876831,-5.991406679153442
scan10,19,3,boundary,1358,57.775325775146484,24.690494537353516,-33.08483123779297
scan10,19,3,large_disparity,2716,40.3088264465332,11.012618064880371,-29.296208381652832
scan10,19,3,occluded_any,368,34.35044479370117,20.850696563720703,-13.499748229980469
scan10,19,3,occluded_majority,300,27.267663955688477,14.368969917297363,-12.898694038391113
scan10,19,3,large_disp_and_occluded,275,37.529563903808594,17.456560134887695,-20.0730037689209
scan10,19,3,boundary_and_occluded,355,35.310855865478516,21.292285919189453,-14.018569946289062
scan10,20,3,full,16023,9.60113525390625,2.9356603622436523,-6.665474891662598
scan10,20,3,boundary,1603,47.79971694946289,18.62318229675293,-29.17653465270996
scan10,20,3,large_disparity,3205,42.66347885131836,8.896526336669922,-33.76695251464844
scan10,20,3,occluded_any,1436,36.69548797607422,15.58359432220459,-21.11189365386963
scan10,20,3,occluded_majority,776,32.66704177856445,21.070608139038086,-11.596433639526367
scan10,20,3,large_disp_and_occluded,734,62.96847915649414,21.871000289916992,-41.09747886657715
scan10,20,3,boundary_and_occluded,716,50.071529388427734,27.24021339416504,-22.831315994262695
scan10,21,3,full,17736,7.007190227508545,2.6917569637298584,-4.3154332637786865
scan10,21,3,boundary,1774,17.125446319580078,13.425301551818848,-3.7001447677612305
scan10,21,3,large_disparity,3548,28.118511199951172,5.428043842315674,-22.690467357635498
scan10,21,3,occluded_any,2334,23.022233963012695,11.421706199645996,-11.6005277633667
scan10,21,3,occluded_majority,803,26.982662200927734,16.560726165771484,-10.42193603515625
scan10,21,3,large_disp_and_occluded,1033,37.60853958129883,10.326436042785645,-27.282103538513184
scan10,21,3,boundary_and_occluded,1225,22.172121047973633,17.9158935546875,-4.256227493286133
scan10,22,3,full,18177,2.3132731914520264,1.1427662372589111,-1.1705069541931152
scan10,22,3,boundary,1818,4.593317985534668,2.4161217212677,-2.1771962642669678
scan10,22,3,large_disparity,3636,9.050455093383789,2.6732044219970703,-6.377250671386719
scan10,22,3,occluded_any,723,7.473827362060547,4.228416919708252,-3.245410442352295
scan10,22,3,occluded_majority,503,9.308788299560547,5.007098197937012,-4.301690101623535
scan10,22,3,large_disp_and_occluded,531,9.272475242614746,4.14113712310791,-5.131338119506836
scan10,22,3,boundary_and_occluded,561,8.745376586914062,4.239504337310791,-4.5058722496032715
scan10,23,3,full,18378,0.9918209314346313,0.8853207230567932,-0.10650020837783813
scan10,23,3,boundary,1838,1.9809377193450928,1.4849860668182373,-0.49595165252685547
scan10,23,3,large_disparity,3676,2.111612558364868,1.6146563291549683,-0.4969562292098999
scan10,23,3,occluded_any,829,2.464508295059204,1.921858549118042,-0.5426497459411621
scan10,23,3,occluded_majority,579,2.7512948513031006,2.2165334224700928,-0.5347614288330078
scan10,23,3,large_disp_and_occluded,501,2.9588654041290283,2.028707981109619,-0.9301574230194092
scan10,23,3,boundary_and_occluded,657,2.655888319015503,2.054075002670288,-0.6018133163452148
scan10,24,3,full,18097,0.8614043593406677,0.7254995703697205,-0.13590478897094727
scan10,24,3,boundary,1810,2.8590259552001953,1.2496471405029297,-1.6093788146972656
scan10,24,3,large_disparity,3620,1.898603916168213,1.1341265439987183,-0.7644773721694946
scan10,24,3,occluded_any,754,3.003286600112915,1.478940486907959,-1.524346113204956
scan10,24,3,occluded_majority,505,3.2813477516174316,1.5807116031646729,-1.7006361484527588
scan10,24,3,large_disp_and_occluded,442,4.10869026184082,1.5121210813522339,-2.5965691804885864
scan10,24,3,boundary_and_occluded,685,3.1426963806152344,1.5056278705596924,-1.637068510055542
scan10,25,3,full,17396,1.2279841899871826,1.2988767623901367,0.0708925724029541
scan10,25,3,boundary,1740,2.475714921951294,2.0192220211029053,-0.45649290084838867
scan10,25,3,large_disparity,3480,3.6876471042633057,4.041285514831543,0.3536384105682373
scan10,25,3,occluded_any,633,3.773463249206543,3.295701026916504,-0.47776222229003906
scan10,25,3,occluded_majority,410,4.485201358795166,3.9264330863952637,-0.5587682723999023
scan10,25,3,large_disp_and_occluded,397,4.696489334106445,3.6784229278564453,-1.01806640625
scan10,25,3,boundary_and_occluded,583,3.9386067390441895,3.3292808532714844,-0.6093258857727051
scan10,26,3,full,16924,5.579216003417969,3.9790377616882324,-1.6001782417297363
scan10,26,3,boundary,1693,8.193238258361816,6.061955451965332,-2.1312828063964844
scan10,26,3,large_disparity,3385,21.010522842407227,13.174927711486816,-7.83559513092041
scan10,26,3,occluded_any,1128,13.372662544250488,10.261308670043945,-3.111353874206543
scan10,26,3,occluded_majority,398,17.59479331970215,13.264472961425781,-4.330320358276367
scan10,26,3,large_disp_and_occluded,485,21.94204330444336,16.703304290771484,-5.238739013671875
scan10,26,3,boundary_and_occluded,910,11.772501945495605,8.845693588256836,-2.9268083572387695
scan10,27,3,full,16180,4.528591156005859,3.575119972229004,-0.9534711837768555
scan10,27,3,boundary,1618,22.40311622619629,20.33200454711914,-2.0711116790771484
scan10,27,3,large_disparity,3236,15.696907043457031,10.849527359008789,-4.847379684448242
scan10,27,3,occluded_any,1200,25.525550842285156,18.61779022216797,-6.9077606201171875
scan10,27,3,occluded_majority,332,39.19786834716797,30.652301788330078,-8.54556655883789
scan10,27,3,large_disp_and_occluded,607,34.67885208129883,23.7755184173584,-10.90333366394043
scan10,27,3,boundary_and_occluded,536,41.295677185058594,34.28483963012695,-7.010837554931641
scan10,28,3,full,11923,2.902885675430298,2.073253631591797,-0.829632043838501
scan10,28,3,boundary,1193,14.772625923156738,9.604963302612305,-5.167662620544434
scan10,28,3,large_disparity,2385,9.281492233276367,5.632503032684326,-3.648989200592041
scan10,28,3,occluded_any,332,22.302885055541992,11.07359504699707,-11.229290008544922
scan10,28,3,occluded_majority,175,21.991212844848633,7.352661609649658,-14.638551235198975
scan10,28,3,large_disp_and_occluded,255,19.40477752685547,6.771378040313721,-12.633399486541748
scan10,28,3,boundary_and_occluded,310,21.95821762084961,10.418615341186523,-11.539602279663086
scan10,29,3,full,12796,2.8565218448638916,1.9117588996887207,-0.9447629451751709
scan10,29,3,boundary,1280,13.982305526733398,9.57829475402832,-4.404010772705078
scan10,29,3,large_disparity,2560,9.454219818115234,4.260176658630371,-5.194043159484863
scan10,29,3,occluded_any,1418,17.10172462463379,9.229138374328613,-7.872586250305176
scan10,29,3,occluded_majority,280,40.53364181518555,24.226633071899414,-16.307008743286133
scan10,29,3,large_disp_and_occluded,1019,17.0810489654541,6.920318603515625,-10.160730361938477
scan10,29,3,boundary_and_occluded,466,33.38951873779297,21.119413375854492,-12.270105361938477
scan10,30,3,full,13541,1.6541415452957153,1.023193597793579,-0.6309479475021362
scan10,30,3,boundary,1355,6.95451545715332,3.3827335834503174,-3.571781873703003
scan10,30,3,large_disparity,2709,4.2615814208984375,2.481724739074707,-1.7798566818237305
scan10,30,3,occluded_any,1138,6.960819721221924,3.329399824142456,-3.6314198970794678
scan10,30,3,occluded_majority,344,10.400386810302734,5.424856662750244,-4.97553014755249
scan10,30,3,large_disp_and_occluded,478,8.511297225952148,3.7871859073638916,-4.724111318588257
scan10,30,3,boundary_and_occluded,845,8.506300926208496,3.932448387145996,-4.5738525390625
scan10,31,3,full,14128,0.8465290069580078,0.814886748790741,-0.031642258167266846
scan10,31,3,boundary,1413,2.497796058654785,2.3244409561157227,-0.1733551025390625
scan10,31,3,large_disparity,2826,2.191702365875244,2.115999698638916,-0.07570266723632812
scan10,31,3,occluded_any,562,3.4636569023132324,3.1931400299072266,-0.27051687240600586
scan10,31,3,occluded_majority,317,4.106560707092285,3.7657413482666016,-0.3408193588256836
scan10,31,3,large_disp_and_occluded,461,3.856614351272583,3.438668727874756,-0.41794562339782715
scan10,31,3,boundary_and_occluded,514,3.6086997985839844,3.297893762588501,-0.3108060359954834
scan10,32,3,full,14762,0.7145383954048157,0.6268616318702698,-0.0876767635345459
scan10,32,3,boundary,1477,1.7591863870620728,1.5842797756195068,-0.17490661144256592
scan10,32,3,large_disparity,2953,1.8274447917938232,1.481026291847229,-0.34641849994659424
scan10,32,3,occluded_any,637,1.722457766532898,1.6174596548080444,-0.10499811172485352
scan10,32,3,occluded_majority,393,1.750159502029419,1.6470237970352173,-0.10313570499420166
scan10,32,3,large_disp_and_occluded,471,2.0061442852020264,1.8792834281921387,-0.1268608570098877
scan10,32,3,boundary_and_occluded,560,1.8114814758300781,1.6875851154327393,-0.12389636039733887
scan10,33,3,full,15285,0.8432541489601135,0.8508715033531189,0.007617354393005371
scan10,33,3,boundary,1529,2.1702523231506348,1.7441792488098145,-0.4260730743408203
scan10,33,3,large_disparity,3057,2.0955326557159424,2.278862714767456,0.18333005905151367
scan10,33,3,occluded_any,736,2.0566186904907227,1.7801016569137573,-0.27651703357696533
scan10,33,3,occluded_majority,475,2.247833728790283,1.9890618324279785,-0.2587718963623047
scan10,33,3,large_disp_and_occluded,499,2.635798931121826,2.042726755142212,-0.5930721759796143
scan10,33,3,boundary_and_occluded,592,2.289252519607544,1.9667155742645264,-0.3225369453430176
scan10,34,3,full,14818,1.6757371425628662,1.1393629312515259,-0.5363742113113403
scan10,34,3,boundary,1482,4.506877899169922,3.2896018028259277,-1.2172760963439941
scan10,34,3,large_disparity,2964,5.772362232208252,3.07624888420105,-2.696113348007202
scan10,34,3,occluded_any,658,6.266635894775391,4.249544143676758,-2.017091751098633
scan10,34,3,occluded_majority,427,6.7629170417785645,5.10630989074707,-1.6566071510314941
scan10,34,3,large_disp_and_occluded,541,7.267535209655762,4.837955474853516,-2.429579734802246
scan10,34,3,boundary_and_occluded,526,7.023650646209717,4.395957946777344,-2.627692699432373
scan10,35,3,full,14328,4.24592924118042,1.2966415882110596,-2.9492876529693604
scan10,35,3,boundary,1433,8.631662368774414,4.0870208740234375,-4.544641494750977
scan10,35,3,large_disparity,2866,18.056076049804688,3.519923210144043,-14.536152839660645
scan10,35,3,occluded_any,892,11.613362312316895,5.4239301681518555,-6.189432144165039
scan10,35,3,occluded_majority,342,19.52499008178711,7.740175724029541,-11.784814357757568
scan10,35,3,large_disp_and_occluded,529,18.136655807495117,7.201629638671875,-10.935026168823242
scan10,35,3,boundary_and_occluded,712,11.81338882446289,5.5976948738098145,-6.215693950653076
scan10,36,3,full,13554,9.334320068359375,3.313105821609497,-6.021214246749878
scan10,36,3,boundary,1356,26.516592025756836,17.35049819946289,-9.166093826293945
scan10,36,3,large_disparity,2711,38.6589241027832,10.288786888122559,-28.370137214660645
scan10,36,3,occluded_any,1906,38.5333366394043,15.954322814941406,-22.57901382446289
scan10,36,3,occluded_majority,271,49.19197082519531,39.290645599365234,-9.901325225830078
scan10,36,3,large_disp_and_occluded,1146,51.283634185791016,18.172155380249023,-33.11147880554199
scan10,36,3,boundary_and_occluded,654,48.84473419189453,32.781150817871094,-16.063583374023438
scan10,37,3,full,11977,9.031135559082031,3.5464701652526855,-5.484665393829346
scan10,37,3,boundary,1198,21.893312454223633,18.005510330200195,-3.8878021240234375
scan10,37,3,large_disparity,2396,39.42776107788086,13.236889839172363,-26.190871238708496
scan10,37,3,occluded_any,1352,43.882442474365234,19.861576080322266,-24.02086639404297
scan10,37,3,occluded_majority,239,46.552940368652344,34.666908264160156,-11.886032104492188
scan10,37,3,large_disp_and_occluded,1144,48.61273193359375,21.107690811157227,-27.505041122436523
scan10,37,3,boundary_and_occluded,480,43.618587493896484,36.698001861572266,-6.920585632324219
scan10,38,3,full,8149,12.87801456451416,8.576265335083008,-4.301749229431152
scan10,38,3,boundary,815,61.512786865234375,54.373313903808594,-7.139472961425781
scan10,38,3,large_disparity,1630,47.02665710449219,32.71208190917969,-14.3145751953125
scan10,38,3,occluded_any,130,123.47206115722656,111.2905044555664,-12.181556701660156
scan10,38,3,occluded_majority,74,139.598876953125,131.35662841796875,-8.24224853515625
scan10,38,3,large_disp_and_occluded,100,148.5581512451172,137.7759552001953,-10.782196044921875
scan10,38,3,boundary_and_occluded,97,143.73406982421875,131.23838806152344,-12.495681762695312
scan10,39,3,full,8929,11.779190063476562,6.564355373382568,-5.214834690093994
scan10,39,3,boundary,893,54.654666900634766,44.05065155029297,-10.604015350341797
scan10,39,3,large_disparity,1786,50.08976364135742,26.162975311279297,-23.926788330078125
scan10,39,3,occluded_any,1024,57.390174865722656,32.13435745239258,-25.255817413330078
scan10,39,3,occluded_majority,345,82.72712707519531,62.385528564453125,-20.341598510742188
scan10,39,3,large_disp_and_occluded,920,61.981910705566406,34.43162536621094,-27.55028533935547
scan10,39,3,boundary_and_occluded,235,116.51624298095703,97.75331115722656,-18.76293182373047
scan10,40,3,full,9733,15.535894393920898,9.693443298339844,-5.842451095581055
scan10,40,3,boundary,974,94.01468658447266,74.96533203125,-19.049354553222656
scan10,40,3,large_disparity,1947,58.04800033569336,32.23923873901367,-25.808761596679688
scan10,40,3,occluded_any,1377,62.26909637451172,47.258148193359375,-15.010948181152344
scan10,40,3,occluded_majority,257,139.3011474609375,128.630126953125,-10.6710205078125
scan10,40,3,large_disp_and_occluded,778,81.36454772949219,54.32806396484375,-27.036483764648438
scan10,40,3,boundary_and_occluded,673,96.38566589355469,87.67980194091797,-8.705863952636719
scan10,41,3,full,10597,3.9170520305633545,3.6431691646575928,-0.2738828659057617
scan10,41,3,boundary,1060,15.850350379943848,26.052669525146484,10.202319145202637
scan10,41,3,large_disparity,2120,16.475648880004883,15.007049560546875,-1.4685993194580078
scan10,41,3,occluded_any,398,23.196500778198242,36.77591323852539,13.579412460327148
scan10,41,3,occluded_majority,208,36.28685760498047,48.69593048095703,12.409072875976562
scan10,41,3,large_disp_and_occluded,370,24.821977615356445,39.42304611206055,14.601068496704102
scan10,41,3,boundary_and_occluded,269,31.305864334106445,47.18953323364258,15.883668899536133
scan10,42,3,full,11402,1.9411262273788452,3.1788947582244873,1.237768530845642
scan10,42,3,boundary,1141,12.257046699523926,25.999780654907227,13.7427339553833
scan10,42,3,large_disparity,2281,7.000471115112305,13.615333557128906,6.614862442016602
scan10,42,3,occluded_any,407,6.92427921295166,29.673580169677734,22.749300956726074
scan10,42,3,occluded_majority,273,7.254088878631592,23.677032470703125,16.422943592071533
scan10,42,3,large_disp_and_occluded,377,7.402551174163818,31.976221084594727,24.573669910430908
scan10,42,3,boundary_and_occluded,289,8.523463249206543,40.80727005004883,32.283806800842285
scan10,43,3,full,12263,1.3684455156326294,2.2024435997009277,0.8339980840682983
scan10,43,3,boundary,1227,7.776046276092529,16.546329498291016,8.770283222198486
scan10,43,3,large_disparity,2453,3.783426523208618,8.04279613494873,4.259369611740112
scan10,43,3,occluded_any,446,7.605650424957275,13.153939247131348,5.548288822174072
scan10,43,3,occluded_majority,334,6.979446887969971,11.233758926391602,4.254312038421631
scan10,43,3,large_disp_and_occluded,271,11.971994400024414,21.144535064697266,9.172540664672852
scan10,43,3,boundary_and_occluded,329,9.68211841583252,17.23375129699707,7.551632881164551
scan10,44,3,full,11820,1.2944765090942383,1.839990258216858,0.5455137491226196
scan10,44,3,boundary,1182,7.720256805419922,13.094351768493652,5.3740949630737305
scan10,44,3,large_disparity,2364,3.933680534362793,6.744854927062988,2.8111743927001953
scan10,44,3,occluded_any,383,7.609413146972656,14.480354309082031,6.870941162109375
scan10,44,3,occluded_majority,272,7.180818557739258,13.477848052978516,6.297029495239258
scan10,44,3,large_disp_and_occluded,231,12.12134075164795,23.544204711914062,11.422863960266113
scan10,44,3,boundary_and_occluded,321,8.826480865478516,17.03205108642578,8.205570220947266
scan10,45,3,full,10984,1.232553482055664,1.5903860330581665,0.35783255100250244
scan10,45,3,boundary,1099,5.5517988204956055,8.297303199768066,2.745504379272461
scan10,45,3,large_disparity,2197,3.752561092376709,5.646459579467773,1.8938984870910645
scan10,45,3,occluded_any,333,7.1155853271484375,9.14987564086914,2.034290313720703
scan10,45,3,occluded_majority,215,8.409065246582031,10.252655982971191,1.8435907363891602
scan10,45,3,large_disp_and_occluded,321,7.3481316566467285,9.461153984069824,2.1130223274230957
scan10,45,3,boundary_and_occluded,299,7.674457550048828,10.069619178771973,2.3951616287231445
scan10,46,3,full,10296,2.3293066024780273,2.0729432106018066,-0.2563633918762207
scan10,46,3,boundary,1030,13.354248046875,10.94321346282959,-2.41103458404541
scan10,46,3,large_disparity,2060,8.889056205749512,7.51631498336792,-1.3727412223815918
scan10,46,3,occluded_any,549,9.142911911010742,9.272941589355469,0.13002967834472656
scan10,46,3,occluded_majority,215,15.62957763671875,15.576069831848145,-0.05350780487060547
scan10,46,3,large_disp_and_occluded,462,10.576813697814941,10.667694091796875,0.0908803939819336
scan10,46,3,boundary_and_occluded,285,14.460563659667969,15.770257949829102,1.3096942901611328
scan10,47,3,full,9532,3.717902183532715,2.990847587585449,-0.7270545959472656
scan10,47,3,boundary,954,25.658119201660156,18.014263153076172,-7.643856048583984
scan10,47,3,large_disparity,1907,11.975204467773438,9.033714294433594,-2.9414901733398438
scan10,47,3,occluded_any,911,22.560291290283203,18.878116607666016,-3.6821746826171875
scan10,47,3,occluded_majority,272,42.8876953125,33.988258361816406,-8.899436950683594
scan10,47,3,large_disp_and_occluded,654,20.87705421447754,15.833858489990234,-5.043195724487305
scan10,47,3,boundary_and_occluded,488,37.68635559082031,30.268238067626953,-7.418117523193359
scan10,48,3,full,9216,5.599691867828369,4.351503372192383,-1.2481884956359863
scan10,48,3,boundary,922,39.877845764160156,27.532499313354492,-12.345346450805664
scan10,48,3,large_disparity,1844,23.219402313232422,17.500690460205078,-5.718711853027344
scan10,48,3,occluded_any,347,58.08351135253906,48.567848205566406,-9.515663146972656
scan10,48,3,occluded_majority,126,63.21092224121094,34.76148223876953,-28.449440002441406
scan10,48,3,large_disp_and_occluded,332,58.552032470703125,49.196990966796875,-9.35504150390625
scan10,48,3,boundary_and_occluded,201,86.9425048828125,70.67361450195312,-16.268890380859375
scan11,0,3,full,17554,14.865446090698242,10.557780265808105,-4.307665824890137
scan11,0,3,boundary,1756,12.850018501281738,12.012258529663086,-0.8377599716186523
scan11,0,3,large_disparity,3511,59.89978790283203,37.625221252441406,-22.274566650390625
scan11,0,3,occluded_any,1253,57.78718566894531,32.1227912902832,-25.66439437866211
scan11,0,3,occluded_majority,880,60.17025375366211,30.994606018066406,-29.175647735595703
scan11,0,3,large_disp_and_occluded,650,87.13033294677734,35.3322868347168,-51.79804611206055
scan11,0,3,boundary_and_occluded,531,17.574996948242188,17.72567367553711,0.15067672729492188
scan11,1,3,full,18038,12.896014213562012,11.772319793701172,-1.1236944198608398
scan11,1,3,boundary,1804,9.748377799987793,9.75866413116455,0.010286331176757812
scan11,1,3,large_disparity,3608,57.08689498901367,50.35060119628906,-6.736293792724609
scan11,1,3,occluded_any,1365,20.973230361938477,23.404953002929688,2.431722640991211
scan11,1,3,occluded_majority,603,24.95819664001465,24.334800720214844,-0.6233959197998047
scan11,1,3,large_disp_and_occluded,521,42.27261734008789,46.61378479003906,4.341167449951172
scan11,1,3,boundary_and_occluded,775,15.239755630493164,15.492328643798828,0.25257301330566406
scan11,2,3,full,17872,3.043684244155884,3.935472011566162,0.8917877674102783
scan11,2,3,boundary,1788,8.031173706054688,9.659297943115234,1.6281242370605469
scan11,2,3,large_disparity,3575,7.396834373474121,10.268617630004883,2.8717832565307617
scan11,2,3,occluded_any,873,13.59876823425293,17.407411575317383,3.808643341064453
scan11,2,3,occluded_majority,559,11.985929489135742,17.464252471923828,5.478322982788086
scan11,2,3,large_disp_and_occluded,415,16.70496940612793,21.536718368530273,4.831748962402344
scan11,2,3,boundary_and_occluded,623,12.124444007873535,16.23480224609375,4.110358238220215
scan11,3,3,full,17359,7.78115177154541,7.271215438842773,-0.5099363327026367
scan11,3,3,boundary,1736,11.151595115661621,11.132434844970703,-0.01916027069091797
scan11,3,3,large_disparity,3472,15.940197944641113,15.679305076599121,-0.2608928680419922
scan11,3,3,occluded_any,2579,10.93189525604248,10.510782241821289,-0.4211130142211914
scan11,3,3,occluded_majority,522,15.514936447143555,15.209060668945312,-0.3058757781982422
scan11,3,3,large_disp_and_occluded,560,5.310444355010986,6.7145161628723145,1.4040718078613281
scan11,3,3,boundary_and_occluded,1187,12.300134658813477,11.320109367370605,-0.9800252914428711
scan11,4,3,full,15428,18.620359420776367,32.034332275390625,13.413972854614258
scan11,4,3,boundary,1543,18.381000518798828,41.53120422363281,23.150203704833984
scan11,4,3,large_disparity,3086,47.15348434448242,45.65471267700195,-1.4987716674804688
scan11,4,3,occluded_any,777,33.1261100769043,80.63333892822266,47.50722885131836
scan11,4,3,occluded_majority,390,32.39010238647461,82.05093383789062,49.660831451416016
scan11,4,3,large_disp_and_occluded,160,33.32310485839844,46.09337615966797,12.770271301269531
scan11,4,3,boundary_and_occluded,394,33.24990463256836,41.963077545166016,8.713172912597656
scan11,5,3,full,15038,11.818767547607422,18.0140323638916,6.19526481628418
scan11,5,3,boundary,1504,16.982940673828125,21.571897506713867,4.588956832885742
scan11,5,3,large_disparity,3008,11.532930374145508,10.921669960021973,-0.6112604141235352
scan11,5,3,occluded_any,1345,23.152305603027344,41.56937789916992,18.417072296142578
scan11,5,3,occluded_majority,371,32.388702392578125,45.072601318359375,12.68389892578125
scan11,5,3,large_disp_and_occluded,213,18.492721557617188,12.287785530090332,-6.2049360275268555
scan11,5,3,boundary_and_occluded,908,19.277324676513672,23.035402297973633,3.758077621459961
scan11,6,3,full,16518,9.72501277923584,9.443730354309082,-0.2812824249267578
scan11,6,3,boundary,1652,13.221521377563477,11.390595436096191,-1.8309259414672852
scan11,6,3,large_disparity,3304,27.550899505615234,23.622529983520508,-3.9283695220947266
scan11,6,3,occluded_any,1901,18.847902297973633,17.48047637939453,-1.3674259185791016
scan11,6,3,occluded_majority,640,19.629186630249023,14.508636474609375,-5.120550155639648
scan11,6,3,large_disp_and_occluded,495,19.992860794067383,14.935154914855957,-5.057705879211426
scan11,6,3,boundary_and_occluded,812,20.258642196655273,16.561725616455078,-3.6969165802001953
scan11,7,3,full,17301,5.983565330505371,6.9991536140441895,1.0155882835388184
scan11,7,3,boundary,1731,9.786433219909668,8.461462020874023,-1.3249711990356445
scan11,7,3,large_disparity,3461,18.365076065063477,23.710338592529297,5.34526252746582
scan11,7,3,occluded_any,1257,22.137950897216797,17.200410842895508,-4.937540054321289
scan11,7,3,occluded_majority,444,28.382038116455078,17.357402801513672,-11.024635314941406
scan11,7,3,large_disp_and_occluded,457,39.15980529785156,28.224699020385742,-10.93510627746582
scan11,7,3,boundary_and_occluded,750,16.154420852661133,12.11697769165039,-4.037443161010742
scan11,8,3,full,17176,3.367574453353882,3.1904377937316895,-0.17713665962219238
scan11,8,3,boundary,1718,9.403857231140137,7.759170055389404,-1.6446871757507324
scan11,8,3,large_disparity,3436,9.3682861328125,9.733210563659668,0.36492443084716797
scan11,8,3,occluded_any,1368,11.852438926696777,10.377822875976562,-1.4746160507202148
scan11,8,3,occluded_majority,593,17.666015625,13.35066032409668,-4.31535530090332
scan11,8,3,large_disp_and_occluded,521,18.18460464477539,18.974790573120117,0.7901859283447266
scan11,8,3,boundary_and_occluded,866,13.341575622558594,10.483125686645508,-2.858449935913086
scan11,9,3,full,17758,7.321597099304199,7.48568868637085,0.1640915870666504
scan11,9,3,boundary,1776,10.604521751403809,9.856459617614746,-0.7480621337890625
scan11,9,3,large_disparity,3552,31.3443660736084,31.545238494873047,0.20087242126464844
scan11,9,3,occluded_any,1028,22.064332962036133,24.073169708251953,2.0088367462158203
scan11,9,3,occluded_majority,558,27.29313850402832,24.899581909179688,-2.393556594848633
scan11,9,3,large_disp_and_occluded,528,38.04451370239258,41.288917541503906,3.244403839111328
scan11,9,3,boundary_and_occluded,713,16.357969284057617,15.292149543762207,-1.0658197402954102
scan11,10,3,full,18150,13.353751182556152,10.83592414855957,-2.517827033996582
scan11,10,3,boundary,1815,12.634771347045898,8.712589263916016,-3.922182083129883
scan11,10,3,large_disparity,3630,59.97863006591797,47.86216354370117,-12.116466522216797
scan11,10,3,occluded_any,1534,28.80392837524414,22.648801803588867,-6.155126571655273
scan11,10,3,occluded_majority,889,38.89762496948242,28.548171997070312,-10.34945297241211
scan11,10,3,large_disp_and_occluded,583,60.988033294677734,49.469486236572266,-11.518547058105469
scan11,10,3,boundary_and_occluded,1019,16.683839797973633,10.438673973083496,-6.245165824890137
scan11,11,3,full,16877,8.0838041305542,8.844735145568848,0.7609310150146484
scan11,11,3,boundary,1688,12.249146461486816,15.667242050170898,3.418095588684082
scan11,11,3,large_disparity,3376,22.581491470336914,31.058130264282227,8.476638793945312
scan11,11,3,occluded_any,1542,46.37709426879883,47.15376663208008,0.77667236328125
scan11,11,3,occluded_majority,842,38.998138427734375,44.326820373535156,5.328681945800781
scan11,11,3,large_disp_and_occluded,823,51.01795959472656,69.09996795654297,18.082008361816406
scan11,11,3,boundary_and_occluded,690,16.267635345458984,22.71341896057129,6.445783615112305
scan11,12,3,full,17757,6.692506790161133,8.905695915222168,2.213189125061035
scan11,12,3,boundary,1776,11.325933456420898,13.631180763244629,2.3052473068237305
scan11,12,3,large_disparity,3552,28.243854522705078,39.5001220703125,11.256267547607422
scan11,12,3,occluded_any,1950,20.514179229736328,24.77637481689453,4.262195587158203
scan11,12,3,occluded_majority,1017,19.35176658630371,22.39325714111328,3.0414905548095703
scan11,12,3,large_disp_and_occluded,760,46.894100189208984,58.459815979003906,11.565715789794922
scan11,12,3,boundary_and_occluded,1151,12.819378852844238,15.036136627197266,2.2167577743530273
scan11,13,3,full,17560,6.055759429931641,5.67107629776001,-0.38468313217163086
scan11,13,3,boundary,1756,10.571202278137207,10.024520874023438,-0.5466814041137695
scan11,13,3,large_disparity,3512,25.348690032958984,23.3609676361084,-1.987722396850586
scan11,13,3,occluded_any,1252,31.531442642211914,31.402835845947266,-0.12860679626464844
scan11,13,3,occluded_majority,629,35.47483444213867,32.20646667480469,-3.2683677673339844
scan11,13,3,large_disp_and_occluded,778,44.676055908203125,44.246585845947266,-0.4294700622558594
scan11,13,3,boundary_and_occluded,756,18.07412338256836,16.81883430480957,-1.255289077758789
scan11,14,3,full,17169,3.7106878757476807,5.909211158752441,2.1985232830047607
scan11,14,3,boundary,1717,8.731195449829102,9.365781784057617,0.6345863342285156
scan11,14,3,large_disparity,3434,14.236412048339844,25.520814895629883,11.284402847290039
scan11,14,3,occluded_any,1092,20.008150100708008,29.373491287231445,9.365341186523438
scan11,14,3,occluded_majority,454,21.888418197631836,31.534770965576172,9.646352767944336
scan11,14,3,large_disp_and_occluded,655,28.96392250061035,45.39532470703125,16.4314022064209
scan11,14,3,boundary_and_occluded,667,15.923530578613281,17.755685806274414,1.8321552276611328
scan11,15,3,full,16787,4.924964904785156,8.99417495727539,4.069210052490234
scan11,15,3,boundary,1679,9.03186321258545,14.117818832397461,5.085955619812012
scan11,15,3,large_disparity,3358,19.550275802612305,40.15033721923828,20.600061416625977
scan11,15,3,occluded_any,1072,18.019689559936523,32.38344192504883,14.363752365112305
scan11,15,3,occluded_majority,504,16.280969619750977,29.4464054107666,13.165435791015625
scan11,15,3,large_disp_and_occluded,618,25.785213470458984,50.92634201049805,25.141128540039062
scan11,15,3,boundary_and_occluded,659,15.780105590820312,23.260286331176758,7.480180740356445
scan11,16,3,full,16739,9.058615684509277,9.535653114318848,0.4770374298095703
scan11,16,3,boundary,1674,14.003182411193848,15.216988563537598,1.21380615234375
scan11,16,3,large_disparity,3348,35.56351852416992,38.34098434448242,2.7774658203125
scan11,16,3,occluded_any,1325,27.7060489654541,29.568790435791016,1.862741470336914
scan11,16,3,occluded_majority,674,22.20575714111328,23.361284255981445,1.155527114868164
scan11,16,3,large_disp_and_occluded,503,55.71141052246094,60.37177658081055,4.660366058349609
scan11,16,3,boundary_and_occluded,818,20.847686767578125,22.2082462310791,1.3605594635009766
scan11,17,3,full,16203,8.88843059539795,10.310883522033691,1.4224529266357422
scan11,17,3,boundary,1621,15.310770034790039,15.4761381149292,0.16536808013916016
scan11,17,3,large_disparity,3241,24.782447814941406,29.730676651000977,4.94822883605957
scan11,17,3,occluded_any,1672,21.170204162597656,21.089332580566406,-0.08087158203125
scan11,17,3,occluded_majority,882,14.12748908996582,13.587835311889648,-0.5396537780761719
scan11,17,3,large_disp_and_occluded,482,39.40547180175781,37.80382537841797,-1.6016464233398438
scan11,17,3,boundary_and_occluded,893,17.8050594329834,17.19859504699707,-0.6064643859863281
scan11,18,3,full,14631,8.310410499572754,18.156475067138672,9.846064567565918
scan11,18,3,boundary,1464,16.83710289001465,21.817899703979492,4.980796813964844
scan11,18,3,large_disparity,2927,11.927895545959473,55.389732360839844,43.46183681488037
scan11,18,3,occluded_any,1173,25.417200088500977,44.477962493896484,19.060762405395508
scan11,18,3,occluded_majority,487,30.040626525878906,39.537174224853516,9.49654769897461
scan11,18,3,large_disp_and_occluded,414,24.39571762084961,68.06343078613281,43.6677131652832
scan11,18,3,boundary_and_occluded,706,25.290599822998047,35.01879119873047,9.728191375732422
scan11,19,3,full,11818,12.877159118652344,11.221489906311035,-1.6556692123413086
scan11,19,3,boundary,1182,26.01327896118164,22.59670066833496,-3.4165782928466797
scan11,19,3,large_disparity,2364,36.94349670410156,24.2196102142334,-12.723886489868164
scan11,19,3,occluded_any,912,43.92554473876953,35.73224639892578,-8.19329833984375
scan11,19,3,occluded_majority,366,45.557003021240234,38.60382080078125,-6.953182220458984
scan11,19,3,large_disp_and_occluded,403,71.68431091308594,49.23469924926758,-22.44961166381836
scan11,19,3,boundary_and_occluded,543,39.42184066772461,33.3176155090332,-6.104225158691406
scan11,20,3,full,13683,7.295447826385498,7.9769206047058105,0.6814727783203125
scan11,20,3,boundary,1369,18.423847198486328,16.578369140625,-1.8454780578613281
scan11,20,3,large_disparity,2737,9.527095794677734,10.066568374633789,0.5394725799560547
scan11,20,3,occluded_any,1663,20.667451858520508,17.731637954711914,-2.9358139038085938
scan11,20,3,occluded_majority,635,23.11281394958496,21.457754135131836,-1.655059814453125
scan11,20,3,large_disp_and_occluded,493,19.58307456970215,13.716536521911621,-5.866538047790527
scan11,20,3,boundary_and_occluded,918,21.22195816040039,19.25687599182129,-1.9650821685791016
scan11,21,3,full,15075,8.302372932434082,6.932507038116455,-1.369865894317627
scan11,21,3,boundary,1508,19.577945709228516,17.40188980102539,-2.176055908203125
scan11,21,3,large_disparity,3015,17.344911575317383,15.590751647949219,-1.754159927368164
scan11,21,3,occluded_any,1552,18.610107421875,14.660722732543945,-3.9493846893310547
scan11,21,3,occluded_majority,845,21.169958114624023,17.60051155090332,-3.569446563720703
scan11,21,3,large_disp_and_occluded,508,21.680194854736328,13.968840599060059,-7.7113542556762695
scan11,21,3,boundary_and_occluded,852,22.031723022460938,18.644855499267578,-3.3868675231933594
scan11,22,3,full,15338,7.441740036010742,6.873831748962402,-0.5679082870483398
scan11,22,3,boundary,1534,18.659591674804688,15.854992866516113,-2.804598808288574
scan11,22,3,large_disparity,3068,31.017290115356445,28.552705764770508,-2.4645843505859375
scan11,22,3,occluded_any,1342,28.05507469177246,24.619239807128906,-3.4358348846435547
scan11,22,3,occluded_majority,584,28.156631469726562,25.36422348022461,-2.792407989501953
scan11,22,3,large_disp_and_occluded,774,40.092620849609375,36.36796951293945,-3.724651336669922
scan11,22,3,boundary_and_occluded,824,25.91261100769043,23.03301429748535,-2.879596710205078
scan11,23,3,full,15541,6.914704322814941,6.087818145751953,-0.8268861770629883
scan11,23,3,boundary,1555,28.687692642211914,24.141740798950195,-4.545951843261719
scan11,23,3,large_disparity,3109,29.756113052368164,25.847803115844727,-3.9083099365234375
scan11,23,3,occluded_any,1163,37.8669548034668,31.26705551147461,-6.5998992919921875
scan11,23,3,occluded_majority,451,47.28478240966797,35.63272476196289,-11.652057647705078
scan11,23,3,large_disp_and_occluded,739,53.859283447265625,45.0457649230957,-8.813518524169922
scan11,23,3,boundary_and_occluded,742,42.04999923706055,32.71296310424805,-9.3370361328125
scan11,24,3,full,15824,6.538447856903076,5.9510817527771,-0.5873661041259766
scan11,24,3,boundary,1583,33.326812744140625,29.003856658935547,-4.322956085205078
scan11,24,3,large_disparity,3165,28.795364379882812,26.088050842285156,-2.7073135375976562
scan11,24,3,occluded_any,1108,45.5357780456543,37.41747283935547,-8.118305206298828
scan11,24,3,occluded_majority,449,56.728824615478516,42.33374786376953,-14.395076751708984
scan11,24,3,large_disp_and_occluded,753,63.59446716308594,52.3947639465332,-11.199703216552734
scan11,24,3,boundary_and_occluded,732,52.58332824707031,40.259605407714844,-12.323722839355469
scan11,25,3,full,15900,5.748564720153809,5.199143886566162,-0.5494208335876465
scan11,25,3,boundary,1590,32.49991226196289,24.589696884155273,-7.910215377807617
scan11,25,3,large_disparity,3180,24.528667449951172,22.394771575927734,-2.1338958740234375
scan11,25,3,occluded_any,1234,41.017059326171875,33.01056671142578,-8.006492614746094
scan11,25,3,occluded_majority,539,48.22791290283203,39.886051177978516,-8.341861724853516
scan11,25,3,large_disp_and_occluded,820,57.428009033203125,46.90475082397461,-10.523258209228516
scan11,25,3,boundary_and_occluded,802,48.338768005371094,32.76043701171875,-15.578330993652344
scan11,26,3,full,16054,4.552175521850586,5.520447254180908,0.9682717323303223
scan11,26,3,boundary,1606,15.54047966003418,17.48721694946289,1.946737289428711
scan11,26,3,large_disparity,3211,17.979272842407227,21.922561645507812,3.943288803100586
scan11,26,3,occluded_any,1778,20.74221420288086,23.364765167236328,2.6225509643554688
scan11,26,3,occluded_majority,950,20.0855770111084,25.60196876525879,5.516391754150391
scan11,26,3,large_disp_and_occluded,818,40.10685729980469,40.494346618652344,0.38748931884765625
scan11,26,3,boundary_and_occluded,1166,19.070838928222656,21.291154861450195,2.220315933227539
scan11,27,3,full,15839,3.9741573333740234,4.565131187438965,0.5909738540649414
scan11,27,3,boundary,1584,14.710259437561035,14.587580680847168,-0.12267875671386719
scan11,27,3,large_disparity,3168,13.67146110534668,13.581146240234375,-0.09031486511230469
scan11,27,3,occluded_any,1739,14.801392555236816,18.254043579101562,3.452651023864746
scan11,27,3,occluded_majority,849,18.330293655395508,23.163259506225586,4.832965850830078
scan11,27,3,large_disp_and_occluded,666,28.40579605102539,28.76825523376465,0.3624591827392578
scan11,27,3,boundary_and_occluded,960,17.472623825073242,17.86347007751465,0.39084625244140625
scan11,28,3,full,13063,3.376044511795044,3.499436855316162,0.12339234352111816
scan11,28,3,boundary,1307,15.01879596710205,13.048498153686523,-1.9702978134155273
scan11,28,3,large_disparity,2613,7.994797706604004,9.102993965148926,1.1081962585449219
scan11,28,3,occluded_any,1567,16.785654067993164,17.2449893951416,0.4593353271484375
scan11,28,3,occluded_majority,1115,20.14020347595215,20.26319122314453,0.12298774719238281
scan11,28,3,large_disp_and_occluded,646,26.066301345825195,28.600168228149414,2.5338668823242188
scan11,28,3,boundary_and_occluded,767,20.190311431884766,15.840174674987793,-4.350136756896973
scan11,29,3,full,13939,3.966465950012207,3.033745527267456,-0.932720422744751
scan11,29,3,boundary,1394,21.284957885742188,12.545355796813965,-8.739602088928223
scan11,29,3,large_disparity,2788,13.976449966430664,10.503804206848145,-3.4726457595825195
scan11,29,3,occluded_any,1800,21.03704833984375,15.387664794921875,-5.649383544921875
scan11,29,3,occluded_majority,766,32.96602249145508,16.786237716674805,-16.179784774780273
scan11,29,3,large_disp_and_occluded,816,40.06342315673828,29.747055053710938,-10.316368103027344
scan11,29,3,boundary_and_occluded,877,30.112648010253906,17.59438705444336,-12.518260955810547
scan11,30,3,full,14108,2.9519121646881104,4.454178333282471,1.5022661685943604
scan11,30,3,boundary,1411,17.7650089263916,23.40970802307129,5.6446990966796875
scan11,30,3,large_disparity,2822,10.0928373336792,13.795071601867676,3.7022342681884766
scan11,30,3,occluded_any,1914,14.575386047363281,17.807147979736328,3.231761932373047
scan11,30,3,occluded_majority,627,29.340728759765625,28.948692321777344,-0.39203643798828125
scan11,30,3,large_disp_and_occluded,686,35.660362243652344,36.81216812133789,1.1518058776855469
scan11,30,3,boundary_and_occluded,920,24.588794708251953,27.537500381469727,2.9487056732177734
scan11,31,3,full,13891,3.8604238033294678,5.435955047607422,1.575531244277954
scan11,31,3,boundary,1390,27.761737823486328,41.90193176269531,14.140193939208984
scan11,31,3,large_disparity,2779,13.659598350524902,20.75238037109375,7.092782020568848
scan11,31,3,occluded_any,1523,23.244863510131836,27.384302139282227,4.139438629150391
scan11,31,3,occluded_majority,572,47.15443420410156,49.45604705810547,2.3016128540039062
scan11,31,3,large_disp_and_occluded,733,38.861602783203125,47.59790802001953,8.736305236816406
scan11,31,3,boundary_and_occluded,910,35.254981994628906,42.6225700378418,7.367588043212891
scan11,32,3,full,13913,4.297272205352783,5.398041725158691,1.1007695198059082
scan11,32,3,boundary,1392,32.682857513427734,43.651123046875,10.968265533447266
scan11,32,3,large_disparity,2783,17.102304458618164,22.575260162353516,5.472955703735352
scan11,32,3,occluded_any,1434,27.203285217285156,28.766813278198242,1.563528060913086
scan11,32,3,occluded_majority,428,50.51232147216797,55.53645706176758,5.024135589599609
scan11,32,3,large_disp_and_occluded,777,47.45560836791992,50.74232482910156,3.2867164611816406
scan11,32,3,boundary_and_occluded,830,44.293853759765625,47.27870559692383,2.984851837158203
scan11,33,3,full,13786,6.083890914916992,6.870595455169678,0.7867045402526855
scan11,33,3,boundary,1379,45.98579788208008,53.63630676269531,7.650508880615234
scan11,33,3,large_disparity,2758,24.355247497558594,28.486536026000977,4.131288528442383
scan11,33,3,occluded_any,1398,34.10143280029297,36.63053894042969,2.5291061401367188
scan11,33,3,occluded_majority,455,59.858009338378906,68.16236114501953,8.304351806640625
scan11,33,3,large_disp_and_occluded,709,60.360504150390625,65.6099853515625,5.249481201171875
scan11,33,3,boundary_and_occluded,794,53.749813079833984,58.26679229736328,4.516979217529297
scan11,34,3,full,13417,6.7003960609436035,7.404154300689697,0.7037582397460938
scan11,34,3,boundary,1342,43.965782165527344,56.25657272338867,12.290790557861328
scan11,34,3,large_disparity,2684,26.256732940673828,31.160398483276367,4.903665542602539
scan11,34,3,occluded_any,1389,29.667720794677734,34.48497009277344,4.817249298095703
scan11,34,3,occluded_majority,460,53.684757232666016,59.62166213989258,5.9369049072265625
scan11,34,3,large_disp_and_occluded,519,65.99740600585938,80.94772338867188,14.9503173828125
scan11,34,3,boundary_and_occluded,748,47.43132019042969,57.707298278808594,10.275978088378906
scan11,35,3,full,12948,8.143518447875977,7.781798839569092,-0.36171960830688477
scan11,35,3,boundary,1295,54.59175491333008,49.66415786743164,-4.9275970458984375
scan11,35,3,large_disparity,2590,31.787372589111328,31.11802864074707,-0.6693439483642578
scan11,35,3,occluded_any,1454,33.13664627075195,33.37568664550781,0.23904037475585938
scan11,35,3,occluded_majority,467,44.925926208496094,46.580162048339844,1.65423583984375
scan11,35,3,large_disp_and_occluded,484,77.82101440429688,82.242431640625,4.421417236328125
scan11,35,3,boundary_and_occluded,775,54.333438873291016,51.95117950439453,-2.3822593688964844
scan11,36,3,full,12469,8.726269721984863,8.988086700439453,0.26181697845458984
scan11,36,3,boundary,1247,41.6373405456543,40.34537124633789,-1.2919692993164062
scan11,36,3,large_disparity,2494,22.22140884399414,26.615535736083984,4.394126892089844
scan11,36,3,occluded_any,1573,26.854572296142578,25.127050399780273,-1.7275218963623047
scan11,36,3,occluded_majority,572,29.90083122253418,32.462059020996094,2.561227798461914
scan11,36,3,large_disp_and_occluded,430,55.535301208496094,54.84052658081055,-0.6947746276855469
scan11,36,3,boundary_and_occluded,779,42.94674301147461,39.93827819824219,-3.008464813232422
scan11,37,3,full,10976,11.021966934204102,9.325737953186035,-1.6962289810180664
scan11,37,3,boundary,1098,28.542211532592773,27.53791618347168,-1.0042953491210938
scan11,37,3,large_disparity,2196,15.533957481384277,15.037973403930664,-0.4959840774536133
scan11,37,3,occluded_any,1590,26.258880615234375,24.11850929260254,-2.140371322631836
scan11,37,3,occluded_majority,714,25.387407302856445,25.510526657104492,0.12311935424804688
scan11,37,3,large_disp_and_occluded,416,35.21879577636719,35.798828125,0.5800323486328125
scan11,37,3,boundary_and_occluded,700,32.90833282470703,32.082462310791016,-0.8258705139160156
scan11,38,3,full,6935,11.52493667602539,14.076496124267578,2.5515594482421875
scan11,38,3,boundary,694,40.92277526855469,35.685203552246094,-5.237571716308594
scan11,38,3,large_disparity,1387,3.925400972366333,5.609288215637207,1.683887243270874
scan11,38,3,occluded_any,713,35.94183349609375,32.634483337402344,-3.3073501586914062
scan11,38,3,occluded_majority,433,39.53253173828125,33.542724609375,-5.98980712890625
scan11,38,3,large_disp_and_occluded,94,29.41598129272461,30.385427474975586,0.9694461822509766
scan11,38,3,boundary_and_occluded,337,50.3065299987793,39.39851760864258,-10.908012390136719
scan11,39,3,full,8785,9.592056274414062,9.138195037841797,-0.4538612365722656
scan11,39,3,boundary,879,59.438507080078125,42.07194519042969,-17.366561889648438
scan11,39,3,large_disparity,1757,15.976014137268066,14.45887279510498,-1.517141342163086
scan11,39,3,occluded_any,1182,22.64914894104004,19.18433380126953,-3.464815139770508
scan11,39,3,occluded_majority,512,28.98058319091797,25.061613082885742,-3.9189701080322266
scan11,39,3,large_disp_and_occluded,350,31.310787200927734,24.276914596557617,-7.033872604370117
scan11,39,3,boundary_and_occluded,470,42.95109939575195,34.06243896484375,-8.888660430908203
scan11,40,3,full,10283,9.19425106048584,6.927731990814209,-2.266519069671631
scan11,40,3,boundary,1029,59.84010314941406,35.69070053100586,-24.149402618408203
scan11,40,3,large_disparity,2057,29.405048370361328,20.185768127441406,-9.219280242919922
scan11,40,3,occluded_any,836,36.63949203491211,25.10516929626465,-11.534322738647461
scan11,40,3,occluded_majority,397,49.5027961730957,34.863006591796875,-14.639789581298828
scan11,40,3,large_disp_and_occluded,290,73.19428253173828,46.65150451660156,-26.54277801513672
scan11,40,3,boundary_and_occluded,481,56.73163986206055,36.605369567871094,-20.126270294189453
scan11,41,3,full,10943,7.911835193634033,3.986050844192505,-3.9257843494415283
scan11,41,3,boundary,1095,58.39878463745117,24.88274383544922,-33.51604080200195
scan11,41,3,large_disparity,2189,26.099082946777344,10.896190643310547,-15.202892303466797
scan11,41,3,occluded_any,669,40.713157653808594,24.54897117614746,-16.164186477661133
scan11,41,3,occluded_majority,357,43.60915756225586,27.23810577392578,-16.371051788330078
scan11,41,3,large_disp_and_occluded,294,68.77407836914062,38.59266662597656,-30.181411743164062
scan11,41,3,boundary_and_occluded,433,57.921897888183594,32.69963073730469,-25.222267150878906
scan11,42,3,full,11522,5.9737935066223145,4.555469036102295,-1.4183244705200195
scan11,42,3,boundary,1153,37.778045654296875,26.577468872070312,-11.200576782226562
scan11,42,3,large_disparity,2305,19.02200698852539,12.311532974243164,-6.710474014282227
scan11,42,3,occluded_any,539,46.80474853515625,30.385360717773438,-16.419387817382812
scan11,42,3,occluded_majority,268,53.467342376708984,35.70695877075195,-17.76038360595703
scan11,42,3,large_disp_and_occluded,332,61.19645309448242,38.000343322753906,-23.196109771728516
scan11,42,3,boundary_and_occluded,364,61.43850326538086,39.57060623168945,-21.867897033691406
scan11,43,3,full,11832,7.139739513397217,5.344161510467529,-1.7955780029296875
scan11,43,3,boundary,1184,50.8181037902832,31.847326278686523,-18.97077751159668
scan11,43,3,large_disparity,2367,21.240755081176758,12.417104721069336,-8.823650360107422
scan11,43,3,occluded_any,571,44.08729934692383,28.09278106689453,-15.994518280029297
scan11,43,3,occluded_majority,332,45.20590591430664,28.967731475830078,-16.238174438476562
scan11,43,3,large_disp_and_occluded,293,65.46798706054688,40.9656982421875,-24.502288818359375
scan11,43,3,boundary_and_occluded,324,63.2835693359375,39.79570388793945,-23.487865447998047
scan11,44,3,full,11866,5.5159406661987305,6.48274564743042,0.9668049812316895
scan11,44,3,boundary,1187,39.320350646972656,44.07686233520508,4.756511688232422
scan11,44,3,large_disparity,2374,18.836517333984375,21.326833724975586,2.490316390991211
scan11,44,3,occluded_any,530,38.1893424987793,33.989803314208984,-4.1995391845703125
scan11,44,3,occluded_majority,275,46.05889129638672,41.70642852783203,-4.3524627685546875
scan11,44,3,large_disp_and_occluded,311,53.219993591308594,47.942752838134766,-5.277240753173828
scan11,44,3,boundary_and_occluded,301,56.435203552246094,51.955196380615234,-4.480007171630859
scan11,45,3,full,11751,6.684818744659424,6.71937894821167,0.034560203552246094
scan11,45,3,boundary,1176,46.071109771728516,44.52691650390625,-1.5441932678222656
scan11,45,3,large_disparity,2351,24.020078659057617,23.243701934814453,-0.7763767242431641
scan11,45,3,occluded_any,663,38.107696533203125,36.838558197021484,-1.2691383361816406
scan11,45,3,occluded_majority,382,49.8458137512207,49.078773498535156,-0.7670402526855469
scan11,45,3,large_disp_and_occluded,453,48.86778259277344,46.91718673706055,-1.9505958557128906
scan11,45,3,boundary_and_occluded,412,50.52246856689453,48.77894592285156,-1.7435226440429688
scan11,46,3,full,11942,5.780305862426758,5.056260585784912,-0.7240452766418457
scan11,46,3,boundary,1195,33.984596252441406,25.881319046020508,-8.103277206420898
scan11,46,3,large_disparity,2389,15.7644624710083,11.226508140563965,-4.537954330444336
scan11,46,3,occluded_any,1157,19.42256736755371,18.14462661743164,-1.2779407501220703
scan11,46,3,occluded_majority,688,17.73953628540039,18.393817901611328,0.6542816162109375
scan11,46,3,large_disp_and_occluded,354,45.22366714477539,40.07640838623047,-5.147258758544922
scan11,46,3,boundary_and_occluded,398,39.76288986206055,36.68437576293945,-3.0785140991210938
scan11,47,3,full,11862,3.937778949737549,3.324415922164917,-0.6133630275726318
scan11,47,3,boundary,1187,23.430458068847656,18.919580459594727,-4.51087760925293
scan11,47,3,large_disparity,2373,9.313995361328125,7.653833389282227,-1.6601619720458984
scan11,47,3,occluded_any,880,20.538089752197266,16.037776947021484,-4.500312805175781
scan11,47,3,occluded_majority,501,24.009668350219727,18.97441291809082,-5.035255432128906
scan11,47,3,large_disp_and_occluded,368,37.140037536621094,29.0644588470459,-8.075578689575195
scan11,47,3,boundary_and_occluded,471,33.35189437866211,25.2515926361084,-8.100301742553711
scan11,48,3,full,11308,4.2566986083984375,3.8559303283691406,-0.4007682800292969
scan11,48,3,boundary,1131,24.023155212402344,17.832666397094727,-6.190488815307617
scan11,48,3,large_disparity,2262,10.45217514038086,8.026308059692383,-2.4258670806884766
scan11,48,3,occluded_any,1017,21.26302146911621,14.988004684448242,-6.275016784667969
scan11,48,3,occluded_majority,558,24.4491024017334,20.535871505737305,-3.9132308959960938
scan11,48,3,large_disp_and_occluded,348,44.74666213989258,30.106708526611328,-14.63995361328125
scan11,48,3,boundary_and_occluded,496,36.844444274902344,24.62925148010254,-12.215192794799805
scan12,0,3,full,16856,3.0178074836730957,2.7147319316864014,-0.30307555198669434
scan12,0,3,boundary,1686,12.391975402832031,9.545207977294922,-2.8467674255371094
scan12,0,3,large_disparity,3372,7.9860053062438965,6.595106601715088,-1.3908987045288086
scan12,0,3,occluded_any,1803,12.162984848022461,12.421290397644043,0.25830554962158203
scan12,0,3,occluded_majority,1329,14.066637992858887,14.036189079284668,-0.03044891357421875
scan12,0,3,large_disp_and_occluded,1344,10.740959167480469,11.83793830871582,1.0969791412353516
scan12,0,3,boundary_and_occluded,662,19.18549156188965,13.417614936828613,-5.767876625061035
scan12,1,3,full,18285,3.081209897994995,2.4017364978790283,-0.6794734001159668
scan12,1,3,boundary,1829,10.6141996383667,8.656743049621582,-1.9574565887451172
scan12,1,3,large_disparity,3657,10.311634063720703,6.717545032501221,-3.5940890312194824
scan12,1,3,occluded_any,1558,20.110137939453125,11.395204544067383,-8.714933395385742
scan12,1,3,occluded_majority,1019,23.575044631958008,13.260198593139648,-10.31484603881836
scan12,1,3,large_disp_and_occluded,1072,24.995952606201172,11.478591918945312,-13.51736068725586
scan12,1,3,boundary_and_occluded,726,22.508604049682617,16.211729049682617,-6.296875
scan12,2,3,full,17863,3.0537281036376953,2.3025524616241455,-0.7511756420135498
scan12,2,3,boundary,1787,9.950081825256348,9.389610290527344,-0.5604715347290039
scan12,2,3,large_disparity,3573,9.046649932861328,6.778731346130371,-2.267918586730957
scan12,2,3,occluded_any,1671,15.60525131225586,11.682219505310059,-3.923031806945801
scan12,2,3,occluded_majority,1194,16.18241310119629,12.028787612915039,-4.15362548828125
scan12,2,3,large_disp_and_occluded,1297,17.57191276550293,13.046242713928223,-4.525670051574707
scan12,2,3,boundary_and_occluded,744,15.141451835632324,15.189669609069824,0.0482177734375
scan12,3,3,full,17362,2.465606927871704,4.445478916168213,1.9798719882965088
scan12,3,3,boundary,1737,7.876895904541016,10.340435028076172,2.4635391235351562
scan12,3,3,large_disparity,3473,6.595624923706055,16.424697875976562,9.829072952270508
scan12,3,3,occluded_any,1439,9.385889053344727,18.681867599487305,9.295978546142578
scan12,3,3,occluded_majority,699,13.715194702148438,26.37049674987793,12.655302047729492
scan12,3,3,large_disp_and_occluded,624,10.213973999023438,31.45875358581543,21.244779586791992
scan12,3,3,boundary_and_occluded,886,11.602076530456543,16.17011833190918,4.568041801452637
scan12,4,3,full,14502,2.71787166595459,2.3680813312530518,-0.3497903347015381
scan12,4,3,boundary,1451,14.42077922821045,10.83512020111084,-3.5856590270996094
scan12,4,3,large_disparity,2901,4.689587116241455,5.156614780426025,0.4670276641845703
scan12,4,3,occluded_any,577,13.944753646850586,12.167679786682129,-1.777073860168457
scan12,4,3,occluded_majority,340,16.07716941833496,14.09797191619873,-1.9791975021362305
scan12,4,3,large_disp_and_occluded,358,10.9570951461792,10.351378440856934,-0.6057167053222656
scan12,4,3,boundary_and_occluded,413,16.512805938720703,14.186970710754395,-2.3258352279663086
scan12,5,3,full,13926,3.4460647106170654,5.446730136871338,2.0006654262542725
scan12,5,3,boundary,1393,15.506348609924316,16.149707794189453,0.6433591842651367
scan12,5,3,large_disparity,2786,8.130217552185059,21.20553970336914,13.075322151184082
scan12,5,3,occluded_any,1011,28.002899169921875,57.19462585449219,29.191726684570312
scan12,5,3,occluded_majority,500,34.00462341308594,53.61919021606445,19.614566802978516
scan12,5,3,large_disp_and_occluded,571,26.655677795410156,88.01383209228516,61.358154296875
scan12,5,3,boundary_and_occluded,676,23.754695892333984,27.078298568725586,3.3236026763916016
scan12,6,3,full,16276,4.343155860900879,3.7130749225616455,-0.6300809383392334
scan12,6,3,boundary,1628,15.32590103149414,11.922143936157227,-3.403757095336914
scan12,6,3,large_disparity,3256,15.086700439453125,12.926675796508789,-2.160024642944336
scan12,6,3,occluded_any,1763,24.996505737304688,23.254121780395508,-1.7423839569091797
scan12,6,3,occluded_majority,1047,33.974937438964844,34.33814239501953,0.3632049560546875
scan12,6,3,large_disp_and_occluded,1034,34.447914123535156,32.954071044921875,-1.4938430786132812
scan12,6,3,boundary_and_occluded,901,23.184772491455078,18.84171485900879,-4.343057632446289
scan12,7,3,full,17763,3.5410382747650146,2.245912790298462,-1.2951254844665527
scan12,7,3,boundary,1777,10.600769996643066,9.752310752868652,-0.8484592437744141
scan12,7,3,large_disparity,3553,12.83690357208252,5.310677528381348,-7.526226043701172
scan12,7,3,occluded_any,2330,18.347274780273438,9.329754829406738,-9.0175199508667
scan12,7,3,occluded_majority,1658,22.370574951171875,9.159109115600586,-13.211465835571289
scan12,7,3,large_disp_and_occluded,1884,20.15732765197754,7.872671127319336,-12.284656524658203
scan12,7,3,boundary_and_occluded,821,19.558258056640625,15.780247688293457,-3.778010368347168
scan12,8,3,full,18041,6.18929386138916,6.649144649505615,0.4598507881164551
scan12,8,3,boundary,1805,17.745336532592773,20.414737701416016,2.669401168823242
scan12,8,3,large_disparity,3609,24.065025329589844,27.049213409423828,2.9841880798339844
scan12,8,3,occluded_any,2440,31.613895416259766,27.253074645996094,-4.360820770263672
scan12,8,3,occluded_majority,1789,34.04084396362305,28.280235290527344,-5.760608673095703
scan12,8,3,large_disp_and_occluded,1972,35.73603057861328,30.791181564331055,-4.944849014282227
scan12,8,3,boundary_and_occluded,886,27.21755027770996,33.2114143371582,5.993864059448242
scan12,9,3,full,18453,5.623399257659912,3.4998342990875244,-2.1235649585723877
scan12,9,3,boundary,1846,18.077991485595703,13.19753646850586,-4.880455017089844
scan12,9,3,large_disparity,3691,20.19097137451172,10.294500350952148,-9.89647102355957
scan12,9,3,occluded_any,2500,28.459218978881836,13.804920196533203,-14.654298782348633
scan12,9,3,occluded_majority,1825,31.93128776550293,13.427301406860352,-18.503986358642578
scan12,9,3,large_disp_and_occluded,1982,29.843852996826172,12.760528564453125,-17.083324432373047
scan12,9,3,boundary_and_occluded,811,32.581878662109375,19.199949264526367,-13.381929397583008
scan12,10,3,full,18072,6.9452314376831055,7.727193832397461,0.7819623947143555
scan12,10,3,boundary,1808,13.955707550048828,17.38466453552246,3.428956985473633
scan12,10,3,large_disparity,3615,30.11826515197754,32.38592529296875,2.267660140991211
scan12,10,3,occluded_any,2260,33.706214904785156,37.927494049072266,4.221279144287109
scan12,10,3,occluded_majority,1515,36.27354431152344,37.30245590209961,1.0289115905761719
scan12,10,3,large_disp_and_occluded,1747,41.377017974853516,45.39230728149414,4.015289306640625
scan12,10,3,boundary_and_occluded,739,28.158411026000977,34.10744094848633,5.949029922485352
scan12,11,3,full,15869,11.792823791503906,6.922435760498047,-4.870388031005859
scan12,11,3,boundary,1587,18.439186096191406,17.631793975830078,-0.8073921203613281
scan12,11,3,large_disparity,3174,48.72269821166992,22.31894874572754,-26.403749465942383
scan12,11,3,occluded_any,2583,22.38311195373535,23.446374893188477,1.063262939453125
scan12,11,3,occluded_majority,1890,19.823074340820312,27.956661224365234,8.133586883544922
scan12,11,3,large_disp_and_occluded,1918,21.822355270385742,21.730697631835938,-0.09165763854980469
scan12,11,3,boundary_and_occluded,658,32.34860610961914,29.04465675354004,-3.3039493560791016
scan12,12,3,full,17520,16.398235321044922,5.591050624847412,-10.80718469619751
scan12,12,3,boundary,1752,51.67702865600586,26.555204391479492,-25.121824264526367
scan12,12,3,large_disparity,3504,69.05789184570312,15.178208351135254,-53.87968349456787
scan12,12,3,occluded_any,1938,26.58302116394043,16.511959075927734,-10.071062088012695
scan12,12,3,occluded_majority,905,25.735389709472656,17.369951248168945,-8.365438461303711
scan12,12,3,large_disp_and_occluded,546,45.22275924682617,17.984664916992188,-27.238094329833984
scan12,12,3,boundary_and_occluded,687,31.5853214263916,26.913875579833984,-4.671445846557617
scan12,13,3,full,18574,19.834938049316406,7.162542343139648,-12.672395706176758
scan12,13,3,boundary,1858,77.72803497314453,41.97491455078125,-35.75312042236328
scan12,13,3,large_disparity,3715,82.88379669189453,22.955766677856445,-59.928030014038086
scan12,13,3,occluded_any,3147,37.510765075683594,16.308931350708008,-21.201833724975586
scan12,13,3,occluded_majority,2330,34.08021926879883,17.6351375579834,-16.44508171081543
scan12,13,3,large_disp_and_occluded,1208,62.896793365478516,23.053964614868164,-39.84282875061035
scan12,13,3,boundary_and_occluded,637,52.369537353515625,39.13621520996094,-13.233322143554688
scan12,14,3,full,19529,21.084074020385742,7.605688095092773,-13.478385925292969
scan12,14,3,boundary,1953,79.3861083984375,33.35511016845703,-46.03099822998047
scan12,14,3,large_disparity,3906,82.52031707763672,17.598262786865234,-64.92205429077148
scan12,14,3,occluded_any,3504,38.119754791259766,23.124223709106445,-14.99553108215332
scan12,14,3,occluded_majority,2735,35.95390319824219,25.920015335083008,-10.03388786315918
scan12,14,3,large_disp_and_occluded,1129,52.29780960083008,17.955196380615234,-34.342613220214844
scan12,14,3,boundary_and_occluded,678,47.485294342041016,36.69599914550781,-10.789295196533203
scan12,15,3,full,19124,18.01828384399414,4.9969635009765625,-13.021320343017578
scan12,15,3,boundary,1913,78.63847351074219,26.2579402923584,-52.38053321838379
scan12,15,3,large_disparity,3825,74.74884033203125,11.90827751159668,-62.84056282043457
scan12,15,3,occluded_any,2776,33.20275115966797,16.197166442871094,-17.005584716796875
scan12,15,3,occluded_majority,1144,39.51164245605469,24.53934097290039,-14.972301483154297
scan12,15,3,large_disp_and_occluded,1100,45.15953826904297,6.810052394866943,-38.349485874176025
scan12,15,3,boundary_and_occluded,636,52.28911209106445,36.00889205932617,-16.28022003173828
scan12,16,3,full,17549,13.816998481750488,4.0462799072265625,-9.770718574523926
scan12,16,3,boundary,1755,57.70319747924805,20.7470760345459,-36.95612144470215
scan12,16,3,large_disparity,3510,55.96147155761719,10.4433012008667,-45.51817035675049
scan12,16,3,occluded_any,2364,32.92604446411133,15.836183547973633,-17.089860916137695
scan12,16,3,occluded_majority,960,43.868961334228516,26.66517448425293,-17.203786849975586
scan12,16,3,large_disp_and_occluded,1526,30.938703536987305,10.545003890991211,-20.393699645996094
scan12,16,3,boundary_and_occluded,781,44.54789352416992,29.834980010986328,-14.712913513183594
scan12,17,3,full,15932,9.339603424072266,4.634106159210205,-4.7054972648620605
scan12,17,3,boundary,1594,25.544368743896484,22.327009201049805,-3.2173595428466797
scan12,17,3,large_disparity,3187,39.728515625,15.927318572998047,-23.801197052001953
scan12,17,3,occluded_any,1894,30.079345703125,25.58966827392578,-4.489677429199219
scan12,17,3,occluded_majority,1205,36.40930938720703,34.62823486328125,-1.7810745239257812
scan12,17,3,large_disp_and_occluded,1343,36.75425338745117,29.743854522705078,-7.010398864746094
scan12,17,3,boundary_and_occluded,891,36.47692108154297,34.31711196899414,-2.159809112548828
scan12,18,3,full,13675,5.703579902648926,4.025814533233643,-1.6777653694152832
scan12,18,3,boundary,1368,19.010162353515625,14.266572952270508,-4.743589401245117
scan12,18,3,large_disparity,2735,21.416454315185547,13.81578254699707,-7.600671768188477
scan12,18,3,occluded_any,1194,27.772777557373047,31.132909774780273,3.3601322174072266
scan12,18,3,occluded_majority,760,35.02411651611328,42.638309478759766,7.614192962646484
scan12,18,3,large_disp_and_occluded,789,34.20429229736328,40.183895111083984,5.979602813720703
scan12,18,3,boundary_and_occluded,769,26.880952835083008,21.252178192138672,-5.628774642944336
scan12,19,3,full,10750,4.985952854156494,3.708045721054077,-1.277907133102417
scan12,19,3,boundary,1075,21.244699478149414,15.176377296447754,-6.06832218170166
scan12,19,3,large_disparity,2150,16.18153190612793,12.229334831237793,-3.9521970748901367
scan12,19,3,occluded_any,963,37.83442687988281,29.228214263916016,-8.606212615966797
scan12,19,3,occluded_majority,615,38.4787712097168,38.229095458984375,-0.24967575073242188
scan12,19,3,large_disp_and_occluded,629,51.011924743652344,39.739139556884766,-11.272785186767578
scan12,19,3,boundary_and_occluded,552,33.5964469909668,23.965402603149414,-9.631044387817383
scan12,20,3,full,12466,11.538963317871094,7.10983943939209,-4.429123878479004
scan12,20,3,boundary,1247,36.39051055908203,28.05399513244629,-8.336515426635742
scan12,20,3,large_disparity,2494,50.820228576660156,29.888172149658203,-20.932056427001953
scan12,20,3,occluded_any,1771,68.07237243652344,41.83339309692383,-26.23897933959961
scan12,20,3,occluded_majority,1243,68.72727966308594,50.600830078125,-18.126449584960938
scan12,20,3,large_disp_and_occluded,1378,83.36278533935547,50.940528869628906,-32.42225646972656
scan12,20,3,boundary_and_occluded,725,54.3658447265625,43.66007995605469,-10.705764770507812
scan12,21,3,full,14113,19.88931655883789,13.672652244567871,-6.2166643142700195
scan12,21,3,boundary,1412,95.37293243408203,63.613502502441406,-31.759429931640625
scan12,21,3,large_disparity,2823,93.59610748291016,63.16223907470703,-30.433868408203125
scan12,21,3,occluded_any,2429,98.69617462158203,66.49026489257812,-32.205909729003906
scan12,21,3,occluded_majority,2107,106.13800048828125,72.89273071289062,-33.245269775390625
scan12,21,3,large_disp_and_occluded,1999,117.70359802246094,79.19182586669922,-38.51177215576172
scan12,21,3,boundary_and_occluded,1048,108.18013000488281,72.96784973144531,-35.2122802734375
scan12,22,3,full,15007,25.01078224182129,12.403976440429688,-12.606805801391602
scan12,22,3,boundary,1501,126.63677215576172,71.13172149658203,-55.50505065917969
scan12,22,3,large_disparity,3002,119.57235717773438,57.34174728393555,-62.23060989379883
scan12,22,3,occluded_any,2958,116.08399200439453,55.75557327270508,-60.32841873168945
scan12,22,3,occluded_majority,2273,120.86251831054688,55.51338577270508,-65.3491325378418
scan12,22,3,large_disp_and_occluded,2663,127.5375747680664,60.96598815917969,-66.57158660888672
scan12,22,3,boundary_and_occluded,1189,140.93667602539062,78.66856384277344,-62.26811218261719
scan12,23,3,full,15980,31.270774841308594,23.050172805786133,-8.220602035522461
scan12,23,3,boundary,1598,146.9503631591797,106.54427337646484,-40.406089782714844
scan12,23,3,large_disparity,3196,145.69061279296875,103.19432830810547,-42.49628448486328
scan12,23,3,occluded_any,3517,131.5648956298828,96.5816421508789,-34.983253479003906
scan12,23,3,occluded_majority,992,133.49813842773438,103.56623840332031,-29.931900024414062
scan12,23,3,large_disp_and_occluded,3093,143.16139221191406,100.9486312866211,-42.21276092529297
scan12,23,3,boundary_and_occluded,1342,158.46900939941406,117.00352478027344,-41.465484619140625
scan12,24,3,full,16342,34.771026611328125,21.26306915283203,-13.507957458496094
scan12,24,3,boundary,1635,151.37022399902344,96.53324127197266,-54.83698272705078
scan12,24,3,large_disparity,3269,144.3201141357422,77.77151489257812,-66.54859924316406
scan12,24,3,occluded_any,3902,132.61524963378906,81.79622650146484,-50.81902313232422
scan12,24,3,occluded_majority,1211,137.01693725585938,92.36177825927734,-44.65515899658203
scan12,24,3,large_disp_and_occluded,3076,143.9496612548828,77.93767547607422,-66.0119857788086
scan12,24,3,boundary_and_occluded,1375,162.5791473388672,104.6556396484375,-57.92350769042969
scan12,25,3,full,15934,35.74523162841797,20.266761779785156,-15.478469848632812
scan12,25,3,boundary,1594,147.2586212158203,92.84199523925781,-54.4166259765625
scan12,25,3,large_disparity,3187,152.0131072998047,81.30420684814453,-70.70890045166016
scan12,25,3,occluded_any,3766,131.66954040527344,73.04327392578125,-58.62626647949219
scan12,25,3,occluded_majority,1420,129.52752685546875,75.35281372070312,-54.174713134765625
scan12,25,3,large_disp_and_occluded,2841,150.61346435546875,81.36417388916016,-69.2492904663086
scan12,25,3,boundary_and_occluded,1192,156.30245971679688,97.0136947631836,-59.28876495361328
scan12,26,3,full,15163,29.845434188842773,15.213329315185547,-14.632104873657227
scan12,26,3,boundary,1517,126.08982849121094,77.36740112304688,-48.72242736816406
scan12,26,3,large_disparity,3033,134.81427001953125,60.96442794799805,-73.8498420715332
scan12,26,3,occluded_any,3347,109.55535125732422,52.993408203125,-56.56194305419922
scan12,26,3,occluded_majority,935,80.81371307373047,57.821163177490234,-22.992549896240234
scan12,26,3,large_disp_and_occluded,2644,130.44384765625,57.46415328979492,-72.97969436645508
scan12,26,3,boundary_and_occluded,1035,127.02608489990234,78.80248260498047,-48.223602294921875
scan12,27,3,full,14257,23.35553550720215,17.16098976135254,-6.194545745849609
scan12,27,3,boundary,1426,95.8452377319336,66.3067626953125,-29.538475036621094
scan12,27,3,large_disparity,2852,106.85994720458984,74.86683654785156,-31.99311065673828
scan12,27,3,occluded_any,2817,84.21319580078125,61.05986022949219,-23.153335571289062
scan12,27,3,occluded_majority,1108,74.70623779296875,53.84418487548828,-20.86205291748047
scan12,27,3,large_disp_and_occluded,2300,99.14285278320312,71.32391357421875,-27.818939208984375
scan12,27,3,boundary_and_occluded,925,92.45570373535156,61.70870590209961,-30.746997833251953
scan12,28,3,full,10142,14.929048538208008,12.337751388549805,-2.591297149658203
scan12,28,3,boundary,1015,79.90538024902344,67.67371368408203,-12.231666564941406
scan12,28,3,large_disparity,2029,62.658905029296875,50.33345413208008,-12.325450897216797
scan12,28,3,occluded_any,1297,102.79071807861328,82.39299774169922,-20.397720336914062
scan12,28,3,occluded_majority,1002,128.21725463867188,100.6606216430664,-27.55663299560547
scan12,28,3,large_disp_and_occluded,720,171.751953125,134.15579223632812,-37.596160888671875
scan12,28,3,boundary_and_occluded,667,113.29823303222656,95.65447998046875,-17.643753051757812
scan12,29,3,full,10559,13.808042526245117,7.708383560180664,-6.099658966064453
scan12,29,3,boundary,1056,128.2054901123047,67.69926452636719,-60.5062255859375
scan12,29,3,large_disparity,2112,59.27219009399414,30.349700927734375,-28.922489166259766
scan12,29,3,occluded_any,1079,123.02210998535156,64.5952377319336,-58.42687225341797
scan12,29,3,occluded_majority,650,168.33201599121094,85.12711334228516,-83.20490264892578
scan12,29,3,large_disp_and_occluded,572,216.4769287109375,109.34046173095703,-107.13646697998047
scan12,29,3,boundary_and_occluded,838,155.91098022460938,81.01542663574219,-74.89555358886719
scan12,30,3,full,10915,10.41696548461914,7.3074445724487305,-3.10952091217041
scan12,30,3,boundary,1092,96.02249145507812,65.85677337646484,-30.16571807861328
scan12,30,3,large_disparity,2183,44.16193771362305,30.78618812561035,-13.375749588012695
scan12,30,3,occluded_any,860,116.80167388916016,81.69731140136719,-35.10436248779297
scan12,30,3,occluded_majority,490,154.49891662597656,114.23979949951172,-40.259117126464844
scan12,30,3,large_disp_and_occluded,479,198.3435821533203,138.50767517089844,-59.835906982421875
scan12,30,3,boundary_and_occluded,689,143.37493896484375,99.65738677978516,-43.717552185058594
scan12,31,3,full,11094,11.00468635559082,9.152687072753906,-1.851999282836914
scan12,31,3,boundary,1110,102.1748275756836,84.40204620361328,-17.772781372070312
scan12,31,3,large_disparity,2219,51.456668853759766,42.40919876098633,-9.047470092773438
scan12,31,3,occluded_any,764,148.18411254882812,119.72813415527344,-28.455978393554688
scan12,31,3,occluded_majority,466,226.7005157470703,186.2732391357422,-40.427276611328125
scan12,31,3,large_disp_and_occluded,470,236.21249389648438,190.43589782714844,-45.77659606933594
scan12,31,3,boundary_and_occluded,577,192.1487274169922,155.17205810546875,-36.97666931152344
scan12,32,3,full,11170,8.495146751403809,8.245333671569824,-0.24981307983398438
scan12,32,3,boundary,1117,77.8010482788086,75.15412902832031,-2.6469192504882812
scan12,32,3,large_disparity,2234,39.275691986083984,37.90138244628906,-1.3743095397949219
scan12,32,3,occluded_any,563,150.83335876464844,147.17132568359375,-3.6620330810546875
scan12,32,3,occluded_majority,263,290.4233093261719,290.24151611328125,-0.181793212890625
scan12,32,3,large_disp_and_occluded,343,242.1174774169922,236.94952392578125,-5.1679534912109375
scan12,32,3,boundary_and_occluded,392,213.38951110839844,208.8615264892578,-4.527984619140625
scan12,33,3,full,11256,6.694065093994141,6.856579780578613,0.16251468658447266
scan12,33,3,boundary,1126,59.26717758178711,60.393497467041016,1.1263198852539062
scan12,33,3,large_disparity,2252,30.05259895324707,30.36235809326172,0.30975914001464844
scan12,33,3,occluded_any,536,121.29844665527344,125.70516204833984,4.406715393066406
scan12,33,3,occluded_majority,261,224.153076171875,236.85252380371094,12.699447631835938
scan12,33,3,large_disp_and_occluded,313,201.29400634765625,208.880859375,7.58685302734375
scan12,33,3,boundary_and_occluded,361,175.9703369140625,182.9788360595703,7.0084991455078125
scan12,34,3,full,11238,7.032055854797363,7.053778171539307,0.02172231674194336
scan12,34,3,boundary,1124,63.15673828125,63.52260208129883,0.3658638000488281
scan12,34,3,large_disparity,2248,31.509206771850586,31.63857078552246,0.129364013671875
scan12,34,3,occluded_any,678,103.36968994140625,104.95669555664062,1.587005615234375
scan12,34,3,occluded_majority,382,173.148681640625,179.61297607421875,6.46429443359375
scan12,34,3,large_disp_and_occluded,389,174.29676818847656,178.17271423339844,3.875946044921875
scan12,34,3,boundary_and_occluded,482,142.14266967773438,145.1470947265625,3.004425048828125
scan12,35,3,full,10951,9.376754760742188,6.909200668334961,-2.4675540924072266
scan12,35,3,boundary,1096,84.93107604980469,61.37152862548828,-23.559547424316406
scan12,35,3,large_disparity,2191,41.82202911376953,28.47163200378418,-13.350397109985352
scan12,35,3,occluded_any,800,115.673828125,81.21967315673828,-34.45415496826172
scan12,35,3,occluded_majority,442,176.46751403808594,120.19786071777344,-56.2696533203125
scan12,35,3,large_disp_and_occluded,450,199.20025634765625,134.883544921875,-64.31671142578125
scan12,35,3,boundary_and_occluded,622,146.99200439453125,103.08428955078125,-43.90771484375
scan12,36,3,full,10508,14.66555404663086,15.068188667297363,0.4026346206665039
scan12,36,3,boundary,1051,126.52955627441406,127.80016326904297,1.2706069946289062
scan12,36,3,large_disparity,2102,65.96829223632812,69.87089538574219,3.9026031494140625
scan12,36,3,occluded_any,1017,139.80580139160156,140.0184783935547,0.212677001953125
scan12,36,3,occluded_majority,631,201.1356964111328,201.52630615234375,0.3906097412109375
scan12,36,3,large_disp_and_occluded,569,240.00621032714844,242.4844512939453,2.478240966796875
scan12,36,3,boundary_and_occluded,751,174.57179260253906,176.9273681640625,2.3555755615234375
scan12,37,3,full,9482,16.79285430908203,16.682445526123047,-0.11040878295898438
scan12,37,3,boundary,949,91.50927734375,87.13964080810547,-4.369636535644531
scan12,37,3,large_disparity,1897,75.94615936279297,76.45948028564453,0.5133209228515625
scan12,37,3,occluded_any,1247,118.98995971679688,116.98790740966797,-2.0020523071289062
scan12,37,3,occluded_majority,642,153.65003967285156,149.2100372314453,-4.44000244140625
scan12,37,3,large_disp_and_occluded,651,218.73260498046875,216.83529663085938,-1.897308349609375
scan12,37,3,boundary_and_occluded,677,125.72195434570312,119.46127319335938,-6.26068115234375
scan12,38,3,full,6240,25.944286346435547,25.528730392456055,-0.4155559539794922
scan12,38,3,boundary,624,121.61235809326172,118.30679321289062,-3.3055648803710938
scan12,38,3,large_disparity,1248,114.26728057861328,103.61671447753906,-10.650566101074219
scan12,38,3,occluded_any,731,198.8370361328125,184.4019775390625,-14.43505859375
scan12,38,3,occluded_majority,548,260.09783935546875,239.1777801513672,-20.920059204101562
scan12,38,3,large_disp_and_occluded,433,324.78045654296875,296.427978515625,-28.35247802734375
scan12,38,3,boundary_and_occluded,373,195.81732177734375,187.5189971923828,-8.298324584960938
scan12,39,3,full,7832,35.79816436767578,35.48917007446289,-0.3089942932128906
scan12,39,3,boundary,784,142.01622009277344,139.76785278320312,-2.2483673095703125
scan12,39,3,large_disparity,1567,169.27313232421875,168.675048828125,-0.59808349609375
scan12,39,3,occluded_any,1173,230.02281188964844,228.25582885742188,-1.7669830322265625
scan12,39,3,occluded_majority,777,334.50494384765625,332.6474304199219,-1.857513427734375
scan12,39,3,large_disp_and_occluded,713,370.912109375,369.7607421875,-1.1513671875
scan12,39,3,boundary_and_occluded,527,207.8936767578125,205.2103271484375,-2.683349609375
scan12,40,3,full,8829,19.297801971435547,18.79788589477539,-0.49991607666015625
scan12,40,3,boundary,883,70.15911865234375,67.9416275024414,-2.2174911499023438
scan12,40,3,large_disparity,1766,89.88732147216797,88.36061096191406,-1.5267105102539062
scan12,40,3,occluded_any,865,182.59500122070312,175.83351135253906,-6.7614898681640625
scan12,40,3,occluded_majority,689,226.01754760742188,218.47459411621094,-7.5429534912109375
scan12,40,3,large_disp_and_occluded,553,279.3895263671875,270.2075500488281,-9.181976318359375
scan12,40,3,boundary_and_occluded,382,154.449951171875,149.81654357910156,-4.6334075927734375
scan12,41,3,full,9326,10.325607299804688,9.874074935913086,-0.45153236389160156
scan12,41,3,boundary,933,37.82908248901367,35.308021545410156,-2.5210609436035156
scan12,41,3,large_disparity,1866,46.83828353881836,44.377986907958984,-2.460296630859375
scan12,41,3,occluded_any,588,146.2176055908203,140.2398681640625,-5.9777374267578125
scan12,41,3,occluded_majority,417,200.2169952392578,192.95664978027344,-7.260345458984375
scan12,41,3,large_disp_and_occluded,356,235.15553283691406,225.8248748779297,-9.330657958984375
scan12,41,3,boundary_and_occluded,276,113.37911987304688,108.96524810791016,-4.413871765136719
scan12,42,3,full,9472,4.082530498504639,3.9076504707336426,-0.1748800277709961
scan12,42,3,boundary,948,23.471477508544922,21.44940757751465,-2.0220699310302734
scan12,42,3,large_disparity,1895,16.659740447998047,15.931448936462402,-0.7282915115356445
scan12,42,3,occluded_any,370,77.82260131835938,74.93328857421875,-2.889312744140625
scan12,42,3,occluded_majority,221,119.29049682617188,116.84210968017578,-2.4483871459960938
scan12,42,3,large_disp_and_occluded,200,137.6926727294922,134.10308837890625,-3.5895843505859375
scan12,42,3,boundary_and_occluded,212,86.76507568359375,82.42743682861328,-4.337638854980469
scan12,43,3,full,9485,2.968862295150757,2.7270069122314453,-0.24185538291931152
scan12,43,3,boundary,949,20.680662155151367,17.961557388305664,-2.719104766845703
scan12,43,3,large_disparity,1897,11.009331703186035,9.769869804382324,-1.239461898803711
scan12,43,3,occluded_any,331,55.33311080932617,50.25680160522461,-5.0763092041015625
scan12,43,3,occluded_majority,191,85.69931030273438,80.06797790527344,-5.6313323974609375
scan12,43,3,large_disp_and_occluded,163,105.02179718017578,96.75853729248047,-8.263259887695312
scan12,43,3,boundary_and_occluded,208,74.25244903564453,66.74401092529297,-7.5084381103515625
scan12,44,3,full,9437,2.855748176574707,2.530219793319702,-0.3255283832550049
scan12,44,3,boundary,944,21.235563278198242,17.296152114868164,-3.939411163330078
scan12,44,3,large_disparity,1888,11.2344388961792,9.325410842895508,-1.9090280532836914
scan12,44,3,occluded_any,305,55.847625732421875,48.733524322509766,-7.114101409912109
scan12,44,3,occluded_majority,164,88.32597351074219,80.12042999267578,-8.205543518066406
scan12,44,3,large_disp_and_occluded,158,102.05467224121094,88.56200408935547,-13.492668151855469
scan12,44,3,boundary_and_occluded,205,74.28832244873047,63.210472106933594,-11.077850341796875
scan12,45,3,full,9356,2.4058358669281006,2.0571906566619873,-0.3486452102661133
scan12,45,3,boundary,936,15.407825469970703,12.597172737121582,-2.810652732849121
scan12,45,3,large_disparity,1872,7.567418575286865,6.54419469833374,-1.023223876953125
scan12,45,3,occluded_any,307,35.919559478759766,31.941640853881836,-3.9779186248779297
scan12,45,3,occluded_majority,161,50.919647216796875,49.04837417602539,-1.8712730407714844
scan12,45,3,large_disp_and_occluded,132,73.35774993896484,65.72057342529297,-7.637176513671875
scan12,45,3,boundary_and_occluded,175,52.93470001220703,46.099151611328125,-6.835548400878906
scan12,46,3,full,9219,4.546936511993408,4.2412238121032715,-0.3057126998901367
scan12,46,3,boundary,922,24.051816940307617,21.13286590576172,-2.9189510345458984
scan12,46,3,large_disparity,1844,16.701284408569336,15.666130065917969,-1.0351543426513672
scan12,46,3,occluded_any,403,75.79725646972656,71.24407958984375,-4.5531768798828125
scan12,46,3,occluded_majority,256,108.86187744140625,104.66979217529297,-4.192085266113281
scan12,46,3,large_disp_and_occluded,154,182.84619140625,173.4227294921875,-9.4234619140625
scan12,46,3,boundary_and_occluded,227,77.21776580810547,69.6840591430664,-7.5337066650390625
scan12,47,3,full,8911,12.21926498413086,11.968240737915039,-0.2510242462158203
scan12,47,3,boundary,892,25.891056060791016,25.60759735107422,-0.2834587097167969
scan12,47,3,large_disparity,1783,51.85551452636719,51.127262115478516,-0.7282524108886719
scan12,47,3,occluded_any,645,146.446533203125,146.09213256835938,-0.354400634765625
scan12,47,3,occluded_majority,423,214.36973571777344,213.97744750976562,-0.3922882080078125
scan12,47,3,large_disp_and_occluded,286,314.6365966796875,314.0964050292969,-0.540191650390625
scan12,47,3,boundary_and_occluded,273,67.45012664794922,68.38639831542969,0.9362716674804688
scan12,48,3,full,8340,15.752461433410645,15.648804664611816,-0.10365676879882812
scan12,48,3,boundary,834,52.85143280029297,52.383766174316406,-0.4676666259765625
scan12,48,3,large_disparity,1668,68.70503234863281,69.70704650878906,1.00201416015625
scan12,48,3,occluded_any,684,169.77178955078125,169.79989624023438,0.028106689453125
scan12,48,3,occluded_majority,502,226.26870727539062,228.36000061035156,2.0912933349609375
scan12,48,3,large_disp_and_occluded,332,337.40728759765625,340.3348693847656,2.927581787109375
scan12,48,3,boundary_and_occluded,311,127.37089538574219,128.8593292236328,1.488433837890625
scan13,0,3,full,13891,71.99304962158203,49.528385162353516,-22.464664459228516
scan13,0,3,boundary,1390,98.73808288574219,115.02450561523438,16.286422729492188
scan13,0,3,large_disparity,2779,11.101224899291992,6.312836647033691,-4.788388252258301
scan13,0,3,occluded_any,307,77.87591552734375,53.9373664855957,-23.938549041748047
scan13,0,3,occluded_majority,256,75.72463989257812,53.58154296875,-22.143096923828125
scan13,0,3,large_disp_and_occluded,58,2.9623045921325684,4.666592121124268,1.7042875289916992
scan13,0,3,boundary_and_occluded,222,21.972278594970703,19.076669692993164,-2.895608901977539
scan13,1,3,full,15949,29.368080139160156,10.541473388671875,-18.82660675048828
scan13,1,3,boundary,1595,19.08672523498535,10.869300842285156,-8.217424392700195
scan13,1,3,large_disparity,3190,3.146975517272949,2.6938726902008057,-0.45310282707214355
scan13,1,3,occluded_any,3695,9.462301254272461,6.628317832946777,-2.8339834213256836
scan13,1,3,occluded_majority,662,29.8775634765625,17.82606315612793,-12.05150032043457
scan13,1,3,large_disp_and_occluded,1062,3.5531017780303955,3.754326581954956,0.20122480392456055
scan13,1,3,boundary_and_occluded,1307,19.294862747192383,11.176339149475098,-8.118523597717285
scan13,2,3,full,16115,26.57732582092285,18.715351104736328,-7.861974716186523
scan13,2,3,boundary,1612,10.410179138183594,11.05907917022705,0.648900032043457
scan13,2,3,large_disparity,3223,62.708961486816406,34.88198471069336,-27.826976776123047
scan13,2,3,occluded_any,798,12.0352201461792,14.4342679977417,2.3990478515625
scan13,2,3,occluded_majority,594,11.837854385375977,12.343270301818848,0.5054159164428711
scan13,2,3,large_disp_and_occluded,129,11.776930809020996,14.213754653930664,2.436823844909668
scan13,2,3,boundary_and_occluded,648,13.81369686126709,15.647393226623535,1.8336963653564453
scan13,3,3,full,15186,10.93838882446289,4.724813461303711,-6.21357536315918
scan13,3,3,boundary,1519,4.290828704833984,3.5850985050201416,-0.7057301998138428
scan13,3,3,large_disparity,3038,12.981690406799316,4.064300537109375,-8.917389869689941
scan13,3,3,occluded_any,1022,6.018279552459717,4.206844806671143,-1.8114347457885742
scan13,3,3,occluded_majority,632,5.822414875030518,4.567816257476807,-1.254598617553711
scan13,3,3,large_disp_and_occluded,406,6.824464797973633,3.4484851360321045,-3.3759796619415283
scan13,3,3,boundary_and_occluded,700,6.048133850097656,5.091657638549805,-0.9564762115478516
scan13,4,3,full,10874,13.65129280090332,13.807625770568848,0.15633296966552734
scan13,4,3,boundary,1088,23.151742935180664,29.601242065429688,6.449499130249023
scan13,4,3,large_disparity,2175,8.81604290008545,27.684171676635742,18.868128776550293
scan13,4,3,occluded_any,676,60.18308639526367,62.91978454589844,2.7366981506347656
scan13,4,3,occluded_majority,588,67.34935760498047,70.52958679199219,3.1802291870117188
scan13,4,3,large_disp_and_occluded,275,55.13142395019531,77.8071060180664,22.675682067871094
scan13,4,3,boundary_and_occluded,454,39.714107513427734,50.56984329223633,10.855735778808594
scan13,5,3,full,12263,1.6750259399414062,1.7475204467773438,0.0724945068359375
scan13,5,3,boundary,1227,6.319174289703369,5.8374924659729,-0.48168182373046875
scan13,5,3,large_disparity,2453,1.5634676218032837,1.7473458051681519,0.18387818336486816
scan13,5,3,occluded_any,570,14.459092140197754,13.802611351013184,-0.6564807891845703
scan13,5,3,occluded_majority,345,17.76203155517578,17.693008422851562,-0.06902313232421875
scan13,5,3,large_disp_and_occluded,236,6.427568435668945,6.916225910186768,0.48865747451782227
scan13,5,3,boundary_and_occluded,457,12.31978702545166,11.925192832946777,-0.3945941925048828
scan13,6,3,full,15418,1.0948230028152466,0.9187660813331604,-0.17605692148208618
scan13,6,3,boundary,1542,3.53155779838562,2.2277705669403076,-1.3037872314453125
scan13,6,3,large_disparity,3084,1.0131648778915405,0.8674566745758057,-0.14570820331573486
scan13,6,3,occluded_any,810,5.248865604400635,3.9480812549591064,-1.3007843494415283
scan13,6,3,occluded_majority,512,6.233530521392822,4.42186164855957,-1.811668872833252
scan13,6,3,large_disp_and_occluded,250,2.89707612991333,1.710667371749878,-1.1864087581634521
scan13,6,3,boundary_and_occluded,550,6.401816368103027,4.398716926574707,-2.0030994415283203
scan13,7,3,full,16690,1.5608619451522827,1.1546920537948608,-0.4061698913574219
scan13,7,3,boundary,1669,3.4907288551330566,3.086735963821411,-0.4039928913116455
scan13,7,3,large_disparity,3338,2.6646716594696045,1.7273129224777222,-0.9373587369918823
scan13,7,3,occluded_any,705,5.620629787445068,4.391583442687988,-1.22904634475708
scan13,7,3,occluded_majority,492,4.719799041748047,3.2222707271575928,-1.497528314590454
scan13,7,3,large_disp_and_occluded,237,9.005354881286621,5.800709247589111,-3.2046456336975098
scan13,7,3,boundary_and_occluded,579,5.969484329223633,4.9636688232421875,-1.0058155059814453
scan13,8,3,full,17119,1.5065064430236816,1.6121152639389038,0.10560882091522217
scan13,8,3,boundary,1712,5.935560703277588,7.141561031341553,1.2060003280639648
scan13,8,3,large_disparity,3424,0.9589590430259705,0.9337748885154724,-0.025184154510498047
scan13,8,3,occluded_any,1446,6.460597038269043,7.515725135803223,1.0551280975341797
scan13,8,3,occluded_majority,493,5.861592769622803,5.536509990692139,-0.32508277893066406
scan13,8,3,large_disp_and_occluded,180,6.836221694946289,5.393404006958008,-1.4428176879882812
scan13,8,3,boundary_and_occluded,1323,6.910752773284912,8.034692764282227,1.1239399909973145
scan13,9,3,full,17491,2.870321035385132,4.265697002410889,1.3953759670257568
scan13,9,3,boundary,1750,1.490273118019104,1.3230094909667969,-0.16726362705230713
scan13,9,3,large_disparity,3499,1.7588562965393066,1.7364810705184937,-0.02237522602081299
scan13,9,3,occluded_any,643,2.220125198364258,1.9969792366027832,-0.2231459617614746
scan13,9,3,occluded_majority,404,2.761376142501831,2.4688644409179688,-0.2925117015838623
scan13,9,3,large_disp_and_occluded,17,10.261205673217773,8.426607131958008,-1.8345985412597656
scan13,9,3,boundary_and_occluded,596,2.2976455688476562,2.036956548690796,-0.26068902015686035
scan13,10,3,full,17147,6.745334625244141,18.59889030456543,11.853555679321289
scan13,10,3,boundary,1715,8.932938575744629,9.631855010986328,0.6989164352416992
scan13,10,3,large_disparity,3430,2.7165632247924805,1.9274559020996094,-0.7891073226928711
scan13,10,3,occluded_any,537,14.54147720336914,19.28558349609375,4.744106292724609
scan13,10,3,occluded_majority,395,17.39385223388672,23.78877830505371,6.394926071166992
scan13,10,3,large_disp_and_occluded,64,7.903429985046387,16.901012420654297,8.99758243560791
scan13,10,3,boundary_and_occluded,488,14.834891319274902,18.161231994628906,3.326340675354004
scan13,11,3,full,15148,14.42042350769043,2.5543713569641113,-11.866052150726318
scan13,11,3,boundary,1515,27.327159881591797,14.437671661376953,-12.889488220214844
scan13,11,3,large_disparity,3030,5.290524959564209,2.031083106994629,-3.25944185256958
scan13,11,3,occluded_any,194,9.321630477905273,7.393131732940674,-1.9284987449645996
scan13,11,3,occluded_majority,150,10.282880783081055,8.034547805786133,-2.248332977294922
scan13,11,3,large_disp_and_occluded,78,9.411764144897461,6.181539058685303,-3.230225086212158
scan13,11,3,boundary_and_occluded,190,8.913607597351074,7.085354328155518,-1.8282532691955566
scan13,12,3,full,16930,3.270662784576416,1.921173095703125,-1.349489688873291
scan13,12,3,boundary,1693,7.0640106201171875,5.728133678436279,-1.3358769416809082
scan13,12,3,large_disparity,3386,1.6152399778366089,1.3029558658599854,-0.31228411197662354
scan13,12,3,occluded_any,2439,8.884543418884277,4.61968994140625,-4.264853477478027
scan13,12,3,occluded_majority,406,11.973594665527344,8.169692039489746,-3.8039026260375977
scan13,12,3,large_disp_and_occluded,57,2.6242644786834717,2.930579423904419,0.30631494522094727
scan13,12,3,boundary_and_occluded,1161,7.829373359680176,5.63765811920166,-2.1917152404785156
scan13,13,3,full,17550,1.0524262189865112,0.9967321157455444,-0.0556941032409668
scan13,13,3,boundary,1755,1.2414618730545044,1.1254369020462036,-0.11602497100830078
scan13,13,3,large_disparity,3510,1.5540767908096313,1.1082876920700073,-0.445789098739624
scan13,13,3,occluded_any,525,2.1382482051849365,1.54746413230896,-0.5907840728759766
scan13,13,3,occluded_majority,381,2.4478816986083984,1.7293219566345215,-0.718559741973877
scan13,13,3,large_disp_and_occluded,51,9.952881813049316,4.426669120788574,-5.526212692260742
scan13,13,3,boundary_and_occluded,496,2.1327965259552,1.5452584028244019,-0.5875381231307983
scan13,14,3,full,17363,1.025467872619629,0.7741727828979492,-0.2512950897216797
scan13,14,3,boundary,1737,0.8380138874053955,0.7019577026367188,-0.13605618476867676
scan13,14,3,large_disparity,3473,0.6810675859451294,0.9311118721961975,0.2500442862510681
scan13,14,3,occluded_any,510,0.9363229870796204,0.9069617390632629,-0.029361248016357422
scan13,14,3,occluded_majority,367,1.020563006401062,0.97247713804245,-0.04808586835861206
scan13,14,3,large_disp_and_occluded,17,0.9058873653411865,0.596686840057373,-0.3092005252838135
scan13,14,3,boundary_and_occluded,478,0.9590635299682617,0.9345888495445251,-0.024474680423736572
scan13,15,3,full,16816,1.6852507591247559,1.9493223428726196,0.26407158374786377
scan13,15,3,boundary,1682,4.787683963775635,6.826655864715576,2.0389719009399414
scan13,15,3,large_disparity,3364,1.3068228960037231,0.8709313273429871,-0.4358915686607361
scan13,15,3,occluded_any,1875,4.015968322753906,6.641593933105469,2.6256256103515625
scan13,15,3,occluded_majority,545,6.1658525466918945,9.595203399658203,3.4293508529663086
scan13,15,3,large_disp_and_occluded,350,2.6214487552642822,2.675715446472168,0.05426669120788574
scan13,15,3,boundary_and_occluded,1500,4.299846172332764,7.409388065338135,3.109541893005371
scan13,16,3,full,16442,0.8626695275306702,1.1333532333374023,0.2706837058067322
scan13,16,3,boundary,1645,3.743013381958008,3.3344898223876953,-0.4085235595703125
scan13,16,3,large_disparity,3289,1.0844992399215698,0.9429993629455566,-0.14149987697601318
scan13,16,3,occluded_any,744,6.816172122955322,5.794520854949951,-1.021651268005371
scan13,16,3,occluded_majority,587,6.695690155029297,6.015745639801025,-0.6799445152282715
scan13,16,3,large_disp_and_occluded,78,14.702277183532715,15.083715438842773,0.3814382553100586
scan13,16,3,boundary_and_occluded,677,7.308078765869141,6.188386917114258,-1.1196918487548828
scan13,17,3,full,16198,0.9936702251434326,0.9402951002120972,-0.05337512493133545
scan13,17,3,boundary,1620,3.73980975151062,2.4142355918884277,-1.3255741596221924
scan13,17,3,large_disparity,3240,1.4504936933517456,2.545325517654419,1.0948318243026733
scan13,17,3,occluded_any,585,7.568689823150635,5.354808330535889,-2.213881492614746
scan13,17,3,occluded_majority,462,8.157991409301758,5.635355472564697,-2.5226359367370605
scan13,17,3,large_disp_and_occluded,205,6.83369255065918,6.203282833099365,-0.6304097175598145
scan13,17,3,boundary_and_occluded,529,7.633997917175293,5.406036853790283,-2.2279610633850098
scan13,18,3,full,14277,1.4737868309020996,1.0527946949005127,-0.4209921360015869
scan13,18,3,boundary,1428,3.720729112625122,3.68752384185791,-0.033205270767211914
scan13,18,3,large_disparity,2856,3.7755022048950195,1.410642385482788,-2.3648598194122314
scan13,18,3,occluded_any,417,9.001181602478027,8.598142623901367,-0.40303897857666016
scan13,18,3,occluded_majority,295,8.348736763000488,8.292379379272461,-0.056357383728027344
scan13,18,3,large_disp_and_occluded,95,11.981196403503418,9.4089937210083,-2.572202682495117
scan13,18,3,boundary_and_occluded,380,9.064560890197754,8.697059631347656,-0.36750125885009766
scan13,19,3,full,13080,1.1214548349380493,1.5660207271575928,0.44456589221954346
scan13,19,3,boundary,1308,5.355432033538818,5.2318806648254395,-0.1235513687133789
scan13,19,3,large_disparity,2616,2.7704100608825684,3.739976167678833,0.9695661067962646
scan13,19,3,occluded_any,327,9.994365692138672,10.710468292236328,0.7161026000976562
scan13,19,3,occluded_majority,239,10.187199592590332,11.110824584960938,0.9236249923706055
scan13,19,3,large_disp_and_occluded,227,8.691542625427246,9.501665115356445,0.8101224899291992
scan13,19,3,boundary_and_occluded,316,10.201992988586426,10.902750015258789,0.7007570266723633
scan13,20,3,full,15282,1.7906494140625,1.585728645324707,-0.20492076873779297
scan13,20,3,boundary,1529,3.678929328918457,3.2519371509552,-0.42699217796325684
scan13,20,3,large_disparity,3057,5.222257137298584,4.683418273925781,-0.5388388633728027
scan13,20,3,occluded_any,382,10.712223052978516,9.294058799743652,-1.4181642532348633
scan13,20,3,occluded_majority,284,9.798943519592285,8.830632209777832,-0.9683113098144531
scan13,20,3,large_disp_and_occluded,183,3.1275126934051514,3.38563871383667,0.25812602043151855
scan13,20,3,boundary_and_occluded,362,10.817547798156738,9.388175964355469,-1.4293718338012695
scan13,21,3,full,16253,1.2495850324630737,0.9676790237426758,-0.28190600872039795
scan13,21,3,boundary,1626,3.51104998588562,3.339529037475586,-0.17152094841003418
scan13,21,3,large_disparity,3251,3.0401511192321777,2.360342502593994,-0.6798086166381836
scan13,21,3,occluded_any,435,10.50111198425293,10.819324493408203,0.31821250915527344
scan13,21,3,occluded_majority,333,11.261090278625488,12.347500801086426,1.0864105224609375
scan13,21,3,large_disp_and_occluded,110,14.995406150817871,22.896196365356445,7.900790214538574
scan13,21,3,boundary_and_occluded,409,10.535122871398926,10.818244934082031,0.28312206268310547
scan13,22,3,full,16276,0.8634054660797119,0.9513232111930847,0.0879177451133728
scan13,22,3,boundary,1628,3.297607421875,2.6841938495635986,-0.6134135723114014
scan13,22,3,large_disparity,3256,1.4940783977508545,1.4544601440429688,-0.03961825370788574
scan13,22,3,occluded_any,453,8.224690437316895,6.5627851486206055,-1.661905288696289
scan13,22,3,occluded_majority,307,6.046045780181885,5.739335536956787,-0.30671024322509766
scan13,22,3,large_disp_and_occluded,102,17.837072372436523,15.709406852722168,-2.1276655197143555
scan13,22,3,boundary_and_occluded,441,8.366386413574219,6.640233039855957,-1.7261533737182617
scan13,23,3,full,16783,1.0278924703598022,0.956885814666748,-0.0710066556930542
scan13,23,3,boundary,1679,2.164241313934326,2.703843355178833,0.5396020412445068
scan13,23,3,large_disparity,3357,0.9931477904319763,0.8247079253196716,-0.1684398651123047
scan13,23,3,occluded_any,1939,1.975044846534729,2.3913052082061768,0.41626036167144775
scan13,23,3,occluded_majority,398,3.905897617340088,4.641289710998535,0.7353920936584473
scan13,23,3,large_disp_and_occluded,378,3.609701156616211,4.123173713684082,0.5134725570678711
scan13,23,3,boundary_and_occluded,1508,2.248117685317993,2.789294958114624,0.5411772727966309
scan13,24,3,full,17315,0.7677561044692993,0.5457062125205994,-0.22204989194869995
scan13,24,3,boundary,1732,0.6024645566940308,0.741520345211029,0.1390557885169983
scan13,24,3,large_disparity,3463,0.6210067272186279,0.5141276121139526,-0.10687911510467529
scan13,24,3,occluded_any,567,0.7874929308891296,0.8508323431015015,0.06333941221237183
scan13,24,3,occluded_majority,392,0.8440490961074829,0.9565364122390747,0.1124873161315918
scan13,24,3,large_disp_and_occluded,20,0.730560302734375,3.7335205078125,3.002960205078125
scan13,24,3,boundary_and_occluded,532,0.7770483493804932,0.8412739634513855,0.06422561407089233
scan13,25,3,full,17359,0.4869737923145294,0.4926881790161133,0.005714386701583862
scan13,25,3,boundary,1736,0.5304429531097412,0.6292015910148621,0.09875863790512085
scan13,25,3,large_disparity,3472,0.6958968639373779,0.530246913433075,-0.16564995050430298
scan13,25,3,occluded_any,476,0.6577185392379761,0.917759895324707,0.26004135608673096
scan13,25,3,occluded_majority,338,0.6911363005638123,0.9939035177230835,0.30276721715927124
scan13,25,3,large_disp_and_occluded,29,1.7655829191207886,2.7463064193725586,0.98072350025177
scan13,25,3,boundary_and_occluded,458,0.661707878112793,0.9270392656326294,0.2653313875198364
scan13,26,3,full,16949,0.7752718329429626,0.7384109497070312,-0.036860883235931396
scan13,26,3,boundary,1695,1.3329150676727295,1.2768484354019165,-0.05606663227081299
scan13,26,3,large_disparity,3390,1.079783320426941,1.1184040307998657,0.038620710372924805
scan13,26,3,occluded_any,436,2.6738121509552,2.3527729511260986,-0.32103919982910156
scan13,26,3,occluded_majority,289,3.1475400924682617,2.707838535308838,-0.43970155715942383
scan13,26,3,large_disp_and_occluded,34,15.062945365905762,13.468831062316895,-1.5941143035888672
scan13,26,3,boundary_and_occluded,421,2.6779801845550537,2.3575010299682617,-0.320479154586792
scan13,27,3,full,16011,3.1752378940582275,2.842186689376831,-0.3330512046813965
scan13,27,3,boundary,1602,8.661335945129395,11.177627563476562,2.516291618347168
scan13,27,3,large_disparity,3203,1.9871717691421509,2.273127794265747,0.2859560251235962
scan13,27,3,occluded_any,1682,13.48415756225586,11.408954620361328,-2.0752029418945312
scan13,27,3,occluded_majority,310,15.044105529785156,17.739330291748047,2.6952247619628906
scan13,27,3,large_disp_and_occluded,83,23.34505844116211,32.03475570678711,8.689697265625
scan13,27,3,boundary_and_occluded,1024,9.57131576538086,11.909372329711914,2.3380565643310547
scan13,28,3,full,13646,1.174659252166748,1.3026838302612305,0.12802457809448242
scan13,28,3,boundary,1365,7.393144607543945,9.318145751953125,1.9250011444091797
scan13,28,3,large_disparity,2730,1.9879494905471802,1.5116058588027954,-0.47634363174438477
scan13,28,3,occluded_any,166,3.3205790519714355,4.118300914764404,0.7977218627929688
scan13,28,3,occluded_majority,145,3.7110683917999268,4.609241008758545,0.8981726169586182
scan13,28,3,large_disp_and_occluded,46,2.54611873626709,5.2244343757629395,2.6783156394958496
scan13,28,3,boundary_and_occluded,159,3.4506068229675293,4.2879157066345215,0.8373088836669922
scan13,29,3,full,15426,2.1230294704437256,1.2164958715438843,-0.9065335988998413
scan13,29,3,boundary,1543,9.329280853271484,4.828399658203125,-4.500881195068359
scan13,29,3,large_disparity,3086,1.183707594871521,0.9076464176177979,-0.27606117725372314
scan13,29,3,occluded_any,2835,8.517281532287598,4.443856239318848,-4.07342529296875
scan13,29,3,occluded_majority,349,7.409957408905029,8.89783000946045,1.48787260055542
scan13,29,3,large_disp_and_occluded,175,5.357111930847168,3.4691905975341797,-1.8879213333129883
scan13,29,3,boundary_and_occluded,1490,9.259326934814453,4.9181976318359375,-4.341129302978516
scan13,30,3,full,16430,0.5429957509040833,0.4536162316799164,-0.08937951922416687
scan13,30,3,boundary,1643,0.7256326079368591,0.7391296029090881,0.013496994972229004
scan13,30,3,large_disparity,3286,0.7404695749282837,0.5694974064826965,-0.17097216844558716
scan13,30,3,occluded_any,419,1.063270926475525,0.9539198875427246,-0.10935103893280029
scan13,30,3,occluded_majority,301,1.13289213180542,1.0459502935409546,-0.08694183826446533
scan13,30,3,large_disp_and_occluded,47,2.2012574672698975,2.573146104812622,0.3718886375427246
scan13,30,3,boundary_and_occluded,387,1.1102423667907715,0.9769864082336426,-0.1332559585571289
scan13,31,3,full,17115,0.4369131028652191,0.40323179960250854,-0.03368130326271057
scan13,31,3,boundary,1712,0.5992419719696045,1.0124279260635376,0.4131859540939331
scan13,31,3,large_disparity,3423,0.5691919922828674,0.633834183216095,0.06464219093322754
scan13,31,3,occluded_any,461,0.6065075397491455,0.807802140712738,0.20129460096359253
scan13,31,3,occluded_majority,316,0.6765511631965637,0.8857440948486328,0.2091929316520691
scan13,31,3,large_disp_and_occluded,23,2.3874590396881104,4.30010986328125,1.9126508235931396
scan13,31,3,boundary_and_occluded,437,0.6180186867713928,0.8286815881729126,0.21066290140151978
scan13,32,3,full,17473,0.4163874685764313,0.3276742696762085,-0.08871319890022278
scan13,32,3,boundary,1748,0.5166330337524414,0.4455203711986542,-0.07111266255378723
scan13,32,3,large_disparity,3495,0.36662471294403076,0.27824103832244873,-0.08838367462158203
scan13,32,3,occluded_any,487,0.6101136803627014,0.6573570370674133,0.047243356704711914
scan13,32,3,occluded_majority,341,0.6375202536582947,0.6904860734939575,0.05296581983566284
scan13,32,3,large_disp_and_occluded,7,1.1771501302719116,2.23870849609375,1.0615583658218384
scan13,32,3,boundary_and_occluded,463,0.6117396950721741,0.6563607454299927,0.044621050357818604
scan13,33,3,full,17281,0.5055593252182007,0.5719076991081238,0.0663483738899231
scan13,33,3,boundary,1729,0.5922473073005676,0.9677696228027344,0.37552231550216675
scan13,33,3,large_disparity,3457,0.6045064330101013,0.4366112947463989,-0.1678951382637024
scan13,33,3,occluded_any,651,0.7046456933021545,0.888282299041748,0.1836366057395935
scan13,33,3,occluded_majority,352,0.7847879528999329,0.8561257719993591,0.07133781909942627
scan13,33,3,large_disp_and_occluded,56,1.380858302116394,1.0278593301773071,-0.3529989719390869
scan13,33,3,boundary_and_occluded,614,0.7068746089935303,0.8969171047210693,0.19004249572753906
scan13,34,3,full,16453,1.4522778987884521,1.131821632385254,-0.32045626640319824
scan13,34,3,boundary,1646,8.785394668579102,6.159976959228516,-2.625417709350586
scan13,34,3,large_disparity,3291,3.4199862480163574,2.007072925567627,-1.4129133224487305
scan13,34,3,occluded_any,1013,13.713428497314453,9.504098892211914,-4.209329605102539
scan13,34,3,occluded_majority,818,16.524965286254883,11.46883487701416,-5.056130409240723
scan13,34,3,large_disp_and_occluded,191,40.59440994262695,27.197078704833984,-13.397331237792969
scan13,34,3,boundary_and_occluded,1001,13.872186660766602,9.612072944641113,-4.260113716125488
scan13,35,3,full,16297,1.0048352479934692,1.0195657014846802,0.014730453491210938
scan13,35,3,boundary,1630,3.2829203605651855,2.472304344177246,-0.8106160163879395
scan13,35,3,large_disparity,3260,1.7322999238967896,0.9215839505195618,-0.8107159733772278
scan13,35,3,occluded_any,349,12.288217544555664,9.015880584716797,-3.272336959838867
scan13,35,3,occluded_majority,222,10.900168418884277,8.158507347106934,-2.7416610717773438
scan13,35,3,large_disp_and_occluded,96,32.58595657348633,18.728559494018555,-13.857397079467773
scan13,35,3,boundary_and_occluded,311,13.248736381530762,9.666790962219238,-3.5819454193115234
scan13,36,3,full,16003,0.9858893752098083,1.331305742263794,0.3454163670539856
scan13,36,3,boundary,1601,3.279120922088623,2.590068817138672,-0.6890521049499512
scan13,36,3,large_disparity,3201,1.297034502029419,1.5070329904556274,0.2099984884262085
scan13,36,3,occluded_any,300,11.8660306930542,8.626938819885254,-3.2390918731689453
scan13,36,3,occluded_majority,230,13.006507873535156,9.4093599319458,-3.5971479415893555
scan13,36,3,large_disp_and_occluded,126,9.19463062286377,4.584569454193115,-4.610061168670654
scan13,36,3,boundary_and_occluded,286,11.885876655578613,8.666927337646484,-3.218949317932129
scan13,37,3,full,14764,1.0912435054779053,1.422497272491455,0.3312537670135498
scan13,37,3,boundary,1477,2.7661936283111572,3.061919927597046,0.29572629928588867
scan13,37,3,large_disparity,2953,2.7999107837677,3.782409429550171,0.9824986457824707
scan13,37,3,occluded_any,326,9.051257133483887,9.046520233154297,-0.004736900329589844
scan13,37,3,occluded_majority,216,9.541535377502441,9.819428443908691,0.27789306640625
scan13,37,3,large_disp_and_occluded,154,0.5759419798851013,1.4640918970108032,0.8881499171257019
scan13,37,3,boundary_and_occluded,322,9.144525527954102,9.119648933410645,-0.02487659454345703
scan13,38,3,full,13397,0.9555122256278992,0.8949607610702515,-0.060551464557647705
scan13,38,3,boundary,1340,3.621582508087158,3.0664098262786865,-0.5551726818084717
scan13,38,3,large_disparity,2680,0.6904026865959167,0.5570470094680786,-0.13335567712783813
scan13,38,3,occluded_any,241,8.97012710571289,8.062716484069824,-0.9074106216430664
scan13,38,3,occluded_majority,175,8.455084800720215,8.517037391662598,0.06195259094238281
scan13,38,3,large_disp_and_occluded,161,1.0774043798446655,0.5853292346000671,-0.4920751452445984
scan13,38,3,boundary_and_occluded,241,8.97012710571289,8.062716484069824,-0.9074106216430664
scan13,39,3,full,15154,0.778921902179718,0.7360576391220093,-0.04286426305770874
scan13,39,3,boundary,1516,3.0386157035827637,2.5354299545288086,-0.5031857490539551
scan13,39,3,large_disparity,3031,0.5516754984855652,0.4934665560722351,-0.05820894241333008
scan13,39,3,occluded_any,357,9.819815635681152,7.855020999908447,-1.964794635772705
scan13,39,3,occluded_majority,215,10.469311714172363,8.317216873168945,-2.152094841003418
scan13,39,3,large_disp_and_occluded,187,0.7716175317764282,0.5956323146820068,-0.1759852170944214
scan13,39,3,boundary_and_occluded,351,9.964212417602539,7.945228099822998,-2.018984317779541
scan13,40,3,full,16096,0.7646987438201904,0.6528773903846741,-0.11182135343551636
scan13,40,3,boundary,1610,3.3589680194854736,1.7029057741165161,-1.6560622453689575
scan13,40,3,large_disparity,3220,1.335706114768982,0.5974170565605164,-0.7382890582084656
scan13,40,3,occluded_any,342,11.059120178222656,4.811784267425537,-6.247335910797119
scan13,40,3,occluded_majority,241,10.16831111907959,3.982806921005249,-6.185504198074341
scan13,40,3,large_disp_and_occluded,196,10.166412353515625,3.2495968341827393,-6.916815519332886
scan13,40,3,boundary_and_occluded,332,11.37048625946045,4.9380412101745605,-6.432445049285889
scan13,41,3,full,16235,0.5626283884048462,0.6073986291885376,0.044770240783691406
scan13,41,3,boundary,1624,2.375436544418335,1.8882616758346558,-0.4871748685836792
scan13,41,3,large_disparity,3247,1.2392399311065674,1.137012004852295,-0.10222792625427246
scan13,41,3,occluded_any,306,9.416047096252441,6.966353416442871,-2.4496936798095703
scan13,41,3,occluded_majority,185,6.968050479888916,5.197912693023682,-1.7701377868652344
scan13,41,3,large_disp_and_occluded,107,25.73796844482422,18.556800842285156,-7.1811676025390625
scan13,41,3,boundary_and_occluded,280,9.83731746673584,7.299479961395264,-2.537837505340576
scan13,42,3,full,16561,1.169715166091919,1.0895617008209229,-0.0801534652709961
scan13,42,3,boundary,1657,7.707001686096191,6.335146427154541,-1.3718552589416504
scan13,42,3,large_disparity,3313,1.3143084049224854,1.11752188205719,-0.1967865228652954
scan13,42,3,occluded_any,1140,10.91102123260498,8.96820068359375,-1.9428205490112305
scan13,42,3,occluded_majority,277,15.298524856567383,14.186994552612305,-1.1115303039550781
scan13,42,3,large_disp_and_occluded,243,12.89301586151123,8.634221076965332,-4.258794784545898
scan13,42,3,boundary_and_occluded,1126,11.030527114868164,9.025918006896973,-2.0046091079711914
scan13,43,3,full,17310,0.41009071469306946,0.6390297412872314,0.228939026594162
scan13,43,3,boundary,1731,0.6747666001319885,0.8009565472602844,0.1261899471282959
scan13,43,3,large_disparity,3462,0.4691314399242401,0.5813600420951843,0.11222860217094421
scan13,43,3,occluded_any,675,0.850208580493927,0.8072596788406372,-0.042948901653289795
scan13,43,3,occluded_majority,389,0.9909788966178894,0.849063515663147,-0.14191538095474243
scan13,43,3,large_disp_and_occluded,183,1.0505067110061646,0.6911664605140686,-0.35934025049209595
scan13,43,3,boundary_and_occluded,638,0.8618764877319336,0.8238672018051147,-0.03800928592681885
scan13,44,3,full,17524,0.4202602803707123,0.42297694087028503,0.002716660499572754
scan13,44,3,boundary,1753,0.7243134379386902,0.4322453439235687,-0.29206809401512146
scan13,44,3,large_disparity,3505,0.32549336552619934,0.3224978446960449,-0.002995520830154419
scan13,44,3,occluded_any,501,1.2153855562210083,0.5913053154945374,-0.624080240726471
scan13,44,3,occluded_majority,352,1.2443923950195312,0.6206920146942139,-0.6237003803253174
scan13,44,3,large_disp_and_occluded,22,0.4326976537704468,0.4166620373725891,-0.016035616397857666
scan13,44,3,boundary_and_occluded,478,1.243337869644165,0.5959360003471375,-0.6474018692970276
scan13,45,3,full,17124,0.3532225787639618,0.3636348247528076,0.010412245988845825
scan13,45,3,boundary,1713,0.5132544040679932,0.5261998176574707,0.012945413589477539
scan13,45,3,large_disparity,3425,0.34589046239852905,0.3763829469680786,0.03049248456954956
scan13,45,3,occluded_any,431,0.6733991503715515,0.7280977368354797,0.05469858646392822
scan13,45,3,occluded_majority,322,0.6834792494773865,0.7823762893676758,0.0988970398902893
scan13,45,3,large_disp_and_occluded,4,1.2970733642578125,0.33404541015625,-0.9630279541015625
scan13,45,3,boundary_and_occluded,405,0.6753734350204468,0.7296910881996155,0.0543176531791687
scan13,46,3,full,16128,0.5236303210258484,0.4500161409378052,-0.07361418008804321
scan13,46,3,boundary,1613,0.8823164701461792,0.6637067794799805,-0.21860969066619873
scan13,46,3,large_disparity,3226,0.5699156522750854,0.44482478499412537,-0.12509086728096008
scan13,46,3,occluded_any,416,0.8768527507781982,0.8838540315628052,0.007001280784606934
scan13,46,3,occluded_majority,265,0.9129783511161804,0.8345357775688171,-0.07844257354736328
scan13,46,3,large_disp_and_occluded,1,9.3719482421875,11.9544677734375,2.58251953125
scan13,46,3,boundary_and_occluded,364,0.8944767713546753,0.8963582515716553,0.0018814802169799805
scan13,47,3,full,14915,0.7852784395217896,0.6810742616653442,-0.10420417785644531
scan13,47,3,boundary,1492,2.679014205932617,2.6606855392456055,-0.01832866668701172
scan13,47,3,large_disparity,2983,0.6997998356819153,0.5069264769554138,-0.19287335872650146
scan13,47,3,occluded_any,547,3.283967971801758,3.2572269439697266,-0.02674102783203125
scan13,47,3,occluded_majority,246,3.4843881130218506,3.249570846557617,-0.2348172664642334
scan13,47,3,large_disp_and_occluded,10,7.194525241851807,4.691607475280762,-2.502917766571045
scan13,47,3,boundary_and_occluded,439,3.82694149017334,3.8185200691223145,-0.00842142105102539
scan13,48,3,full,13112,4.445285320281982,5.100152969360352,0.6548676490783691
scan13,48,3,boundary,1312,41.5041618347168,48.028961181640625,6.524799346923828
scan13,48,3,large_disparity,2623,0.7126479744911194,0.6844919323921204,-0.028156042098999023
scan13,48,3,occluded_any,928,55.44294357299805,64.77848815917969,9.33554458618164
scan13,48,3,occluded_majority,235,26.91368865966797,27.21424102783203,0.3005523681640625
scan13,48,3,large_disp_and_occluded,76,6.487064361572266,6.885324001312256,0.39825963973999023
scan13,48,3,boundary_and_occluded,890,57.73263168334961,67.33922576904297,9.60659408569336
scan15,0,3,full,16913,3.1948323249816895,2.081303119659424,-1.1135292053222656
scan15,0,3,boundary,1692,11.33178424835205,7.540695667266846,-3.791088581085205
scan15,0,3,large_disparity,3383,8.975944519042969,4.1270575523376465,-4.848886966705322
scan15,0,3,occluded_any,1168,7.00017786026001,5.262298583984375,-1.7378792762756348
scan15,0,3,occluded_majority,654,9.869258880615234,7.040520668029785,-2.828738212585449
scan15,0,3,large_disp_and_occluded,227,21.09210968017578,12.5180082321167,-8.574101448059082
scan15,0,3,boundary_and_occluded,513,12.501237869262695,9.478793144226074,-3.022444725036621
scan15,1,3,full,18925,2.259023427963257,1.4498217105865479,-0.809201717376709
scan15,1,3,boundary,1893,7.1706109046936035,5.522745132446289,-1.6478657722473145
scan15,1,3,large_disparity,3785,5.81333065032959,1.9224658012390137,-3.890864849090576
scan15,1,3,occluded_any,1590,6.051204204559326,4.996986389160156,-1.05421781539917
scan15,1,3,occluded_majority,772,8.668534278869629,6.7623372077941895,-1.9061970710754395
scan15,1,3,large_disp_and_occluded,353,12.26457405090332,7.471707344055176,-4.7928667068481445
scan15,1,3,boundary_and_occluded,862,8.198789596557617,7.1865363121032715,-1.0122532844543457
scan15,2,3,full,19207,1.4730615615844727,1.625317096710205,0.15225553512573242
scan15,2,3,boundary,1921,5.1644673347473145,5.0252180099487305,-0.13924932479858398
scan15,2,3,large_disparity,3842,1.3370393514633179,1.7925641536712646,0.4555248022079468
scan15,2,3,occluded_any,1355,4.615890026092529,4.371960639953613,-0.24392938613891602
scan15,2,3,occluded_majority,644,5.446026802062988,5.294336795806885,-0.15169000625610352
scan15,2,3,large_disp_and_occluded,238,5.47686243057251,4.702868461608887,-0.773993968963623
scan15,2,3,boundary_and_occluded,625,7.12332820892334,6.8839640617370605,-0.2393641471862793
scan15,3,3,full,17956,2.0485222339630127,2.062537670135498,0.014015436172485352
scan15,3,3,boundary,1796,7.844210147857666,6.9764180183410645,-0.8677921295166016
scan15,3,3,large_disparity,3592,3.1642446517944336,2.884699821472168,-0.2795448303222656
scan15,3,3,occluded_any,3449,4.056654930114746,4.0198493003845215,-0.03680562973022461
scan15,3,3,occluded_majority,747,8.780094146728516,8.684710502624512,-0.0953836441040039
scan15,3,3,large_disp_and_occluded,479,8.918046951293945,7.916784286499023,-1.0012626647949219
scan15,3,3,boundary_and_occluded,1031,7.767648696899414,7.891879081726074,0.12423038482666016
scan15,4,3,full,14336,3.310492753982544,2.775352954864502,-0.535139799118042
scan15,4,3,boundary,1434,13.406192779541016,12.478683471679688,-0.9275093078613281
scan15,4,3,large_disparity,2868,3.1986892223358154,2.4961280822753906,-0.7025611400604248
scan15,4,3,occluded_any,1401,7.959423542022705,7.559641361236572,-0.3997821807861328
scan15,4,3,occluded_majority,773,8.779196739196777,8.888694763183594,0.1094980239868164
scan15,4,3,large_disp_and_occluded,252,10.13279914855957,10.50922679901123,0.37642765045166016
scan15,4,3,boundary_and_occluded,489,11.56334114074707,11.651294708251953,0.08795356750488281
scan15,5,3,full,14076,3.127122402191162,3.0886847972869873,-0.038437604904174805
scan15,5,3,boundary,1408,10.942788124084473,11.32430362701416,0.3815155029296875
scan15,5,3,large_disparity,2816,3.9343740940093994,4.269496440887451,0.33512234687805176
scan15,5,3,occluded_any,1882,10.628567695617676,9.452916145324707,-1.1756515502929688
scan15,5,3,occluded_majority,801,11.138799667358398,10.311863899230957,-0.8269357681274414
scan15,5,3,large_disp_and_occluded,192,16.678377151489258,17.84326171875,1.1648845672607422
scan15,5,3,boundary_and_occluded,729,13.29978084564209,12.849272727966309,-0.45050811767578125
scan15,6,3,full,17433,2.4568161964416504,2.1060361862182617,-0.35078001022338867
scan15,6,3,boundary,1744,7.3405866622924805,6.753113269805908,-0.5874733924865723
scan15,6,3,large_disparity,3487,3.9010543823242188,2.422899007797241,-1.4781553745269775
scan15,6,3,occluded_any,3368,4.547173500061035,4.061918258666992,-0.48525524139404297
scan15,6,3,occluded_majority,1144,7.694607257843018,6.550281524658203,-1.1443257331848145
scan15,6,3,large_disp_and_occluded,542,6.3266472816467285,5.479467391967773,-0.8471798896789551
scan15,6,3,boundary_and_occluded,1068,8.378986358642578,7.507664680480957,-0.8713216781616211
scan15,7,3,full,18642,1.999961256980896,1.9764305353164673,-0.02353072166442871
scan15,7,3,boundary,1865,6.698010444641113,6.372360706329346,-0.3256497383117676
scan15,7,3,large_disparity,3729,2.327636241912842,2.171938180923462,-0.15569806098937988
scan15,7,3,occluded_any,1951,5.091212272644043,4.302637577056885,-0.7885746955871582
scan15,7,3,occluded_majority,694,8.33249568939209,6.516156196594238,-1.8163394927978516
scan15,7,3,large_disp_and_occluded,322,8.344598770141602,6.642124176025391,-1.702474594116211
scan15,7,3,boundary_and_occluded,918,7.892341613769531,6.572646141052246,-1.3196954727172852
scan15,8,3,full,18896,1.445674180984497,1.4338328838348389,-0.011841297149658203
scan15,8,3,boundary,1890,5.214089393615723,5.113296985626221,-0.10079240798950195
scan15,8,3,large_disparity,3780,1.9417535066604614,2.1921353340148926,0.25038182735443115
scan15,8,3,occluded_any,1538,5.187218189239502,4.969134330749512,-0.21808385848999023
scan15,8,3,occluded_majority,574,7.233051300048828,6.806997299194336,-0.4260540008544922
scan15,8,3,large_disp_and_occluded,366,7.700490951538086,7.268606662750244,-0.4318842887878418
scan15,8,3,boundary_and_occluded,865,7.198423862457275,6.972405433654785,-0.22601842880249023
scan15,9,3,full,18932,1.800528645515442,1.3067086935043335,-0.4938199520111084
scan15,9,3,boundary,1894,5.975993633270264,5.013117790222168,-0.9628758430480957
scan15,9,3,large_disparity,3787,4.2486891746521,2.072077989578247,-2.1766111850738525
scan15,9,3,occluded_any,1499,7.78645133972168,5.276463031768799,-2.509988307952881
scan15,9,3,occluded_majority,771,11.981882095336914,7.526411533355713,-4.455470561981201
scan15,9,3,large_disp_and_occluded,416,16.248199462890625,8.401824951171875,-7.84637451171875
scan15,9,3,boundary_and_occluded,831,8.791733741760254,6.8485236167907715,-1.9432101249694824
scan15,10,3,full,18438,1.6210734844207764,1.6187132596969604,-0.002360224723815918
scan15,10,3,boundary,1844,6.309503555297852,6.02526330947876,-0.2842402458190918
scan15,10,3,large_disparity,3688,2.6402320861816406,2.7512149810791016,0.11098289489746094
scan15,10,3,occluded_any,1428,6.218732833862305,5.488502502441406,-0.7302303314208984
scan15,10,3,occluded_majority,626,9.766212463378906,8.632893562316895,-1.1333189010620117
scan15,10,3,large_disp_and_occluded,309,13.440543174743652,13.182628631591797,-0.25791454315185547
scan15,10,3,boundary_and_occluded,825,8.65707015991211,7.799220085144043,-0.8578500747680664
scan15,11,3,full,16842,2.0898044109344482,1.7623778581619263,-0.327426552772522
scan15,11,3,boundary,1685,8.902530670166016,6.170172214508057,-2.732358455657959
scan15,11,3,large_disparity,3369,3.8180294036865234,2.401808023452759,-1.4162213802337646
scan15,11,3,occluded_any,1422,7.663265705108643,5.539683818817139,-2.123581886291504
scan15,11,3,occluded_majority,794,10.94461727142334,7.425590515136719,-3.519026756286621
scan15,11,3,large_disp_and_occluded,405,11.42155933380127,5.842153072357178,-5.579406261444092
scan15,11,3,boundary_and_occluded,741,11.996429443359375,8.669151306152344,-3.3272781372070312
scan15,12,3,full,17825,1.5394670963287354,1.4191023111343384,-0.12036478519439697
scan15,12,3,boundary,1783,7.060641288757324,6.086242198944092,-0.9743990898132324
scan15,12,3,large_disparity,3565,2.8591885566711426,2.216146945953369,-0.6430416107177734
scan15,12,3,occluded_any,1631,7.107525825500488,5.605119228363037,-1.5024065971374512
scan15,12,3,occluded_majority,813,10.448385238647461,8.199019432067871,-2.24936580657959
scan15,12,3,large_disp_and_occluded,488,12.262722969055176,8.909700393676758,-3.353022575378418
scan15,12,3,boundary_and_occluded,950,9.398993492126465,7.542340278625488,-1.8566532135009766
scan15,13,3,full,18349,1.6752386093139648,1.5273410081863403,-0.1478976011276245
scan15,13,3,boundary,1835,7.481555461883545,5.738848686218262,-1.7427067756652832
scan15,13,3,large_disparity,3670,3.2038214206695557,3.2554118633270264,0.0515904426574707
scan15,13,3,occluded_any,1600,8.307489395141602,5.840578079223633,-2.4669113159179688
scan15,13,3,occluded_majority,863,11.747136116027832,7.7807416915893555,-3.9663944244384766
scan15,13,3,large_disp_and_occluded,422,15.765481948852539,11.778141975402832,-3.987339973449707
scan15,13,3,boundary_and_occluded,939,10.62558364868164,7.421494007110596,-3.204089641571045
scan15,14,3,full,18307,2.064912796020508,1.5563548803329468,-0.508557915687561
scan15,14,3,boundary,1831,9.541220664978027,6.6634674072265625,-2.877753257751465
scan15,14,3,large_disparity,3662,4.481750965118408,3.080850124359131,-1.4009008407592773
scan15,14,3,occluded_any,1586,10.088092803955078,6.437650203704834,-3.650442600250244
scan15,14,3,occluded_majority,820,14.900312423706055,8.668353080749512,-6.231959342956543
scan15,14,3,large_disp_and_occluded,380,20.772327423095703,14.392512321472168,-6.379815101623535
scan15,14,3,boundary_and_occluded,948,13.495223045349121,8.730216979980469,-4.765006065368652
scan15,15,3,full,18242,1.5968753099441528,1.5409274101257324,-0.05594789981842041
scan15,15,3,boundary,1825,7.135970592498779,6.3103766441345215,-0.8255939483642578
scan15,15,3,large_disparity,3649,2.644713878631592,2.769571542739868,0.12485766410827637
scan15,15,3,occluded_any,1663,6.826399803161621,6.039793014526367,-0.7866067886352539
scan15,15,3,occluded_majority,737,10.941411972045898,9.585454940795898,-1.35595703125
scan15,15,3,large_disp_and_occluded,454,10.691685676574707,9.821008682250977,-0.8706769943237305
scan15,15,3,boundary_and_occluded,950,9.230140686035156,8.018455505371094,-1.2116851806640625
scan15,16,3,full,18156,1.5575125217437744,1.5608359575271606,0.0033234357833862305
scan15,16,3,boundary,1816,6.29966926574707,5.74942684173584,-0.5502424240112305
scan15,16,3,large_disparity,3632,2.0200958251953125,2.06223726272583,0.04214143753051758
scan15,16,3,occluded_any,1849,5.785092830657959,4.892038345336914,-0.8930544853210449
scan15,16,3,occluded_majority,881,8.64712142944336,7.150356292724609,-1.49676513671875
scan15,16,3,large_disp_and_occluded,409,7.703800201416016,6.57813024520874,-1.1256699562072754
scan15,16,3,boundary_and_occluded,981,7.932703018188477,6.686198711395264,-1.246504306793213
scan15,17,3,full,17402,3.1974432468414307,2.2486088275909424,-0.9488344192504883
scan15,17,3,boundary,1741,10.718610763549805,7.2625322341918945,-3.45607852935791
scan15,17,3,large_disparity,3481,8.306647300720215,3.652137517929077,-4.654509782791138
scan15,17,3,occluded_any,2408,8.095520973205566,5.221951484680176,-2.8735694885253906
scan15,17,3,occluded_majority,1157,12.815543174743652,7.369503498077393,-5.44603967666626
scan15,17,3,large_disp_and_occluded,494,19.386205673217773,6.042460918426514,-13.34374475479126
scan15,17,3,boundary_and_occluded,975,12.238597869873047,8.526628494262695,-3.7119693756103516
scan15,18,3,full,15217,5.541325092315674,2.762317419052124,-2.77900767326355
scan15,18,3,boundary,1522,16.0800724029541,8.965438842773438,-7.114633560180664
scan15,18,3,large_disparity,3044,17.351205825805664,3.523864507675171,-13.827341318130493
scan15,18,3,occluded_any,2227,12.269828796386719,6.692554950714111,-5.577273845672607
scan15,18,3,occluded_majority,939,14.67723560333252,9.26803970336914,-5.409195899963379
scan15,18,3,large_disp_and_occluded,534,31.055959701538086,9.910335540771484,-21.1456241607666
scan15,18,3,boundary_and_occluded,800,21.196313858032227,10.84982681274414,-10.346487045288086
scan15,19,3,full,12078,7.4146246910095215,4.51884126663208,-2.8957834243774414
scan15,19,3,boundary,1208,20.64753532409668,13.906984329223633,-6.740550994873047
scan15,19,3,large_disparity,2416,25.476402282714844,10.466402053833008,-15.010000228881836
scan15,19,3,occluded_any,1326,13.563920974731445,12.452703475952148,-1.1112174987792969
scan15,19,3,occluded_majority,739,19.064157485961914,17.74151039123535,-1.3226470947265625
scan15,19,3,large_disp_and_occluded,408,26.53705596923828,24.01688003540039,-2.5201759338378906
scan15,19,3,boundary_and_occluded,443,24.970691680908203,15.11489200592041,-9.855799674987793
scan15,20,3,full,15141,5.849982261657715,3.05246639251709,-2.797515869140625
scan15,20,3,boundary,1515,19.39697265625,13.073896408081055,-6.323076248168945
scan15,20,3,large_disparity,3029,18.261289596557617,4.23512601852417,-14.026163578033447
scan15,20,3,occluded_any,2475,15.24771499633789,10.409584999084473,-4.838129997253418
scan15,20,3,occluded_majority,1037,23.241670608520508,16.384824752807617,-6.856845855712891
scan15,20,3,large_disp_and_occluded,520,36.51869201660156,13.623335838317871,-22.89535617828369
scan15,20,3,boundary_and_occluded,920,25.99408531188965,17.59693145751953,-8.397153854370117
scan15,21,3,full,16669,4.394429683685303,2.9644100666046143,-1.4300196170806885
scan15,21,3,boundary,1667,17.114837646484375,10.655542373657227,-6.459295272827148
scan15,21,3,large_disparity,3334,10.740435600280762,5.100714683532715,-5.639720916748047
scan15,21,3,occluded_any,2278,16.954177856445312,11.39134693145752,-5.562830924987793
scan15,21,3,occluded_majority,1262,18.2065486907959,11.58385944366455,-6.622689247131348
scan15,21,3,large_disp_and_occluded,530,26.352821350097656,13.009101867675781,-13.343719482421875
scan15,21,3,boundary_and_occluded,1079,22.832584381103516,14.014962196350098,-8.817622184753418
scan15,22,3,full,17159,3.3646249771118164,2.0836355686187744,-1.280989408493042
scan15,22,3,boundary,1716,18.266239166259766,10.378077507019043,-7.888161659240723
scan15,22,3,large_disparity,3432,10.447823524475098,4.846958637237549,-5.600864887237549
scan15,22,3,occluded_any,1800,21.0356388092041,11.202132225036621,-9.83350658416748
scan15,22,3,occluded_majority,932,29.713151931762695,16.13300895690918,-13.580142974853516
scan15,22,3,large_disp_and_occluded,589,48.13606643676758,21.162534713745117,-26.97353172302246
scan15,22,3,boundary_and_occluded,1083,24.43539047241211,13.549029350280762,-10.886361122131348
scan15,23,3,full,17492,3.7371137142181396,2.654229164123535,-1.0828845500946045
scan15,23,3,boundary,1750,20.25148582458496,13.540914535522461,-6.7105712890625
scan15,23,3,large_disparity,3499,12.380195617675781,8.254766464233398,-4.125429153442383
scan15,23,3,occluded_any,1713,26.257373809814453,16.744464874267578,-9.512908935546875
scan15,23,3,occluded_majority,799,30.254417419433594,19.22150421142578,-11.032913208007812
scan15,23,3,large_disp_and_occluded,585,59.48004150390625,37.807884216308594,-21.672157287597656
scan15,23,3,boundary_and_occluded,1063,28.50324249267578,18.362728118896484,-10.140514373779297
scan15,24,3,full,17583,2.68058443069458,2.1765904426574707,-0.5039939880371094
scan15,24,3,boundary,1759,13.655550003051758,12.046833992004395,-1.6087160110473633
scan15,24,3,large_disparity,3517,8.136173248291016,6.1170759201049805,-2.019097328186035
scan15,24,3,occluded_any,1591,17.28331184387207,13.174405097961426,-4.1089067459106445
scan15,24,3,occluded_majority,710,21.063152313232422,17.53738021850586,-3.5257720947265625
scan15,24,3,large_disp_and_occluded,622,31.50678825378418,24.126466751098633,-7.380321502685547
scan15,24,3,boundary_and_occluded,965,20.042261123657227,17.357324600219727,-2.6849365234375
scan15,25,3,full,17600,2.283159017562866,1.6194578409194946,-0.6637011766433716
scan15,25,3,boundary,1760,11.054489135742188,7.809755802154541,-3.2447333335876465
scan15,25,3,large_disparity,3520,5.969716548919678,3.738007068634033,-2.2317094802856445
scan15,25,3,occluded_any,1655,13.48056697845459,8.426836967468262,-5.053730010986328
scan15,25,3,occluded_majority,778,19.572538375854492,11.753738403320312,-7.81879997253418
scan15,25,3,large_disp_and_occluded,694,21.30613136291504,12.691710472106934,-8.614420890808105
scan15,25,3,boundary_and_occluded,951,16.908462524414062,10.95185375213623,-5.956608772277832
scan15,26,3,full,17355,2.2195041179656982,2.0577445030212402,-0.161759614944458
scan15,26,3,boundary,1736,11.988361358642578,9.974245071411133,-2.0141162872314453
scan15,26,3,large_disparity,3471,5.36793851852417,5.379563331604004,0.011624813079833984
scan15,26,3,occluded_any,1621,12.390340805053711,10.267992973327637,-2.122347831726074
scan15,26,3,occluded_majority,763,17.802106857299805,14.496454238891602,-3.305652618408203
scan15,26,3,large_disp_and_occluded,697,16.456199645996094,15.193785667419434,-1.2624139785766602
scan15,26,3,boundary_and_occluded,1001,16.797679901123047,13.572273254394531,-3.2254066467285156
scan15,27,3,full,16921,1.7141612768173218,1.5854592323303223,-0.1287020444869995
scan15,27,3,boundary,1693,8.252631187438965,6.923234939575195,-1.3293962478637695
scan15,27,3,large_disparity,3385,1.959794044494629,2.229546070098877,0.26975202560424805
scan15,27,3,occluded_any,1561,8.400100708007812,6.5720977783203125,-1.8280029296875
scan15,27,3,occluded_majority,731,12.1171236038208,9.631607055664062,-2.4855165481567383
scan15,27,3,large_disp_and_occluded,496,5.497757434844971,4.938229560852051,-0.5595278739929199
scan15,27,3,boundary_and_occluded,1004,10.751837730407715,8.555662155151367,-2.1961755752563477
scan15,28,3,full,14565,2.5767171382904053,2.0796959400177,-0.4970211982727051
scan15,28,3,boundary,1457,13.616225242614746,10.390608787536621,-3.225616455078125
scan15,28,3,large_disparity,2913,5.625185489654541,3.8824312686920166,-1.7427542209625244
scan15,28,3,occluded_any,1363,15.796965599060059,11.575005531311035,-4.221960067749023
scan15,28,3,occluded_majority,938,20.355510711669922,14.66016960144043,-5.695341110229492
scan15,28,3,large_disp_and_occluded,614,19.413393020629883,12.537812232971191,-6.875580787658691
scan15,28,3,boundary_and_occluded,871,19.137271881103516,14.139827728271484,-4.997444152832031
scan15,29,3,full,15605,2.52756667137146,2.0650277137756348,-0.4625389575958252
scan15,29,3,boundary,1561,15.987009048461914,12.85088062286377,-3.1361284255981445
scan15,29,3,large_disparity,3121,6.109705448150635,5.1720709800720215,-0.9376344680786133
scan15,29,3,occluded_any,1498,17.134855270385742,13.663573265075684,-3.4712820053100586
scan15,29,3,occluded_majority,808,23.60637092590332,18.98418617248535,-4.622184753417969
scan15,29,3,large_disp_and_occluded,659,24.236265182495117,20.2945499420166,-3.9417152404785156
scan15,29,3,boundary_and_occluded,967,22.508607864379883,18.14980697631836,-4.358800888061523
scan15,30,3,full,16070,2.664933443069458,1.864160418510437,-0.800773024559021
scan15,30,3,boundary,1607,15.783299446105957,10.64257526397705,-5.140724182128906
scan15,30,3,large_disparity,3214,7.661476135253906,4.719123840332031,-2.942352294921875
scan15,30,3,occluded_any,1457,21.22804832458496,12.7164888381958,-8.51155948638916
scan15,30,3,occluded_majority,704,26.2303524017334,14.878571510314941,-11.351780891418457
scan15,30,3,large_disp_and_occluded,696,31.62865447998047,18.48543357849121,-13.143220901489258
scan15,30,3,boundary_and_occluded,918,24.848312377929688,15.747466087341309,-9.100846290588379
scan15,31,3,full,16342,3.135052442550659,2.42490816116333,-0.7101442813873291
scan15,31,3,boundary,1635,19.725629806518555,14.357439041137695,-5.368190765380859
scan15,31,3,large_disparity,3269,11.349150657653809,8.52155590057373,-2.827594757080078
scan15,31,3,occluded_any,1297,28.31243896484375,18.691396713256836,-9.621042251586914
scan15,31,3,occluded_majority,621,36.6719970703125,26.725303649902344,-9.946693420410156
scan15,31,3,large_disp_and_occluded,747,43.892372131347656,28.674589157104492,-15.217782974243164
scan15,31,3,boundary_and_occluded,896,32.67760467529297,22.221359252929688,-10.456245422363281
scan15,32,3,full,16378,2.8262364864349365,3.1543002128601074,0.3280637264251709
scan15,32,3,boundary,1638,16.868833541870117,19.05982208251953,2.190988540649414
scan15,32,3,large_disparity,3276,9.79610538482666,11.743765830993652,1.9476604461669922
scan15,32,3,occluded_any,1325,24.491239547729492,29.633108139038086,5.141868591308594
scan15,32,3,occluded_majority,707,31.887907028198242,37.08237838745117,5.19447135925293
scan15,32,3,large_disp_and_occluded,702,39.597938537597656,50.259098052978516,10.66115951538086
scan15,32,3,boundary_and_occluded,871,28.03462791442871,32.8126220703125,4.777994155883789
scan15,33,3,full,16237,3.3649978637695312,2.1369309425354004,-1.2280669212341309
scan15,33,3,boundary,1624,21.09497833251953,12.702881813049316,-8.392096519470215
scan15,33,3,large_disparity,3248,11.400986671447754,6.308455944061279,-5.092530727386475
scan15,33,3,occluded_any,1403,26.2891902923584,16.509037017822266,-9.780153274536133
scan15,33,3,occluded_majority,768,33.99955749511719,23.25213623046875,-10.747421264648438
scan15,33,3,large_disp_and_occluded,644,44.84483337402344,27.41150665283203,-17.433326721191406
scan15,33,3,boundary_and_occluded,960,30.849660873413086,19.10311508178711,-11.746545791625977
scan15,34,3,full,16094,2.7223825454711914,2.2314672470092773,-0.49091529846191406
scan15,34,3,boundary,1610,16.126829147338867,12.812684059143066,-3.314145088195801
scan15,34,3,large_disparity,3219,8.1956205368042,6.407660484313965,-1.7879600524902344
scan15,34,3,occluded_any,1573,19.66345977783203,15.376927375793457,-4.286532402038574
scan15,34,3,occluded_majority,856,29.569990158081055,22.787128448486328,-6.782861709594727
scan15,34,3,large_disp_and_occluded,619,36.538997650146484,28.834697723388672,-7.7042999267578125
scan15,34,3,boundary_and_occluded,1020,22.74464988708496,18.240068435668945,-4.504581451416016
scan15,35,3,full,15093,3.094334125518799,2.6207566261291504,-0.47357749938964844
scan15,35,3,boundary,1510,18.08663558959961,14.578768730163574,-3.507866859436035
scan15,35,3,large_disparity,3019,9.689762115478516,8.218549728393555,-1.471212387084961
scan15,35,3,occluded_any,1653,18.99460220336914,16.219655990600586,-2.7749462127685547
scan15,35,3,occluded_majority,763,31.512781143188477,26.863130569458008,-4.649650573730469
scan15,35,3,large_disp_and_occluded,645,38.16875457763672,33.505924224853516,-4.662830352783203
scan15,35,3,boundary_and_occluded,972,24.9466552734375,20.1814022064209,-4.765253067016602
scan15,36,3,full,14336,5.827021598815918,2.9385790824890137,-2.8884425163269043
scan15,36,3,boundary,1434,27.540794372558594,15.602662086486816,-11.938132286071777
scan15,36,3,large_disparity,2868,21.97117805480957,8.63895320892334,-13.33222484588623
scan15,36,3,occluded_any,2149,23.39784049987793,12.981925010681152,-10.415915489196777
scan15,36,3,occluded_majority,863,41.11974334716797,24.28961944580078,-16.830123901367188
scan15,36,3,large_disp_and_occluded,694,60.28323745727539,30.644559860229492,-29.6386775970459
scan15,36,3,boundary_and_occluded,964,35.96574401855469,20.01652717590332,-15.949216842651367
scan15,37,3,full,12481,7.6188554763793945,4.054925441741943,-3.563930034637451
scan15,37,3,boundary,1249,30.163965225219727,20.576744079589844,-9.587221145629883
scan15,37,3,large_disparity,2497,22.13756561279297,7.9153361320495605,-14.222229480743408
scan15,37,3,occluded_any,2826,22.443225860595703,11.868335723876953,-10.57489013671875
scan15,37,3,occluded_majority,1185,33.44694900512695,20.691116333007812,-12.75583267211914
scan15,37,3,large_disp_and_occluded,833,43.378074645996094,18.783184051513672,-24.594890594482422
scan15,37,3,boundary_and_occluded,884,38.36614990234375,25.17251205444336,-13.19363784790039
scan15,38,3,full,8123,13.18173885345459,10.373567581176758,-2.808171272277832
scan15,38,3,boundary,813,52.01066589355469,45.243560791015625,-6.7671051025390625
scan15,38,3,large_disparity,1625,36.873207092285156,19.581274032592773,-17.291933059692383
scan15,38,3,occluded_any,755,39.875911712646484,30.594615936279297,-9.281295776367188
scan15,38,3,occluded_majority,480,47.15464782714844,33.44977951049805,-13.70486831665039
scan15,38,3,large_disp_and_occluded,157,65.14971923828125,48.244384765625,-16.90533447265625
scan15,38,3,boundary_and_occluded,345,54.685768127441406,39.4323844909668,-15.25338363647461
scan15,39,3,full,10687,5.53201150894165,3.7800683975219727,-1.7519431114196777
scan15,39,3,boundary,1069,27.287769317626953,20.14158821105957,-7.146181106567383
scan15,39,3,large_disparity,2138,18.362224578857422,10.125008583068848,-8.237215995788574
scan15,39,3,occluded_any,1963,17.965656280517578,11.592742919921875,-6.372913360595703
scan15,39,3,occluded_majority,656,25.82953643798828,20.385467529296875,-5.444068908691406
scan15,39,3,large_disp_and_occluded,656,40.74448776245117,22.265607833862305,-18.478879928588867
scan15,39,3,boundary_and_occluded,649,35.71609115600586,25.875394821166992,-9.840696334838867
scan15,40,3,full,12198,3.670079469680786,2.7684199810028076,-0.9016594886779785
scan15,40,3,boundary,1220,23.915817260742188,14.546028137207031,-9.369789123535156
scan15,40,3,large_disparity,2440,11.803297996520996,7.72698974609375,-4.076308250427246
scan15,40,3,occluded_any,1385,16.086957931518555,12.712088584899902,-3.3748693466186523
scan15,40,3,occluded_majority,471,30.486948013305664,22.12278938293457,-8.364158630371094
scan15,40,3,large_disp_and_occluded,553,29.27587890625,21.749448776245117,-7.526430130004883
scan15,40,3,boundary_and_occluded,614,28.071523666381836,20.679000854492188,-7.392522811889648
scan15,41,3,full,13242,2.62117338180542,1.995988130569458,-0.6251852512359619
scan15,41,3,boundary,1325,15.656536102294922,10.630070686340332,-5.02646541595459
scan15,41,3,large_disparity,2649,7.656097888946533,5.277069568634033,-2.3790283203125
scan15,41,3,occluded_any,1096,15.056540489196777,9.919962882995605,-5.136577606201172
scan15,41,3,occluded_majority,386,28.45535659790039,17.854358673095703,-10.600997924804688
scan15,41,3,large_disp_and_occluded,494,23.11522102355957,14.637413024902344,-8.477807998657227
scan15,41,3,boundary_and_occluded,694,21.997299194335938,14.17713737487793,-7.820161819458008
scan15,42,3,full,14619,2.302675724029541,2.1041882038116455,-0.1984875202178955
scan15,42,3,boundary,1462,12.663719177246094,10.628913879394531,-2.0348052978515625
scan15,42,3,large_disparity,2924,6.518975734710693,5.823455810546875,-0.6955199241638184
scan15,42,3,occluded_any,896,17.25324821472168,13.674153327941895,-3.579094886779785
scan15,42,3,occluded_majority,394,29.534536361694336,23.302600860595703,-6.231935501098633
scan15,42,3,large_disp_and_occluded,424,25.49872589111328,20.226428985595703,-5.272296905517578
scan15,42,3,boundary_and_occluded,673,21.22115707397461,16.591205596923828,-4.629951477050781
scan15,43,3,full,14831,2.1333413124084473,1.818709135055542,-0.3146321773529053
scan15,43,3,boundary,1484,11.700857162475586,9.068325996398926,-2.63253116607666
scan15,43,3,large_disparity,2967,4.236223220825195,4.241687774658203,0.0054645538330078125
scan15,43,3,occluded_any,767,19.662967681884766,14.462870597839355,-5.20009708404541
scan15,43,3,occluded_majority,331,30.082792282104492,22.254745483398438,-7.828046798706055
scan15,43,3,large_disp_and_occluded,236,25.271453857421875,24.870403289794922,-0.4010505676269531
scan15,43,3,boundary_and_occluded,549,23.670591354370117,17.82168960571289,-5.848901748657227
scan15,44,3,full,14949,1.7445533275604248,1.5090563297271729,-0.23549699783325195
scan15,44,3,boundary,1495,9.669713020324707,7.200507640838623,-2.469205379486084
scan15,44,3,large_disparity,2990,4.012516975402832,3.0919504165649414,-0.9205665588378906
scan15,44,3,occluded_any,728,15.701528549194336,11.110489845275879,-4.591038703918457
scan15,44,3,occluded_majority,297,24.4718074798584,16.709943771362305,-7.761863708496094
scan15,44,3,large_disp_and_occluded,207,31.700326919555664,20.906755447387695,-10.793571472167969
scan15,44,3,boundary_and_occluded,525,19.397199630737305,13.450570106506348,-5.946629524230957
scan15,45,3,full,14912,1.9604982137680054,1.486541748046875,-0.47395646572113037
scan15,45,3,boundary,1492,11.937562942504883,7.73524284362793,-4.202320098876953
scan15,45,3,large_disparity,2983,5.710886478424072,3.5323843955993652,-2.178502082824707
scan15,45,3,occluded_any,810,17.691925048828125,10.733160972595215,-6.95876407623291
scan15,45,3,occluded_majority,316,29.368757247924805,17.720684051513672,-11.648073196411133
scan15,45,3,large_disp_and_occluded,348,30.001310348510742,16.799549102783203,-13.201761245727539
scan15,45,3,boundary_and_occluded,635,21.30011749267578,12.95478630065918,-8.345331192016602
scan15,46,3,full,14758,1.5114662647247314,1.2526346445083618,-0.25883162021636963
scan15,46,3,boundary,1476,8.53836441040039,6.182229518890381,-2.3561348915100098
scan15,46,3,large_disparity,2952,3.151149272918701,2.5669736862182617,-0.5841755867004395
scan15,46,3,occluded_any,828,11.974453926086426,8.0997896194458,-3.874664306640625
scan15,46,3,occluded_majority,315,19.876686096191406,13.438161849975586,-6.43852424621582
scan15,46,3,large_disp_and_occluded,333,16.006460189819336,11.599114418029785,-4.407345771789551
scan15,46,3,boundary_and_occluded,624,14.42880916595459,9.572742462158203,-4.856066703796387
scan15,47,3,full,14370,1.4844489097595215,1.1932175159454346,-0.2912313938140869
scan15,47,3,boundary,1437,6.959511756896973,5.520118236541748,-1.4393935203552246
scan15,47,3,large_disparity,2874,1.7229355573654175,1.5621955394744873,-0.16074001789093018
scan15,47,3,occluded_any,922,11.14563274383545,7.182243347167969,-3.9633893966674805
scan15,47,3,occluded_majority,381,17.069791793823242,10.517889976501465,-6.551901817321777
scan15,47,3,large_disp_and_occluded,306,6.936298370361328,6.4853196144104,-0.45097875595092773
scan15,47,3,boundary_and_occluded,667,11.049758911132812,8.35045051574707,-2.699308395385742
scan15,48,3,full,13653,1.995680332183838,1.479364275932312,-0.5163160562515259
scan15,48,3,boundary,1366,10.390396118164062,6.656002044677734,-3.734394073486328
scan15,48,3,large_disparity,2731,3.2801616191864014,2.3109934329986572,-0.9691681861877441
scan15,48,3,occluded_any,784,14.996106147766113,8.93178653717041,-6.064319610595703
scan15,48,3,occluded_majority,432,18.739707946777344,11.194652557373047,-7.545055389404297
scan15,48,3,large_disp_and_occluded,303,11.790522575378418,8.20098876953125,-3.589533805847168
scan15,48,3,boundary_and_occluded,516,18.47675132751465,11.636150360107422,-6.840600967407227
scan23,0,3,full,18765,4.16585636138916,3.2462689876556396,-0.9195873737335205
scan23,0,3,boundary,1877,9.94508171081543,9.5216064453125,-0.4234752655029297
scan23,0,3,large_disparity,3753,5.031887054443359,2.914064884185791,-2.1178221702575684
scan23,0,3,occluded_any,1517,5.353455543518066,4.58038854598999,-0.7730669975280762
scan23,0,3,occluded_majority,802,6.641564846038818,4.83590841293335,-1.8056564331054688
scan23,0,3,large_disp_and_occluded,181,6.155265808105469,4.683531284332275,-1.4717345237731934
scan23,0,3,boundary_and_occluded,431,11.342803955078125,10.002123832702637,-1.3406801223754883
scan23,1,3,full,20034,2.598144769668579,2.4223222732543945,-0.17582249641418457
scan23,1,3,boundary,2004,6.396828651428223,6.254061222076416,-0.14276742935180664
scan23,1,3,large_disparity,4007,3.8981056213378906,3.454178810119629,-0.4439268112182617
scan23,1,3,occluded_any,2384,3.993089199066162,4.3099141120910645,0.31682491302490234
scan23,1,3,occluded_majority,869,5.4000468254089355,6.373365879058838,0.9733190536499023
scan23,1,3,large_disp_and_occluded,561,4.376596927642822,6.028979778289795,1.6523828506469727
scan23,1,3,boundary_and_occluded,984,6.39835786819458,6.9859442710876465,0.5875864028930664
scan23,2,3,full,20205,2.280223846435547,2.037785053253174,-0.24243879318237305
scan23,2,3,boundary,2021,6.29490327835083,5.648168087005615,-0.6467351913452148
scan23,2,3,large_disparity,4041,3.1954259872436523,2.033958673477173,-1.1614673137664795
scan23,2,3,occluded_any,1608,4.367923736572266,4.548954010009766,0.1810302734375
scan23,2,3,occluded_majority,695,5.604067325592041,5.534595012664795,-0.0694723129272461
scan23,2,3,large_disp_and_occluded,362,4.598288059234619,4.412200927734375,-0.18608713150024414
scan23,2,3,boundary_and_occluded,771,6.298271656036377,6.573367595672607,0.27509593963623047
scan23,3,3,full,18900,2.2017624378204346,2.5254499912261963,0.3236875534057617
scan23,3,3,boundary,1890,6.132970809936523,6.35697078704834,0.2239999771118164
scan23,3,3,large_disparity,3780,4.37394380569458,5.240500450134277,0.8665566444396973
scan23,3,3,occluded_any,1443,5.190573692321777,5.748844146728516,0.5582704544067383
scan23,3,3,occluded_majority,782,6.417165756225586,7.170423984527588,0.753258228302002
scan23,3,3,large_disp_and_occluded,224,3.858372449874878,4.034588813781738,0.17621636390686035
scan23,3,3,boundary_and_occluded,841,7.124098777770996,7.802996635437012,0.6788978576660156
scan23,4,3,full,16045,1.934186577796936,1.8964564800262451,-0.03773009777069092
scan23,4,3,boundary,1605,6.601810932159424,6.6595234870910645,0.057712554931640625
scan23,4,3,large_disparity,3209,2.319601535797119,2.6365625858306885,0.31696105003356934
scan23,4,3,occluded_any,943,5.477171421051025,4.757803916931152,-0.719367504119873
scan23,4,3,occluded_majority,522,5.846033573150635,4.942523956298828,-0.9035096168518066
scan23,4,3,large_disp_and_occluded,115,4.628416061401367,4.1172194480896,-0.5111966133117676
scan23,4,3,boundary_and_occluded,502,7.760543346405029,6.988861083984375,-0.7716822624206543
scan23,5,3,full,16133,1.8912361860275269,1.7378907203674316,-0.15334546566009521
scan23,5,3,boundary,1614,7.128331661224365,6.769709587097168,-0.35862207412719727
scan23,5,3,large_disparity,3227,2.20943021774292,1.5483394861221313,-0.6610907316207886
scan23,5,3,occluded_any,1210,6.2763495445251465,5.330167770385742,-0.9461817741394043
scan23,5,3,occluded_majority,511,7.766242504119873,6.477939605712891,-1.2883028984069824
scan23,5,3,large_disp_and_occluded,308,5.2976531982421875,5.147388935089111,-0.15026426315307617
scan23,5,3,boundary_and_occluded,606,8.995102882385254,7.605219841003418,-1.389883041381836
scan23,6,3,full,18604,1.8481836318969727,1.9111485481262207,0.06296491622924805
scan23,6,3,boundary,1861,6.042408466339111,5.766982078552246,-0.27542638778686523
scan23,6,3,large_disparity,3721,2.517561674118042,2.073688268661499,-0.44387340545654297
scan23,6,3,occluded_any,1353,6.402474880218506,6.1037092208862305,-0.2987656593322754
scan23,6,3,occluded_majority,808,7.631058216094971,6.429551124572754,-1.2015070915222168
scan23,6,3,large_disp_and_occluded,222,7.099400997161865,8.947760581970215,1.8483595848083496
scan23,6,3,boundary_and_occluded,792,8.677308082580566,8.113117218017578,-0.5641908645629883
scan23,7,3,full,19926,1.9907712936401367,2.0695488452911377,0.07877755165100098
scan23,7,3,boundary,1993,4.970273017883301,4.920817852020264,-0.04945516586303711
scan23,7,3,large_disparity,3986,1.9932678937911987,1.9514864683151245,-0.04178142547607422
scan23,7,3,occluded_any,1367,4.640879154205322,4.644415855407715,0.003536701202392578
scan23,7,3,occluded_majority,577,5.370146751403809,6.0209455490112305,0.6507987976074219
scan23,7,3,large_disp_and_occluded,184,4.540969371795654,3.110177993774414,-1.4307913780212402
scan23,7,3,boundary_and_occluded,730,6.410410404205322,6.299444675445557,-0.11096572875976562
scan23,8,3,full,20271,1.8645411729812622,1.8389188051223755,-0.02562236785888672
scan23,8,3,boundary,2028,5.9234466552734375,5.582869529724121,-0.3405771255493164
scan23,8,3,large_disparity,4055,1.6704533100128174,1.6683557033538818,-0.002097606658935547
scan23,8,3,occluded_any,1719,4.738513946533203,5.065608501434326,0.32709455490112305
scan23,8,3,occluded_majority,876,5.279050827026367,5.686184406280518,0.4071335792541504
scan23,8,3,large_disp_and_occluded,468,4.224014759063721,5.4237060546875,1.1996912956237793
scan23,8,3,boundary_and_occluded,820,7.5989813804626465,7.989894390106201,0.3909130096435547
scan23,9,3,full,20266,2.3102784156799316,1.826133131980896,-0.48414528369903564
scan23,9,3,boundary,2027,6.674340724945068,5.986457347869873,-0.6878833770751953
scan23,9,3,large_disparity,4054,1.8571670055389404,1.657652735710144,-0.1995142698287964
scan23,9,3,occluded_any,1966,4.394689559936523,4.229185581207275,-0.16550397872924805
scan23,9,3,occluded_majority,773,5.233489036560059,5.681832790374756,0.44834375381469727
scan23,9,3,large_disp_and_occluded,504,3.753497362136841,4.261454105377197,0.5079567432403564
scan23,9,3,boundary_and_occluded,944,6.364884853363037,6.6753106117248535,0.3104257583618164
scan23,10,3,full,19784,2.394829273223877,2.492990016937256,0.0981607437133789
scan23,10,3,boundary,1979,7.527760982513428,7.459587097167969,-0.06817388534545898
scan23,10,3,large_disparity,3957,2.1910481452941895,1.8873510360717773,-0.3036971092224121
scan23,10,3,occluded_any,1572,5.335411548614502,5.078649520874023,-0.2567620277404785
scan23,10,3,occluded_majority,832,6.065366268157959,5.988410472869873,-0.07695579528808594
scan23,10,3,large_disp_and_occluded,233,5.5418925285339355,5.2907514572143555,-0.2511410713195801
scan23,10,3,boundary_and_occluded,713,8.032451629638672,7.870815753936768,-0.1616358757019043
scan23,11,3,full,18473,5.307329177856445,6.637234687805176,1.3299055099487305
scan23,11,3,boundary,1848,13.380212783813477,15.76131534576416,2.3811025619506836
scan23,11,3,large_disparity,3695,11.366164207458496,16.973995208740234,5.607831001281738
scan23,11,3,occluded_any,1456,6.798415184020996,6.699189186096191,-0.09922599792480469
scan23,11,3,occluded_majority,836,7.994654655456543,7.622948169708252,-0.371706485748291
scan23,11,3,large_disp_and_occluded,236,5.187244415283203,3.969740867614746,-1.217503547668457
scan23,11,3,boundary_and_occluded,404,10.912680625915527,9.884875297546387,-1.0278053283691406
scan23,12,3,full,19788,2.6338565349578857,2.125196933746338,-0.5086596012115479
scan23,12,3,boundary,1979,8.211934089660645,7.231599807739258,-0.9803342819213867
scan23,12,3,large_disparity,3958,2.3515255451202393,1.8944387435913086,-0.45708680152893066
scan23,12,3,occluded_any,3021,4.071181297302246,3.6554675102233887,-0.4157137870788574
scan23,12,3,occluded_majority,929,6.853180885314941,6.52609920501709,-0.32708168029785156
scan23,12,3,large_disp_and_occluded,327,5.318269729614258,4.353043079376221,-0.9652266502380371
scan23,12,3,boundary_and_occluded,1075,7.062295436859131,6.359169006347656,-0.7031264305114746
scan23,13,3,full,20066,2.1758968830108643,1.7693474292755127,-0.40654945373535156
scan23,13,3,boundary,2007,6.605388641357422,6.223577976226807,-0.38181066513061523
scan23,13,3,large_disparity,4014,1.4581406116485596,1.2548606395721436,-0.20327997207641602
scan23,13,3,occluded_any,1873,4.643156051635742,4.502799034118652,-0.14035701751708984
scan23,13,3,occluded_majority,823,6.501542568206787,6.18922758102417,-0.3123149871826172
scan23,13,3,large_disp_and_occluded,307,6.769741058349609,5.519646644592285,-1.2500944137573242
scan23,13,3,boundary_and_occluded,891,6.903238296508789,6.815785884857178,-0.08745241165161133
scan23,14,3,full,20224,2.213469982147217,1.8866991996765137,-0.3267707824707031
scan23,14,3,boundary,2023,6.649696350097656,6.838814735412598,0.1891183853149414
scan23,14,3,large_disparity,4045,2.2520177364349365,1.5470331907272339,-0.7049845457077026
scan23,14,3,occluded_any,1723,4.833000659942627,5.3193769454956055,0.4863762855529785
scan23,14,3,occluded_majority,984,5.537878513336182,6.314342975616455,0.7764644622802734
scan23,14,3,large_disp_and_occluded,461,4.242503643035889,4.188695430755615,-0.05380821228027344
scan23,14,3,boundary_and_occluded,857,6.778253078460693,7.520299434661865,0.7420463562011719
scan23,15,3,full,20178,1.7117606401443481,1.7476214170455933,0.03586077690124512
scan23,15,3,boundary,2018,6.53954553604126,6.463282585144043,-0.0762629508972168
scan23,15,3,large_disparity,4036,1.5971616506576538,1.3713066577911377,-0.2258549928665161
scan23,15,3,occluded_any,1477,6.081233024597168,6.072492599487305,-0.008740425109863281
scan23,15,3,occluded_majority,649,7.282179832458496,7.415331840515137,0.13315200805664062
scan23,15,3,large_disp_and_occluded,339,4.582908630371094,3.6434242725372314,-0.9394843578338623
scan23,15,3,boundary_and_occluded,835,8.48615837097168,8.675195693969727,0.18903732299804688
scan23,16,3,full,20102,1.5952587127685547,1.486121416091919,-0.10913729667663574
scan23,16,3,boundary,2011,5.75239896774292,5.229396343231201,-0.5230026245117188
scan23,16,3,large_disparity,4021,1.8011060953140259,1.3602991104125977,-0.4408069849014282
scan23,16,3,occluded_any,1442,5.967284679412842,5.502612590789795,-0.4646720886230469
scan23,16,3,occluded_majority,630,9.264060020446777,8.166363716125488,-1.097696304321289
scan23,16,3,large_disp_and_occluded,251,7.034393310546875,3.5258421897888184,-3.5085511207580566
scan23,16,3,boundary_and_occluded,848,7.90120792388916,7.001861572265625,-0.8993463516235352
scan23,17,3,full,19325,1.6456698179244995,1.575311541557312,-0.0703582763671875
scan23,17,3,boundary,1933,5.710556507110596,5.582442283630371,-0.1281142234802246
scan23,17,3,large_disparity,3865,1.510118842124939,1.4514210224151611,-0.05869781970977783
scan23,17,3,occluded_any,1573,5.952337741851807,5.06805419921875,-0.8842835426330566
scan23,17,3,occluded_majority,681,9.530075073242188,8.209672927856445,-1.3204021453857422
scan23,17,3,large_disp_and_occluded,256,4.406828880310059,5.69503116607666,1.2882022857666016
scan23,17,3,boundary_and_occluded,908,7.554872512817383,6.466827392578125,-1.0880451202392578
scan23,18,3,full,17363,1.7759047746658325,1.6641483306884766,-0.11175644397735596
scan23,18,3,boundary,1737,6.831955909729004,6.40679931640625,-0.4251565933227539
scan23,18,3,large_disparity,3473,1.8245348930358887,1.620801568031311,-0.20373332500457764
scan23,18,3,occluded_any,1439,6.558189868927002,5.835471153259277,-0.7227187156677246
scan23,18,3,occluded_majority,580,9.335578918457031,8.415925025939941,-0.9196538925170898
scan23,18,3,large_disp_and_occluded,286,6.537306785583496,5.136385917663574,-1.4009208679199219
scan23,18,3,boundary_and_occluded,808,9.145263671875,8.270465850830078,-0.8747978210449219
scan23,19,3,full,16027,2.159566640853882,2.0508780479431152,-0.1086885929107666
scan23,19,3,boundary,1603,8.381339073181152,8.615968704223633,0.23462963104248047
scan23,19,3,large_disparity,3206,1.5714362859725952,1.5120184421539307,-0.05941784381866455
scan23,19,3,occluded_any,1201,8.751096725463867,9.21985912322998,0.4687623977661133
scan23,19,3,occluded_majority,648,10.375650405883789,10.979742050170898,0.6040916442871094
scan23,19,3,large_disp_and_occluded,169,7.9196457862854,6.996888160705566,-0.922757625579834
scan23,19,3,boundary_and_occluded,667,10.695874214172363,10.955824851989746,0.2599506378173828
scan23,20,3,full,17938,1.8230221271514893,1.5656613111495972,-0.2573608160018921
scan23,20,3,boundary,1794,7.2079901695251465,6.379094123840332,-0.8288960456848145
scan23,20,3,large_disparity,3588,1.8910778760910034,1.3901647329330444,-0.500913143157959
scan23,20,3,occluded_any,1596,7.521467208862305,5.513827323913574,-2.0076398849487305
scan23,20,3,occluded_majority,859,10.764826774597168,7.539763450622559,-3.2250633239746094
scan23,20,3,large_disp_and_occluded,405,4.934844970703125,3.5535337924957275,-1.3813111782073975
scan23,20,3,boundary_and_occluded,944,9.105008125305176,7.078310012817383,-2.026698112487793
scan23,21,3,full,19229,1.7892696857452393,1.7465449571609497,-0.04272472858428955
scan23,21,3,boundary,1923,6.693172454833984,6.583892822265625,-0.10927963256835938
scan23,21,3,large_disparity,3846,1.6813385486602783,1.4572173357009888,-0.22412121295928955
scan23,21,3,occluded_any,1670,6.454564571380615,5.6551513671875,-0.7994132041931152
scan23,21,3,occluded_majority,903,8.63182544708252,7.517610549926758,-1.1142148971557617
scan23,21,3,large_disp_and_occluded,390,5.135795593261719,3.995577573776245,-1.1402180194854736
scan23,21,3,boundary_and_occluded,956,8.21030330657959,7.39815616607666,-0.8121471405029297
scan23,22,3,full,19744,1.8398038148880005,1.5698121786117554,-0.2699916362762451
scan23,22,3,boundary,1975,6.554516315460205,5.783247470855713,-0.7712688446044922
scan23,22,3,large_disparity,3949,1.764983057975769,1.3831278085708618,-0.3818552494049072
scan23,22,3,occluded_any,1473,6.900491237640381,5.832626819610596,-1.0678644180297852
scan23,22,3,occluded_majority,837,8.606062889099121,7.450008869171143,-1.1560540199279785
scan23,22,3,large_disp_and_occluded,371,4.769678115844727,3.3086283206939697,-1.4610497951507568
scan23,22,3,boundary_and_occluded,795,9.114648818969727,8.12249755859375,-0.9921512603759766
scan23,23,3,full,19860,1.673607587814331,1.6179306507110596,-0.055676937103271484
scan23,23,3,boundary,1986,6.997428894042969,6.445626735687256,-0.5518021583557129
scan23,23,3,large_disparity,3972,1.4861828088760376,1.340514063835144,-0.14566874504089355
scan23,23,3,occluded_any,1606,5.870534896850586,5.087422847747803,-0.7831120491027832
scan23,23,3,occluded_majority,743,7.288944244384766,6.165848731994629,-1.1230955123901367
scan23,23,3,large_disp_and_occluded,409,4.443192958831787,3.61305570602417,-0.8301372528076172
scan23,23,3,boundary_and_occluded,869,8.983054161071777,7.69205904006958,-1.2909951210021973
scan23,24,3,full,19900,1.843161940574646,1.6232202053070068,-0.21994173526763916
scan23,24,3,boundary,1990,6.40376091003418,6.195224285125732,-0.20853662490844727
scan23,24,3,large_disparity,3980,1.396187424659729,1.1488126516342163,-0.2473747730255127
scan23,24,3,occluded_any,1675,5.264082908630371,5.054726600646973,-0.20935630798339844
scan23,24,3,occluded_majority,803,7.136453628540039,6.622311592102051,-0.5141420364379883
scan23,24,3,large_disp_and_occluded,450,3.8219985961914062,3.1889071464538574,-0.6330914497375488
scan23,24,3,boundary_and_occluded,934,7.600738048553467,7.457883358001709,-0.1428546905517578
scan23,25,3,full,19790,1.9503974914550781,1.7740166187286377,-0.17638087272644043
scan23,25,3,boundary,1979,6.555810928344727,6.286115646362305,-0.2696952819824219
scan23,25,3,large_disparity,3958,1.6545796394348145,1.4731825590133667,-0.18139708042144775
scan23,25,3,occluded_any,1714,5.380617618560791,4.929745674133301,-0.45087194442749023
scan23,25,3,occluded_majority,816,6.770966053009033,6.477724552154541,-0.2932415008544922
scan23,25,3,large_disp_and_occluded,487,4.234152317047119,4.650717258453369,0.41656494140625
scan23,25,3,boundary_and_occluded,897,7.657474994659424,7.235355854034424,-0.422119140625
scan23,26,3,full,19715,2.2388150691986084,1.8088130950927734,-0.43000197410583496
scan23,26,3,boundary,1972,6.448005199432373,6.460308074951172,0.012302875518798828
scan23,26,3,large_disparity,3943,1.9619721174240112,1.733229160308838,-0.22874295711517334
scan23,26,3,occluded_any,2174,4.759496212005615,4.6567206382751465,-0.10277557373046875
scan23,26,3,occluded_majority,714,8.29013442993164,7.457368850708008,-0.8327655792236328
scan23,26,3,large_disp_and_occluded,548,5.313281536102295,5.206808567047119,-0.10647296905517578
scan23,26,3,boundary_and_occluded,1001,7.380324840545654,7.120004177093506,-0.26032066345214844
scan23,27,3,full,19299,3.5839450359344482,2.7323813438415527,-0.8515636920928955
scan23,27,3,boundary,1930,8.785792350769043,8.866825103759766,0.08103275299072266
scan23,27,3,large_disparity,3860,4.327014446258545,2.2172834873199463,-2.1097309589385986
scan23,27,3,occluded_any,2662,4.702898025512695,5.157609462738037,0.4547114372253418
scan23,27,3,occluded_majority,813,7.066568851470947,7.686959266662598,0.6203904151916504
scan23,27,3,large_disp_and_occluded,260,3.1083898544311523,3.4401934146881104,0.331803560256958
scan23,27,3,boundary_and_occluded,1066,7.50327730178833,7.9673638343811035,0.46408653259277344
scan23,28,3,full,16360,8.712011337280273,6.945878028869629,-1.7661333084106445
scan23,28,3,boundary,1636,31.268413543701172,29.240028381347656,-2.0283851623535156
scan23,28,3,large_disparity,3272,9.069210052490234,7.588466167449951,-1.4807438850402832
scan23,28,3,occluded_any,1708,15.330995559692383,10.932540893554688,-4.398454666137695
scan23,28,3,occluded_majority,1056,13.686617851257324,12.093659400939941,-1.5929584503173828
scan23,28,3,large_disp_and_occluded,352,5.6854634284973145,2.859227418899536,-2.8262360095977783
scan23,28,3,boundary_and_occluded,580,17.300554275512695,16.542957305908203,-0.7575969696044922
scan23,29,3,full,18011,2.7693397998809814,2.5970606803894043,-0.17227911949157715
scan23,29,3,boundary,1802,9.189912796020508,9.508060455322266,0.3181476593017578
scan23,29,3,large_disparity,3603,1.7393898963928223,1.5325331687927246,-0.20685672760009766
scan23,29,3,occluded_any,3804,4.2312493324279785,4.051334381103516,-0.1799149513244629
scan23,29,3,occluded_majority,1116,6.626776218414307,6.3716607093811035,-0.2551155090332031
scan23,29,3,large_disp_and_occluded,552,4.216329574584961,2.8750174045562744,-1.3413121700286865
scan23,29,3,boundary_and_occluded,1172,7.743480682373047,7.9298224449157715,0.1863417625427246
scan23,30,3,full,18500,1.7957344055175781,1.671407699584961,-0.12432670593261719
scan23,30,3,boundary,1850,6.4459004402160645,6.2461042404174805,-0.19979619979858398
scan23,30,3,large_disparity,3700,1.9570201635360718,1.701154112815857,-0.25586605072021484
scan23,30,3,occluded_any,2148,4.928286552429199,4.63317346572876,-0.29511308670043945
scan23,30,3,occluded_majority,815,7.825361728668213,7.4240617752075195,-0.40129995346069336
scan23,30,3,large_disp_and_occluded,678,5.951988697052002,5.15867280960083,-0.7933158874511719
scan23,30,3,boundary_and_occluded,1034,7.432809829711914,6.8345184326171875,-0.5982913970947266
scan23,31,3,full,18612,1.6983492374420166,1.6542718410491943,-0.044077396392822266
scan23,31,3,boundary,1862,6.609375953674316,6.958986282348633,0.3496103286743164
scan23,31,3,large_disparity,3723,1.7943103313446045,1.6432619094848633,-0.1510484218597412
scan23,31,3,occluded_any,1769,5.889564037322998,5.450160503387451,-0.4394035339355469
scan23,31,3,occluded_majority,770,8.189308166503906,8.0408935546875,-0.14841461181640625
scan23,31,3,large_disp_and_occluded,650,5.481120586395264,5.100949764251709,-0.3801708221435547
scan23,31,3,boundary_and_occluded,987,8.481579780578613,7.852878570556641,-0.6287012100219727
scan23,32,3,full,18668,1.723773717880249,1.5801888704299927,-0.14358484745025635
scan23,32,3,boundary,1867,6.8393964767456055,6.682224750518799,-0.15717172622680664
scan23,32,3,large_disparity,3734,1.6194884777069092,1.5638527870178223,-0.055635690689086914
scan23,32,3,occluded_any,1682,5.846298694610596,5.485990047454834,-0.3603086471557617
scan23,32,3,occluded_majority,711,8.258726119995117,8.399260520935059,0.1405344009399414
scan23,32,3,large_disp_and_occluded,599,4.591343402862549,5.0042877197265625,0.41294431686401367
scan23,32,3,boundary_and_occluded,1001,7.993436336517334,7.791407585144043,-0.20202875137329102
scan23,33,3,full,18547,1.8243582248687744,1.9280858039855957,0.10372757911682129
scan23,33,3,boundary,1855,7.074843406677246,8.123208999633789,1.048365592956543
scan23,33,3,large_disparity,3710,1.5102033615112305,1.270478367805481,-0.2397249937057495
scan23,33,3,occluded_any,1755,5.44713020324707,6.096015930175781,0.6488857269287109
scan23,33,3,occluded_majority,767,7.047430038452148,7.064764022827148,0.017333984375
scan23,33,3,large_disp_and_occluded,585,3.0532703399658203,2.7370901107788086,-0.3161802291870117
scan23,33,3,boundary_and_occluded,987,7.377048492431641,8.07081127166748,0.6937627792358398
scan23,34,3,full,18455,2.1100261211395264,1.737022876739502,-0.3730032444000244
scan23,34,3,boundary,1846,7.998908996582031,6.71302604675293,-1.2858829498291016
scan23,34,3,large_disparity,3691,1.8019671440124512,1.375875473022461,-0.42609167098999023
scan23,34,3,occluded_any,1648,6.936372756958008,4.992647171020508,-1.9437255859375
scan23,34,3,occluded_majority,813,9.728463172912598,6.6719279289245605,-3.056535243988037
scan23,34,3,large_disp_and_occluded,539,4.877867221832275,3.3157708644866943,-1.562096357345581
scan23,34,3,boundary_and_occluded,889,9.266133308410645,6.9101033210754395,-2.356029987335205
scan23,35,3,full,18182,1.9957530498504639,1.7163176536560059,-0.279435396194458
scan23,35,3,boundary,1819,8.572469711303711,7.03586483001709,-1.536604881286621
scan23,35,3,large_disparity,3637,2.3053479194641113,1.5840413570404053,-0.721306562423706
scan23,35,3,occluded_any,1736,8.012804985046387,6.072831153869629,-1.9399738311767578
scan23,35,3,occluded_majority,786,11.215678215026855,8.809906005859375,-2.4057722091674805
scan23,35,3,large_disp_and_occluded,549,8.772090911865234,5.125691890716553,-3.6463990211486816
scan23,35,3,boundary_and_occluded,978,10.53499984741211,7.779208660125732,-2.755791187286377
scan23,36,3,full,17766,2.095656394958496,1.9458582401275635,-0.14979815483093262
scan23,36,3,boundary,1777,8.780389785766602,8.045726776123047,-0.7346630096435547
scan23,36,3,large_disparity,3554,2.1312479972839355,1.840932846069336,-0.2903151512145996
scan23,36,3,occluded_any,1745,7.736155986785889,7.025401592254639,-0.71075439453125
scan23,36,3,occluded_majority,744,11.934267044067383,10.347262382507324,-1.5870046615600586
scan23,36,3,large_disp_and_occluded,562,6.809046745300293,5.707159042358398,-1.1018877029418945
scan23,36,3,boundary_and_occluded,958,9.501606941223145,8.604545593261719,-0.8970613479614258
scan23,37,3,full,16232,2.2307028770446777,1.9320507049560547,-0.29865217208862305
scan23,37,3,boundary,1624,10.53026008605957,8.654577255249023,-1.8756828308105469
scan23,37,3,large_disparity,3247,2.374988317489624,1.5547080039978027,-0.8202803134918213
scan23,37,3,occluded_any,1613,7.5613532066345215,5.927935600280762,-1.6334176063537598
scan23,37,3,occluded_majority,903,10.590468406677246,8.192489624023438,-2.3979787826538086
scan23,37,3,large_disp_and_occluded,483,6.499761581420898,3.4957709312438965,-3.003990650177002
scan23,37,3,boundary_and_occluded,891,10.533805847167969,8.113415718078613,-2.4203901290893555
scan23,38,3,full,12873,2.29663348197937,2.41581392288208,0.11918044090270996
scan23,38,3,boundary,1288,9.597872734069824,8.698060989379883,-0.8998117446899414
scan23,38,3,large_disparity,2575,2.9504005908966064,2.1116721630096436,-0.8387284278869629
scan23,38,3,occluded_any,930,9.853933334350586,8.130961418151855,-1.7229719161987305
scan23,38,3,occluded_majority,622,11.5384521484375,9.514631271362305,-2.0238208770751953
scan23,38,3,large_disp_and_occluded,323,8.73298454284668,4.8321685791015625,-3.900815963745117
scan23,38,3,boundary_and_occluded,525,12.540519714355469,9.648784637451172,-2.891735076904297
scan23,39,3,full,14525,2.0232317447662354,2.1049585342407227,0.0817267894744873
scan23,39,3,boundary,1453,8.085461616516113,7.793920993804932,-0.29154062271118164
scan23,39,3,large_disparity,2905,2.307128667831421,1.9423357248306274,-0.36479294300079346
scan23,39,3,occluded_any,1268,7.343751430511475,5.887784481048584,-1.4559669494628906
scan23,39,3,occluded_majority,678,9.6566162109375,7.35549259185791,-2.30112361907959
scan23,39,3,large_disp_and_occluded,413,9.833242416381836,5.750126361846924,-4.083116054534912
scan23,39,3,boundary_and_occluded,697,10.309081077575684,7.918543815612793,-2.3905372619628906
scan23,40,3,full,15931,1.8039700984954834,1.772663950920105,-0.03130614757537842
scan23,40,3,boundary,1594,7.276147842407227,6.6380391120910645,-0.6381087303161621
scan23,40,3,large_disparity,3187,1.6729410886764526,1.2854341268539429,-0.38750696182250977
scan23,40,3,occluded_any,1309,6.849396228790283,5.444300651550293,-1.4050955772399902
scan23,40,3,occluded_majority,726,8.84822940826416,6.396137237548828,-2.452092170715332
scan23,40,3,large_disp_and_occluded,362,7.847743034362793,4.114481449127197,-3.7332615852355957
scan23,40,3,boundary_and_occluded,693,9.861130714416504,7.669480800628662,-2.191649913787842
scan23,41,3,full,16096,2.941694498062134,2.3585751056671143,-0.5831193923950195
scan23,41,3,boundary,1610,8.765669822692871,7.772908687591553,-0.9927611351013184
scan23,41,3,large_disparity,3220,6.866661548614502,4.10866641998291,-2.757995128631592
scan23,41,3,occluded_any,1344,15.397578239440918,11.069501876831055,-4.328076362609863
scan23,41,3,occluded_majority,686,17.636693954467773,15.167055130004883,-2.4696388244628906
scan23,41,3,large_disp_and_occluded,402,37.26106643676758,22.639251708984375,-14.621814727783203
scan23,41,3,boundary_and_occluded,761,12.657986640930176,10.325859069824219,-2.332127571105957
scan23,42,3,full,16180,2.323059320449829,2.3121445178985596,-0.010914802551269531
scan23,42,3,boundary,1618,7.749546527862549,8.06191349029541,0.31236696243286133
scan23,42,3,large_disparity,3236,2.161316394805908,1.2125822305679321,-0.9487341642379761
scan23,42,3,occluded_any,1283,7.201974868774414,6.248326301574707,-0.953648567199707
scan23,42,3,occluded_majority,749,8.80217170715332,7.790976047515869,-1.0111956596374512
scan23,42,3,large_disp_and_occluded,439,6.101772785186768,2.363940715789795,-3.7378320693969727
scan23,42,3,boundary_and_occluded,676,9.246711730957031,8.002815246582031,-1.243896484375
scan23,43,3,full,16137,2.2111446857452393,1.8933537006378174,-0.3177909851074219
scan23,43,3,boundary,1614,7.934061527252197,7.21385383605957,-0.720207691192627
scan23,43,3,large_disparity,3228,2.1128346920013428,1.457446575164795,-0.6553881168365479
scan23,43,3,occluded_any,1337,5.504080772399902,5.789827346801758,0.28574657440185547
scan23,43,3,occluded_majority,614,7.785107135772705,8.34832763671875,0.5632205009460449
scan23,43,3,large_disp_and_occluded,456,4.35609245300293,3.4787700176239014,-0.8773224353790283
scan23,43,3,boundary_and_occluded,671,8.065476417541504,8.3875093460083,0.3220329284667969
scan23,44,3,full,16198,2.120445489883423,1.8185290098190308,-0.3019164800643921
scan23,44,3,boundary,1620,8.002236366271973,7.196794033050537,-0.8054423332214355
scan23,44,3,large_disparity,3240,2.0467991828918457,1.876786470413208,-0.1700127124786377
scan23,44,3,occluded_any,1317,5.714229583740234,6.392506122589111,0.678276538848877
scan23,44,3,occluded_majority,609,7.4092936515808105,8.532158851623535,1.1228652000427246
scan23,44,3,large_disp_and_occluded,488,6.2004899978637695,6.553199291229248,0.3527092933654785
scan23,44,3,boundary_and_occluded,753,8.235711097717285,8.995891571044922,0.7601804733276367
scan23,45,3,full,16142,1.8620418310165405,1.6897644996643066,-0.1722773313522339
scan23,45,3,boundary,1615,7.27655029296875,6.7206711769104,-0.5558791160583496
scan23,45,3,large_disparity,3229,1.7240928411483765,1.7411872148513794,0.01709437370300293
scan23,45,3,occluded_any,1282,5.765698432922363,5.7954607009887695,0.02976226806640625
scan23,45,3,occluded_majority,578,6.674095630645752,6.950546741485596,0.27645111083984375
scan23,45,3,large_disp_and_occluded,437,6.121705532073975,6.250039100646973,0.12833356857299805
scan23,45,3,boundary_and_occluded,728,7.976661682128906,7.943708896636963,-0.03295278549194336
scan23,46,3,full,15929,2.3322267532348633,2.079376697540283,-0.2528500556945801
scan23,46,3,boundary,1593,9.40372085571289,9.215662956237793,-0.18805789947509766
scan23,46,3,large_disparity,3186,3.0639967918395996,3.1800649166107178,0.11606812477111816
scan23,46,3,occluded_any,1596,7.312224864959717,7.8129754066467285,0.5007505416870117
scan23,46,3,occluded_majority,637,12.521556854248047,12.958943367004395,0.43738651275634766
scan23,46,3,large_disp_and_occluded,460,13.418110847473145,14.506747245788574,1.0886363983154297
scan23,46,3,boundary_and_occluded,814,11.067209243774414,12.63784408569336,1.5706348419189453
scan23,47,3,full,15717,2.7928197383880615,2.824586868286133,0.03176712989807129
scan23,47,3,boundary,1572,12.535894393920898,12.202935218811035,-0.3329591751098633
scan23,47,3,large_disparity,3144,4.07784366607666,4.354331970214844,0.2764883041381836
scan23,47,3,occluded_any,2898,7.014327526092529,6.969202995300293,-0.04512453079223633
scan23,47,3,occluded_majority,974,13.412895202636719,13.754613876342773,0.3417186737060547
scan23,47,3,large_disp_and_occluded,587,17.248117446899414,17.275150299072266,0.027032852172851562
scan23,47,3,boundary_and_occluded,927,14.065245628356934,14.107120513916016,0.04187488555908203
scan23,48,3,full,14266,7.178128719329834,7.632246971130371,0.4541182518005371
scan23,48,3,boundary,1427,25.30608367919922,30.015729904174805,4.709646224975586
scan23,48,3,large_disparity,2854,3.278848171234131,2.398925542831421,-0.87992262840271
scan23,48,3,occluded_any,1702,15.106501579284668,20.6949405670166,5.588438987731934
scan23,48,3,occluded_majority,716,12.98388957977295,13.494864463806152,0.5109748840332031
scan23,48,3,large_disp_and_occluded,333,7.427641868591309,4.216170787811279,-3.2114710807800293
scan23,48,3,boundary_and_occluded,679,21.94538116455078,32.552513122558594,10.607131958007812
scan24,0,3,full,20010,3.0457024574279785,3.4564549922943115,0.410752534866333
scan24,0,3,boundary,2001,12.520489692687988,17.129106521606445,4.608616828918457
scan24,0,3,large_disparity,4002,4.650583267211914,4.79799747467041,0.1474142074584961
scan24,0,3,occluded_any,1186,8.119050025939941,6.9980387687683105,-1.1210112571716309
scan24,0,3,occluded_majority,761,9.901036262512207,8.499105453491211,-1.401930809020996
scan24,0,3,large_disp_and_occluded,7,3.053187847137451,1.5619419813156128,-1.4912458658218384
scan24,0,3,boundary_and_occluded,298,17.9720516204834,15.07504940032959,-2.8970022201538086
scan24,1,3,full,20382,3.2882285118103027,3.4732940196990967,0.18506550788879395
scan24,1,3,boundary,2039,9.734569549560547,9.921976089477539,0.1874065399169922
scan24,1,3,large_disparity,4077,8.33903980255127,11.59852409362793,3.25948429107666
scan24,1,3,occluded_any,2500,13.763405799865723,18.657670974731445,4.894265174865723
scan24,1,3,occluded_majority,1073,25.53290557861328,37.87168884277344,12.338783264160156
scan24,1,3,large_disp_and_occluded,680,34.58188247680664,56.2347412109375,21.65285873413086
scan24,1,3,boundary_and_occluded,820,18.727684020996094,20.177217483520508,1.449533462524414
scan24,2,3,full,20320,2.198354721069336,1.889685869216919,-0.308668851852417
scan24,2,3,boundary,2032,7.868826389312744,4.806912422180176,-3.0619139671325684
scan24,2,3,large_disparity,4064,3.094731330871582,2.204414129257202,-0.8903172016143799
scan24,2,3,occluded_any,1417,8.125821113586426,6.783695697784424,-1.342125415802002
scan24,2,3,occluded_majority,575,11.00618839263916,8.918926239013672,-2.0872621536254883
scan24,2,3,large_disp_and_occluded,171,8.082324981689453,9.513623237609863,1.4312982559204102
scan24,2,3,boundary_and_occluded,493,14.380309104919434,11.614959716796875,-2.7653493881225586
scan24,3,3,full,20106,2.5338246822357178,2.7564141750335693,0.22258949279785156
scan24,3,3,boundary,2011,9.516825675964355,9.807321548461914,0.2904958724975586
scan24,3,3,large_disparity,4022,3.806105613708496,6.488908290863037,2.682802677154541
scan24,3,3,occluded_any,3754,5.851977825164795,5.267675399780273,-0.5843024253845215
scan24,3,3,occluded_majority,900,13.212889671325684,13.044442176818848,-0.16844749450683594
scan24,3,3,large_disp_and_occluded,686,7.312141418457031,7.972910404205322,0.660768985748291
scan24,3,3,boundary_and_occluded,1657,9.40754222869873,8.350926399230957,-1.0566158294677734
scan24,4,3,full,17966,4.547117233276367,4.552177429199219,0.0050601959228515625
scan24,4,3,boundary,1797,23.13794708251953,23.917150497436523,0.7792034149169922
scan24,4,3,large_disparity,3594,2.003011703491211,2.0003535747528076,-0.0026581287384033203
scan24,4,3,occluded_any,1475,13.944914817810059,18.79783821105957,4.852923393249512
scan24,4,3,occluded_majority,752,15.558588981628418,19.27839469909668,3.7198057174682617
scan24,4,3,large_disp_and_occluded,73,2.867779493331909,2.501988172531128,-0.36579132080078125
scan24,4,3,boundary_and_occluded,819,22.05368423461914,30.047733306884766,7.994049072265625
scan24,5,3,full,18076,4.626843452453613,3.1566414833068848,-1.4702019691467285
scan24,5,3,boundary,1808,21.289196014404297,15.14101505279541,-6.148180961608887
scan24,5,3,large_disparity,3616,3.1024975776672363,2.1087474822998047,-0.9937500953674316
scan24,5,3,occluded_any,1396,13.884926795959473,10.44790267944336,-3.4370241165161133
scan24,5,3,occluded_majority,902,17.826175689697266,13.00499439239502,-4.821181297302246
scan24,5,3,large_disp_and_occluded,133,9.313054084777832,7.331676483154297,-1.9813776016235352
scan24,5,3,boundary_and_occluded,641,23.692399978637695,17.477256774902344,-6.215143203735352
scan24,6,3,full,20133,4.354727268218994,3.5828237533569336,-0.7719035148620605
scan24,6,3,boundary,2014,18.02713966369629,14.88298225402832,-3.1441574096679688
scan24,6,3,large_disparity,4027,4.808398246765137,3.0684621334075928,-1.739936113357544
scan24,6,3,occluded_any,4012,10.341415405273438,8.235223770141602,-2.106191635131836
scan24,6,3,occluded_majority,2067,15.88742733001709,12.50456428527832,-3.3828630447387695
scan24,6,3,large_disp_and_occluded,922,8.738110542297363,6.867894649505615,-1.870215892791748
scan24,6,3,boundary_and_occluded,1473,19.337627410888672,16.492158889770508,-2.845468521118164
scan24,7,3,full,20109,3.052844524383545,2.887178897857666,-0.1656656265258789
scan24,7,3,boundary,2011,12.268943786621094,9.798201560974121,-2.4707422256469727
scan24,7,3,large_disparity,4022,5.7932939529418945,4.684067726135254,-1.1092262268066406
scan24,7,3,occluded_any,2684,7.611480712890625,7.975006580352783,0.3635258674621582
scan24,7,3,occluded_majority,1020,14.407781600952148,13.234736442565918,-1.1730451583862305
scan24,7,3,large_disp_and_occluded,839,11.98358154296875,8.79740047454834,-3.18618106842041
scan24,7,3,boundary_and_occluded,1116,13.28713607788086,11.272603034973145,-2.014533042907715
scan24,8,3,full,20198,1.6756236553192139,1.703376054763794,0.027752399444580078
scan24,8,3,boundary,2020,7.330422401428223,5.46690034866333,-1.8635220527648926
scan24,8,3,large_disparity,4040,2.5498385429382324,1.929555058479309,-0.6202834844589233
scan24,8,3,occluded_any,1322,7.763816833496094,9.71932315826416,1.9555063247680664
scan24,8,3,occluded_majority,588,11.360638618469238,15.162933349609375,3.8022947311401367
scan24,8,3,large_disp_and_occluded,157,3.872755765914917,5.2034502029418945,1.3306944370269775
scan24,8,3,boundary_and_occluded,620,13.93302059173584,13.547221183776855,-0.3857994079589844
scan24,9,3,full,19798,2.6019937992095947,1.9790370464324951,-0.6229567527770996
scan24,9,3,boundary,1980,10.213848114013672,7.65425968170166,-2.5595884323120117
scan24,9,3,large_disparity,3960,5.924270153045654,3.516383171081543,-2.4078869819641113
scan24,9,3,occluded_any,2021,13.387166023254395,9.220919609069824,-4.16624641418457
scan24,9,3,occluded_majority,794,27.435165405273438,17.527427673339844,-9.907737731933594
scan24,9,3,large_disp_and_occluded,440,38.64192199707031,22.395374298095703,-16.24654769897461
scan24,9,3,boundary_and_occluded,857,18.65973663330078,13.475384712219238,-5.184351921081543
scan24,10,3,full,20411,5.481812953948975,5.679218769073486,0.19740581512451172
scan24,10,3,boundary,2042,13.96773910522461,12.930675506591797,-1.0370635986328125
scan24,10,3,large_disparity,4083,20.78297996520996,21.783132553100586,1.000152587890625
scan24,10,3,occluded_any,1382,19.47136688232422,18.508228302001953,-0.9631385803222656
scan24,10,3,occluded_majority,640,19.430713653564453,15.228175163269043,-4.20253849029541
scan24,10,3,large_disp_and_occluded,128,141.67276000976562,139.86056518554688,-1.81219482421875
scan24,10,3,boundary_and_occluded,542,38.348995208740234,33.38597869873047,-4.963016510009766
scan24,11,3,full,19572,4.761228084564209,4.0195112228393555,-0.7417168617248535
scan24,11,3,boundary,1958,18.738101959228516,16.631912231445312,-2.106189727783203
scan24,11,3,large_disparity,3915,13.20726203918457,8.55233383178711,-4.654928207397461
scan24,11,3,occluded_any,1305,13.34939956665039,9.570422172546387,-3.778977394104004
scan24,11,3,occluded_majority,801,14.126769065856934,10.061957359313965,-4.064811706542969
scan24,11,3,large_disp_and_occluded,26,124.43428802490234,60.3892822265625,-64.04500579833984
scan24,11,3,boundary_and_occluded,484,21.166858673095703,14.707711219787598,-6.4591474533081055
scan24,12,3,full,19658,3.707507848739624,2.409306287765503,-1.298201560974121
scan24,12,3,boundary,1966,13.91909122467041,10.992927551269531,-2.926163673400879
scan24,12,3,large_disparity,3932,10.63934326171875,5.857916355133057,-4.781426906585693
scan24,12,3,occluded_any,3205,14.601107597351074,8.788911819458008,-5.812195777893066
scan24,12,3,occluded_majority,1142,32.342529296875,18.291439056396484,-14.051090240478516
scan24,12,3,large_disp_and_occluded,874,37.031646728515625,18.62504005432129,-18.406606674194336
scan24,12,3,boundary_and_occluded,1267,18.59689712524414,14.634002685546875,-3.9628944396972656
scan24,13,3,full,19403,2.089730739593506,1.953243374824524,-0.13648736476898193
scan24,13,3,boundary,1941,8.06357479095459,7.571474552154541,-0.49210023880004883
scan24,13,3,large_disparity,3881,4.519080638885498,3.7038557529449463,-0.8152248859405518
scan24,13,3,occluded_any,2282,8.2473783493042,7.597985744476318,-0.6493926048278809
scan24,13,3,occluded_majority,986,14.486494064331055,13.777222633361816,-0.7092714309692383
scan24,13,3,large_disp_and_occluded,604,13.649402618408203,11.924869537353516,-1.7245330810546875
scan24,13,3,boundary_and_occluded,840,15.348834991455078,14.5774507522583,-0.7713842391967773
scan24,14,3,full,19609,1.5987486839294434,1.6449828147888184,0.046234130859375
scan24,14,3,boundary,1961,6.015610218048096,5.675866603851318,-0.33974361419677734
scan24,14,3,large_disparity,3922,1.8291921615600586,1.9854508638381958,0.1562587022781372
scan24,14,3,occluded_any,1277,9.13735580444336,10.064689636230469,0.9273338317871094
scan24,14,3,occluded_majority,592,11.972719192504883,14.208416938781738,2.2356977462768555
scan24,14,3,large_disp_and_occluded,297,7.925671100616455,8.513492584228516,0.5878214836120605
scan24,14,3,boundary_and_occluded,645,13.015104293823242,12.618118286132812,-0.3969860076904297
scan24,15,3,full,20019,1.7491519451141357,2.1058695316314697,0.356717586517334
scan24,15,3,boundary,2002,5.789511203765869,6.031192302703857,0.24168109893798828
scan24,15,3,large_disparity,4004,1.8097951412200928,3.3333663940429688,1.523571252822876
scan24,15,3,occluded_any,1503,9.368295669555664,14.57231616973877,5.2040205001831055
scan24,15,3,occluded_majority,530,15.521172523498535,21.28218650817871,5.761013984680176
scan24,15,3,large_disp_and_occluded,279,7.615601062774658,19.198213577270508,11.58261251449585
scan24,15,3,boundary_and_occluded,583,14.753440856933594,15.729775428771973,0.9763345718383789
scan24,16,3,full,19844,3.7940869331359863,3.7640817165374756,-0.030005216598510742
scan24,16,3,boundary,1985,11.262301445007324,7.625123023986816,-3.637178421020508
scan24,16,3,large_disparity,3969,7.127789497375488,6.183598518371582,-0.9441909790039062
scan24,16,3,occluded_any,2109,19.596010208129883,17.435653686523438,-2.1603565216064453
scan24,16,3,occluded_majority,618,32.27549362182617,17.99403953552246,-14.281454086303711
scan24,16,3,large_disp_and_occluded,643,22.8810977935791,10.499512672424316,-12.381585121154785
scan24,16,3,boundary_and_occluded,655,27.126604080200195,17.206130981445312,-9.920473098754883
scan24,17,3,full,19855,6.61508846282959,3.3839311599731445,-3.2311573028564453
scan24,17,3,boundary,1986,14.294624328613281,11.632989883422852,-2.6616344451904297
scan24,17,3,large_disparity,3971,16.634159088134766,5.025468826293945,-11.60869026184082
scan24,17,3,occluded_any,3727,18.94230842590332,9.361902236938477,-9.580406188964844
scan24,17,3,occluded_majority,1333,32.51918411254883,13.004602432250977,-19.51458168029785
scan24,17,3,large_disp_and_occluded,1115,35.17404556274414,10.822299003601074,-24.351746559143066
scan24,17,3,boundary_and_occluded,1465,15.694076538085938,13.271900177001953,-2.4221763610839844
scan24,18,3,full,19386,9.724116325378418,5.16035795211792,-4.563758373260498
scan24,18,3,boundary,1939,32.36796188354492,23.250965118408203,-9.116996765136719
scan24,18,3,large_disparity,3878,34.49798583984375,5.622753143310547,-28.875232696533203
scan24,18,3,occluded_any,2825,23.11062240600586,17.423612594604492,-5.687009811401367
scan24,18,3,occluded_majority,788,32.38910675048828,26.474409103393555,-5.914697647094727
scan24,18,3,large_disp_and_occluded,531,61.52988815307617,17.695161819458008,-43.834726333618164
scan24,18,3,boundary_and_occluded,857,43.289207458496094,38.87317657470703,-4.4160308837890625
scan24,19,3,full,15959,12.727049827575684,6.401965141296387,-6.325084686279297
scan24,19,3,boundary,1596,63.22743225097656,35.14622116088867,-28.08121109008789
scan24,19,3,large_disparity,3192,41.857425689697266,11.616992950439453,-30.240432739257812
scan24,19,3,occluded_any,1177,28.378385543823242,20.204166412353516,-8.174219131469727
scan24,19,3,occluded_majority,387,34.51866912841797,29.798381805419922,-4.720287322998047
scan24,19,3,large_disp_and_occluded,92,61.056270599365234,32.6931266784668,-28.363143920898438
scan24,19,3,boundary_and_occluded,391,44.72479248046875,36.602073669433594,-8.122718811035156
scan24,20,3,full,18259,8.897510528564453,4.349380970001221,-4.548129558563232
scan24,20,3,boundary,1826,22.972042083740234,18.221240997314453,-4.750801086425781
scan24,20,3,large_disparity,3652,33.585479736328125,7.952123165130615,-25.63335657119751
scan24,20,3,occluded_any,2506,20.89944076538086,16.87014389038086,-4.029296875
scan24,20,3,occluded_majority,1334,25.84123420715332,24.375244140625,-1.4659900665283203
scan24,20,3,large_disp_and_occluded,479,67.5314712524414,27.520225524902344,-40.01124572753906
scan24,20,3,boundary_and_occluded,1072,25.211673736572266,23.480884552001953,-1.7307891845703125
scan24,21,3,full,18956,6.33707857131958,5.0556111335754395,-1.2814674377441406
scan24,21,3,boundary,1896,15.95644760131836,15.151572227478027,-0.804875373840332
scan24,21,3,large_disparity,3792,17.708648681640625,6.252471446990967,-11.456177234649658
scan24,21,3,occluded_any,3037,22.062742233276367,19.145414352416992,-2.917327880859375
scan24,21,3,occluded_majority,1245,37.693626403808594,37.19795227050781,-0.49567413330078125
scan24,21,3,large_disp_and_occluded,869,38.460479736328125,17.280757904052734,-21.17972183227539
scan24,21,3,boundary_and_occluded,1112,22.18943214416504,21.986623764038086,-0.20280838012695312
scan24,22,3,full,19397,3.521629810333252,3.674225091934204,0.15259528160095215
scan24,22,3,boundary,1940,9.222675323486328,7.715804100036621,-1.506871223449707
scan24,22,3,large_disparity,3880,5.358699798583984,5.754456996917725,0.39575719833374023
scan24,22,3,occluded_any,1539,24.847415924072266,28.312705993652344,3.465290069580078
scan24,22,3,occluded_majority,773,40.829551696777344,45.113800048828125,4.284248352050781
scan24,22,3,large_disp_and_occluded,376,26.691879272460938,33.31871795654297,6.626838684082031
scan24,22,3,boundary_and_occluded,532,24.863534927368164,20.726642608642578,-4.136892318725586
scan24,23,3,full,19774,2.4680469036102295,3.04329514503479,0.5752482414245605
scan24,23,3,boundary,1978,7.114248275756836,7.3792853355407715,0.26503705978393555
scan24,23,3,large_disparity,3955,4.958804607391357,8.18834400177002,3.229539394378662
scan24,23,3,occluded_any,1539,16.663949966430664,20.556331634521484,3.8923816680908203
scan24,23,3,occluded_majority,460,21.373456954956055,24.97191047668457,3.5984535217285156
scan24,23,3,large_disp_and_occluded,449,22.53968048095703,34.0013542175293,11.461673736572266
scan24,23,3,boundary_and_occluded,631,17.8641357421875,18.625516891479492,0.7613811492919922
scan24,24,3,full,19430,2.080913782119751,2.7639386653900146,0.6830248832702637
scan24,24,3,boundary,1943,7.013956546783447,6.977452278137207,-0.036504268646240234
scan24,24,3,large_disparity,3886,5.816256523132324,9.508877754211426,3.6926212310791016
scan24,24,3,occluded_any,1570,14.594734191894531,19.01222801208496,4.41749382019043
scan24,24,3,occluded_majority,505,21.753101348876953,25.920608520507812,4.167507171630859
scan24,24,3,large_disp_and_occluded,704,24.057771682739258,33.52558898925781,9.467817306518555
scan24,24,3,boundary_and_occluded,620,17.62649154663086,17.833404541015625,0.20691299438476562
scan24,25,3,full,18886,3.67794132232666,4.079986572265625,0.40204524993896484
scan24,25,3,boundary,1889,7.570328712463379,6.774560451507568,-0.7957682609558105
scan24,25,3,large_disparity,3778,11.214714050292969,13.474949836730957,2.2602357864379883
scan24,25,3,occluded_any,1844,17.00151824951172,15.92094898223877,-1.0805692672729492
scan24,25,3,occluded_majority,575,27.336986541748047,24.673433303833008,-2.663553237915039
scan24,25,3,large_disp_and_occluded,571,30.061996459960938,27.05611228942871,-3.0058841705322266
scan24,25,3,boundary_and_occluded,750,15.141219139099121,13.92359733581543,-1.2176218032836914
scan24,26,3,full,18733,4.17454195022583,3.8864340782165527,-0.28810787200927734
scan24,26,3,boundary,1874,12.083401679992676,10.562084197998047,-1.521317481994629
scan24,26,3,large_disparity,3747,5.462259769439697,6.853340148925781,1.391080379486084
scan24,26,3,occluded_any,2529,13.71703815460205,12.822136878967285,-0.8949012756347656
scan24,26,3,occluded_majority,848,22.178836822509766,18.585552215576172,-3.5932846069335938
scan24,26,3,large_disp_and_occluded,720,7.89215612411499,13.345025062561035,5.452868938446045
scan24,26,3,boundary_and_occluded,934,19.562068939208984,17.966371536254883,-1.5956974029541016
scan24,27,3,full,18292,3.520590305328369,4.838179588317871,1.317589282989502
scan24,27,3,boundary,1830,14.591507911682129,19.708911895751953,5.117403984069824
scan24,27,3,large_disparity,3659,6.4277024269104,10.926237106323242,4.498534679412842
scan24,27,3,occluded_any,2398,13.1607027053833,19.337627410888672,6.176924705505371
scan24,27,3,occluded_majority,693,21.360137939453125,25.43503189086914,4.074893951416016
scan24,27,3,large_disp_and_occluded,618,15.740779876708984,40.097930908203125,24.35715103149414
scan24,27,3,boundary_and_occluded,1000,21.831594467163086,29.48308753967285,7.651493072509766
scan24,28,3,full,15382,5.796915531158447,5.164442539215088,-0.6324729919433594
scan24,28,3,boundary,1539,26.95009422302246,19.413415908813477,-7.536678314208984
scan24,28,3,large_disparity,3077,14.297454833984375,6.779424667358398,-7.518030166625977
scan24,28,3,occluded_any,1457,23.314773559570312,16.9879150390625,-6.3268585205078125
scan24,28,3,occluded_majority,651,25.364259719848633,17.495281219482422,-7.868978500366211
scan24,28,3,large_disp_and_occluded,247,59.3618049621582,30.47953224182129,-28.882272720336914
scan24,28,3,boundary_and_occluded,600,30.984439849853516,20.018165588378906,-10.96627426147461
scan24,29,3,full,16141,5.2237229347229,4.510035991668701,-0.7136869430541992
scan24,29,3,boundary,1615,19.89848518371582,17.271610260009766,-2.6268749237060547
scan24,29,3,large_disparity,3229,13.077291488647461,9.112881660461426,-3.964409828186035
scan24,29,3,occluded_any,3160,17.106538772583008,14.163169860839844,-2.943368911743164
scan24,29,3,occluded_majority,946,36.06791687011719,31.876258850097656,-4.191658020019531
scan24,29,3,large_disp_and_occluded,826,29.049182891845703,21.35992431640625,-7.689258575439453
scan24,29,3,boundary_and_occluded,1035,26.6993350982666,23.2319278717041,-3.4674072265625
scan24,30,3,full,16805,4.882152080535889,4.695230007171631,-0.1869220733642578
scan24,30,3,boundary,1681,12.816800117492676,11.652823448181152,-1.1639766693115234
scan24,30,3,large_disparity,3361,13.010736465454102,11.400184631347656,-1.6105518341064453
scan24,30,3,occluded_any,2526,17.00939178466797,15.02192211151123,-1.9874696731567383
scan24,30,3,occluded_majority,838,34.59279251098633,32.00022888183594,-2.5925636291503906
scan24,30,3,large_disp_and_occluded,815,25.919376373291016,21.57464027404785,-4.344736099243164
scan24,30,3,boundary_and_occluded,893,20.171533584594727,18.154115676879883,-2.0174179077148438
scan24,31,3,full,17282,3.670257091522217,3.353017807006836,-0.31723928451538086
scan24,31,3,boundary,1729,10.714580535888672,8.529182434082031,-2.1853981018066406
scan24,31,3,large_disparity,3457,12.407376289367676,11.233652114868164,-1.1737241744995117
scan24,31,3,occluded_any,1898,18.69086456298828,17.04570770263672,-1.6451568603515625
scan24,31,3,occluded_majority,732,30.063135147094727,29.256059646606445,-0.8070755004882812
scan24,31,3,large_disp_and_occluded,723,34.696510314941406,30.603561401367188,-4.092948913574219
scan24,31,3,boundary_and_occluded,741,21.708480834960938,17.196603775024414,-4.511877059936523
scan24,32,3,full,17934,2.737551689147949,2.493277072906494,-0.24427461624145508
scan24,32,3,boundary,1794,9.16574764251709,9.486736297607422,0.32098865509033203
scan24,32,3,large_disparity,3587,8.702597618103027,6.920485973358154,-1.782111644744873
scan24,32,3,occluded_any,1714,18.555566787719727,15.814215660095215,-2.7413511276245117
scan24,32,3,occluded_majority,693,27.515954971313477,24.489038467407227,-3.02691650390625
scan24,32,3,large_disp_and_occluded,877,28.546524047851562,21.89207649230957,-6.654447555541992
scan24,32,3,boundary_and_occluded,695,20.003633499145508,20.85152244567871,0.8478889465332031
scan24,33,3,full,18620,1.9708839654922485,1.8398634195327759,-0.13102054595947266
scan24,33,3,boundary,1862,8.1695556640625,7.834777355194092,-0.3347783088684082
scan24,33,3,large_disparity,3724,4.62054967880249,3.977587938308716,-0.6429617404937744
scan24,33,3,occluded_any,1603,13.925443649291992,12.534534454345703,-1.390909194946289
scan24,33,3,occluded_majority,754,17.933406829833984,16.031024932861328,-1.9023818969726562
scan24,33,3,large_disp_and_occluded,740,19.804025650024414,16.675559997558594,-3.1284656524658203
scan24,33,3,boundary_and_occluded,720,18.107982635498047,16.630571365356445,-1.4774112701416016
scan24,34,3,full,18361,2.234930992126465,2.3215184211730957,0.08658742904663086
scan24,34,3,boundary,1837,9.86741828918457,8.355650901794434,-1.5117673873901367
scan24,34,3,large_disparity,3673,3.5857994556427,3.4653329849243164,-0.12046647071838379
scan24,34,3,occluded_any,1631,14.44546127319336,15.324031829833984,0.878570556640625
scan24,34,3,occluded_majority,729,19.58065414428711,18.529273986816406,-1.0513801574707031
scan24,34,3,large_disp_and_occluded,512,14.061562538146973,11.409711837768555,-2.651850700378418
scan24,34,3,boundary_and_occluded,672,20.995149612426758,17.774770736694336,-3.220378875732422
scan24,35,3,full,17552,4.7581892013549805,3.5188021659851074,-1.239387035369873
scan24,35,3,boundary,1756,14.39712905883789,12.396470069885254,-2.0006589889526367
scan24,35,3,large_disparity,3511,15.098024368286133,9.157628059387207,-5.940396308898926
scan24,35,3,occluded_any,2123,25.09181785583496,20.247310638427734,-4.844507217407227
scan24,35,3,occluded_majority,461,43.72716522216797,34.73554229736328,-8.991622924804688
scan24,35,3,large_disp_and_occluded,901,39.50359344482422,28.68672752380371,-10.816865921020508
scan24,35,3,boundary_and_occluded,687,31.25123405456543,26.897977828979492,-4.3532562255859375
scan24,36,3,full,16673,8.187864303588867,4.87457275390625,-3.313291549682617
scan24,36,3,boundary,1668,25.762798309326172,24.071393966674805,-1.6914043426513672
scan24,36,3,large_disparity,3335,28.677675247192383,10.940601348876953,-17.73707389831543
scan24,36,3,occluded_any,3089,26.625186920166016,18.55272674560547,-8.072460174560547
scan24,36,3,occluded_majority,397,57.34229278564453,46.436885833740234,-10.905406951904297
scan24,36,3,large_disp_and_occluded,1117,49.3183479309082,26.77349281311035,-22.54485511779785
scan24,36,3,boundary_and_occluded,1053,36.81298828125,35.192222595214844,-1.6207656860351562
scan24,37,3,full,15508,10.274969100952148,8.149999618530273,-2.124969482421875
scan24,37,3,boundary,1551,44.65260314941406,42.348026275634766,-2.304576873779297
scan24,37,3,large_disparity,3102,38.16300964355469,9.850088119506836,-28.31292152404785
scan24,37,3,occluded_any,3743,16.35620880126953,21.93427085876465,5.578062057495117
scan24,37,3,occluded_majority,1063,18.2552433013916,34.81855392456055,16.563310623168945
scan24,37,3,large_disp_and_occluded,681,55.656410217285156,20.769207000732422,-34.887203216552734
scan24,37,3,boundary_and_occluded,997,36.1126823425293,51.8017578125,15.689075469970703
scan24,38,3,full,10258,13.214550971984863,7.4965996742248535,-5.71795129776001
scan24,38,3,boundary,1026,63.83567810058594,47.10612869262695,-16.729549407958984
scan24,38,3,large_disparity,2052,42.83258056640625,16.33662223815918,-26.49595832824707
scan24,38,3,occluded_any,677,37.46485137939453,37.17005920410156,-0.29479217529296875
scan24,38,3,occluded_majority,473,45.20439147949219,47.68818283081055,2.4837913513183594
scan24,38,3,large_disp_and_occluded,161,82.28550720214844,77.49759674072266,-4.787910461425781
scan24,38,3,boundary_and_occluded,265,63.549217224121094,68.203369140625,4.654151916503906
scan24,39,3,full,12315,8.426243782043457,6.332437038421631,-2.093806743621826
scan24,39,3,boundary,1232,29.753421783447266,25.840131759643555,-3.913290023803711
scan24,39,3,large_disparity,2463,30.71939468383789,10.247556686401367,-20.471837997436523
scan24,39,3,occluded_any,3173,16.60066795349121,11.37865161895752,-5.222016334533691
scan24,39,3,occluded_majority,663,37.7396125793457,26.811656951904297,-10.927955627441406
scan24,39,3,large_disp_and_occluded,799,43.172481536865234,18.1009521484375,-25.071529388427734
scan24,39,3,boundary_and_occluded,939,31.74580955505371,25.87152671813965,-5.8742828369140625
scan24,40,3,full,13834,5.709039211273193,4.300439357757568,-1.408599853515625
scan24,40,3,boundary,1384,30.276538848876953,22.131938934326172,-8.144599914550781
scan24,40,3,large_disparity,2767,21.043466567993164,11.560434341430664,-9.4830322265625
scan24,40,3,occluded_any,2200,18.63561248779297,14.755830764770508,-3.879781723022461
scan24,40,3,occluded_majority,479,43.0650634765625,36.219451904296875,-6.845611572265625
scan24,40,3,large_disp_and_occluded,918,37.992366790771484,27.90402603149414,-10.088340759277344
scan24,40,3,boundary_and_occluded,964,34.05551528930664,27.747480392456055,-6.308034896850586
scan24,41,3,full,15033,2.756357431411743,2.0358071327209473,-0.7205502986907959
scan24,41,3,boundary,1504,16.290895462036133,11.01550006866455,-5.275395393371582
scan24,41,3,large_disparity,3007,8.481304168701172,5.241164684295654,-3.2401394844055176
scan24,41,3,occluded_any,1426,12.313165664672852,10.171225547790527,-2.141940116882324
scan24,41,3,occluded_majority,370,25.007978439331055,19.853397369384766,-5.154581069946289
scan24,41,3,large_disp_and_occluded,726,19.69809913635254,15.841564178466797,-3.856534957885742
scan24,41,3,boundary_and_occluded,576,26.18791389465332,21.466012954711914,-4.721900939941406
scan24,42,3,full,16320,1.961262822151184,1.7169424295425415,-0.24432039260864258
scan24,42,3,boundary,1632,10.228994369506836,7.848625183105469,-2.380369186401367
scan24,42,3,large_disparity,3264,4.840813636779785,2.9835169315338135,-1.8572967052459717
scan24,42,3,occluded_any,1226,11.187787055969238,8.322239875793457,-2.8655471801757812
scan24,42,3,occluded_majority,344,21.182958602905273,14.399103164672852,-6.783855438232422
scan24,42,3,large_disp_and_occluded,865,12.648371696472168,8.009537696838379,-4.638833999633789
scan24,42,3,boundary_and_occluded,553,21.166894912719727,15.041098594665527,-6.125796318054199
scan24,43,3,full,16877,2.008002758026123,2.084737539291382,0.07673478126525879
scan24,43,3,boundary,1688,8.584271430969238,7.828176021575928,-0.7560954093933105
scan24,43,3,large_disparity,3376,3.93261456489563,3.438485860824585,-0.4941287040710449
scan24,43,3,occluded_any,1280,12.842985153198242,11.656415939331055,-1.1865692138671875
scan24,43,3,occluded_majority,800,14.22389030456543,13.067021369934082,-1.1568689346313477
scan24,43,3,large_disp_and_occluded,717,15.073407173156738,11.248271942138672,-3.8251352310180664
scan24,43,3,boundary_and_occluded,486,22.187768936157227,18.89789390563965,-3.289875030517578
scan24,44,3,full,16237,2.536731004714966,2.594362497329712,0.057631492614746094
scan24,44,3,boundary,1624,10.54487133026123,9.689139366149902,-0.8557319641113281
scan24,44,3,large_disparity,3248,4.2984299659729,6.3004608154296875,2.002030849456787
scan24,44,3,occluded_any,1331,14.263864517211914,16.575586318969727,2.3117218017578125
scan24,44,3,occluded_majority,753,16.477001190185547,16.134721755981445,-0.34227943420410156
scan24,44,3,large_disp_and_occluded,808,14.584261894226074,20.39974594116211,5.815484046936035
scan24,44,3,boundary_and_occluded,525,22.5646915435791,21.53603744506836,-1.0286540985107422
scan24,45,3,full,15411,2.965651512145996,3.8789639472961426,0.9133124351501465
scan24,45,3,boundary,1542,11.6550874710083,10.81751823425293,-0.8375692367553711
scan24,45,3,large_disparity,3083,7.629688739776611,11.976041793823242,4.346353054046631
scan24,45,3,occluded_any,1467,15.701530456542969,18.836856842041016,3.135326385498047
scan24,45,3,occluded_majority,695,14.243317604064941,16.14890480041504,1.9055871963500977
scan24,45,3,large_disp_and_occluded,822,18.707307815551758,27.0192813873291,8.311973571777344
scan24,45,3,boundary_and_occluded,605,21.998838424682617,21.131824493408203,-0.8670139312744141
scan24,46,3,full,14625,4.79105806350708,4.820564270019531,0.029506206512451172
scan24,46,3,boundary,1463,16.02066421508789,13.524856567382812,-2.495807647705078
scan24,46,3,large_disparity,2925,10.785837173461914,10.380033493041992,-0.4058036804199219
scan24,46,3,occluded_any,2028,19.951305389404297,17.338241577148438,-2.6130638122558594
scan24,46,3,occluded_majority,711,20.60625648498535,17.880634307861328,-2.7256221771240234
scan24,46,3,large_disp_and_occluded,786,28.385112762451172,25.73661231994629,-2.648500442504883
scan24,46,3,boundary_and_occluded,699,28.611482620239258,23.890804290771484,-4.720678329467773
scan24,47,3,full,13928,4.836925983428955,5.61816930770874,0.7812433242797852
scan24,47,3,boundary,1393,19.218164443969727,18.40877342224121,-0.8093910217285156
scan24,47,3,large_disparity,2786,8.408027648925781,10.925912857055664,2.517885208129883
scan24,47,3,occluded_any,2830,15.322197914123535,16.187358856201172,0.8651609420776367
scan24,47,3,occluded_majority,881,18.859224319458008,16.159713745117188,-2.6995105743408203
scan24,47,3,large_disp_and_occluded,976,18.820154190063477,21.504032135009766,2.683877944946289
scan24,47,3,boundary_and_occluded,929,24.202632904052734,22.297191619873047,-1.9054412841796875
scan24,48,3,full,13182,7.695223808288574,6.928409099578857,-0.7668147087097168
scan24,48,3,boundary,1319,29.647024154663086,22.220073699951172,-7.426950454711914
scan24,48,3,large_disparity,2637,20.188989639282227,15.192683219909668,-4.996306419372559
scan24,48,3,occluded_any,1760,22.818979263305664,19.85990333557129,-2.959075927734375
scan24,48,3,occluded_majority,586,33.144378662109375,29.376699447631836,-3.767679214477539
scan24,48,3,large_disp_and_occluded,551,47.70827865600586,42.247276306152344,-5.461002349853516
scan24,48,3,boundary_and_occluded,578,28.873157501220703,22.604015350341797,-6.269142150878906
scan29,0,3,full,20029,2.156634569168091,2.073411464691162,-0.08322310447692871
scan29,0,3,boundary,2003,3.885021209716797,4.045295238494873,0.16027402877807617
scan29,0,3,large_disparity,4006,2.089482069015503,2.3904356956481934,0.30095362663269043
scan29,0,3,occluded_any,179,13.509982109069824,11.322519302368164,-2.18746280670166
scan29,0,3,occluded_majority,138,15.189562797546387,12.498899459838867,-2.6906633377075195
scan29,0,3,large_disp_and_occluded,33,35.26213455200195,23.650012969970703,-11.61212158203125
scan29,0,3,boundary_and_occluded,76,21.57426643371582,21.904748916625977,0.33048248291015625
scan29,1,3,full,20469,1.6999351978302002,1.3210184574127197,-0.37891674041748047
scan29,1,3,boundary,2047,4.157927513122559,3.603358507156372,-0.5545690059661865
scan29,1,3,large_disparity,4094,3.197218894958496,2.337472677230835,-0.8597462177276611
scan29,1,3,occluded_any,379,13.103791236877441,8.793461799621582,-4.310329437255859
scan29,1,3,occluded_majority,112,30.381433486938477,20.548992156982422,-9.832441329956055
scan29,1,3,large_disp_and_occluded,259,17.01299285888672,10.053948402404785,-6.959044456481934
scan29,1,3,boundary_and_occluded,229,17.900312423706055,13.14876937866211,-4.751543045043945
scan29,2,3,full,20464,2.211311101913452,1.76987886428833,-0.44143223762512207
scan29,2,3,boundary,2047,4.26925802230835,4.173129558563232,-0.09612846374511719
scan29,2,3,large_disparity,4093,3.6946020126342773,2.7089693546295166,-0.9856326580047607
scan29,2,3,occluded_any,306,7.643482685089111,7.7578206062316895,0.11433792114257812
scan29,2,3,occluded_majority,139,5.404858589172363,4.8476881980896,-0.5571703910827637
scan29,2,3,large_disp_and_occluded,253,8.15571117401123,8.377028465270996,0.22131729125976562
scan29,2,3,boundary_and_occluded,174,9.644347190856934,10.684480667114258,1.0401334762573242
scan29,3,3,full,20360,1.8157272338867188,1.5267714262008667,-0.28895580768585205
scan29,3,3,boundary,2036,5.73516845703125,5.1162004470825195,-0.6189680099487305
scan29,3,3,large_disparity,4072,3.3335561752319336,3.013728380203247,-0.3198277950286865
scan29,3,3,occluded_any,399,5.44618034362793,7.128641128540039,1.6824607849121094
scan29,3,3,occluded_majority,91,3.966374397277832,10.195363998413086,6.228989601135254
scan29,3,3,large_disp_and_occluded,211,8.018001556396484,9.924408912658691,1.906407356262207
scan29,3,3,boundary_and_occluded,236,7.327694416046143,10.328303337097168,3.0006089210510254
scan29,4,3,full,18271,2.3345744609832764,1.9617277383804321,-0.37284672260284424
scan29,4,3,boundary,1828,9.234314918518066,7.651974201202393,-1.5823407173156738
scan29,4,3,large_disparity,3655,1.337172508239746,1.8886346817016602,0.5514621734619141
scan29,4,3,occluded_any,214,5.635715007781982,7.544302463531494,1.9085874557495117
scan29,4,3,occluded_majority,98,4.522200584411621,2.998171329498291,-1.52402925491333
scan29,4,3,large_disp_and_occluded,109,2.827301263809204,3.7931058406829834,0.9658045768737793
scan29,4,3,boundary_and_occluded,162,6.28671407699585,7.872308254241943,1.5855941772460938
scan29,5,3,full,18487,2.6929140090942383,2.126689910888672,-0.5662240982055664
scan29,5,3,boundary,1849,5.871795177459717,5.026638507843018,-0.8451566696166992
scan29,5,3,large_disparity,3698,2.7392868995666504,2.1366515159606934,-0.602635383605957
scan29,5,3,occluded_any,315,5.084446430206299,3.390324354171753,-1.694122076034546
scan29,5,3,occluded_majority,202,4.738230228424072,3.211066484451294,-1.5271637439727783
scan29,5,3,large_disp_and_occluded,75,3.4434585571289062,2.5341129302978516,-0.9093456268310547
scan29,5,3,boundary_and_occluded,262,4.839242935180664,3.3918871879577637,-1.4473557472229004
scan29,6,3,full,20385,3.018254280090332,2.6249749660491943,-0.3932793140411377
scan29,6,3,boundary,2039,7.987085819244385,7.833279609680176,-0.15380620956420898
scan29,6,3,large_disparity,4077,4.863099575042725,5.479282379150391,0.616182804107666
scan29,6,3,occluded_any,849,10.514296531677246,13.815558433532715,3.3012619018554688
scan29,6,3,occluded_majority,247,14.496477127075195,23.634992599487305,9.13851547241211
scan29,6,3,large_disp_and_occluded,477,12.280779838562012,18.158931732177734,5.878151893615723
scan29,6,3,boundary_and_occluded,423,15.927804946899414,19.749649047851562,3.8218441009521484
scan29,7,3,full,20479,3.151228904724121,2.8008134365081787,-0.3504154682159424
scan29,7,3,boundary,2048,6.043904781341553,5.469258785247803,-0.57464599609375
scan29,7,3,large_disparity,4096,5.349664688110352,3.7719931602478027,-1.5776715278625488
scan29,7,3,occluded_any,760,11.57104206085205,10.781047821044922,-0.7899942398071289
scan29,7,3,occluded_majority,161,14.755003929138184,14.87148666381836,0.11648273468017578
scan29,7,3,large_disp_and_occluded,489,11.266766548156738,10.158636093139648,-1.1081304550170898
scan29,7,3,boundary_and_occluded,372,13.842757225036621,13.322653770446777,-0.5201034545898438
scan29,8,3,full,20479,2.501091718673706,1.5924700498580933,-0.9086216688156128
scan29,8,3,boundary,2048,5.558773994445801,4.097358703613281,-1.4614152908325195
scan29,8,3,large_disparity,4096,5.460796356201172,2.9882454872131348,-2.472550868988037
scan29,8,3,occluded_any,421,8.883414268493652,9.072232246398926,0.18881797790527344
scan29,8,3,occluded_majority,134,10.62121295928955,10.216675758361816,-0.4045372009277344
scan29,8,3,large_disp_and_occluded,283,10.71341609954834,10.675396919250488,-0.03801918029785156
scan29,8,3,boundary_and_occluded,335,10.326699256896973,10.498310089111328,0.17161083221435547
scan29,9,3,full,20193,3.011491537094116,2.1775403022766113,-0.8339512348175049
scan29,9,3,boundary,2020,7.776708602905273,6.200249671936035,-1.5764589309692383
scan29,9,3,large_disparity,4039,8.613510131835938,5.777344703674316,-2.836165428161621
scan29,9,3,occluded_any,722,13.474264144897461,12.538433074951172,-0.9358310699462891
scan29,9,3,occluded_majority,388,22.45797348022461,21.058286666870117,-1.3996868133544922
scan29,9,3,large_disp_and_occluded,630,14.386926651000977,13.349820137023926,-1.0371065139770508
scan29,9,3,boundary_and_occluded,289,23.768510818481445,22.68929672241211,-1.079214096069336
scan29,10,3,full,20411,5.682130813598633,4.6678643226623535,-1.0142664909362793
scan29,10,3,boundary,2042,14.510895729064941,9.075432777404785,-5.435462951660156
scan29,10,3,large_disparity,4083,21.731660842895508,18.289899826049805,-3.441761016845703
scan29,10,3,occluded_any,921,61.67891311645508,28.74437141418457,-32.93454170227051
scan29,10,3,occluded_majority,644,79.54222106933594,35.825706481933594,-43.716514587402344
scan29,10,3,large_disp_and_occluded,759,73.33778381347656,33.49158477783203,-39.84619903564453
scan29,10,3,boundary_and_occluded,315,79.25892639160156,46.47869110107422,-32.780235290527344
scan29,11,3,full,20279,13.60055160522461,7.998043060302734,-5.602508544921875
scan29,11,3,boundary,2028,46.52228927612305,46.439842224121094,-0.08244705200195312
scan29,11,3,large_disparity,4056,58.05082702636719,32.43571472167969,-25.6151123046875
scan29,11,3,occluded_any,389,22.740827560424805,31.438112258911133,8.697284698486328
scan29,11,3,occluded_majority,245,22.858352661132812,30.61727523803711,7.758922576904297
scan29,11,3,large_disp_and_occluded,29,67.87782287597656,127.48075866699219,59.602935791015625
scan29,11,3,boundary_and_occluded,313,23.16981315612793,32.106876373291016,8.937063217163086
scan29,12,3,full,20132,8.44966983795166,2.9560282230377197,-5.49364161491394
scan29,12,3,boundary,2014,47.58119583129883,16.470027923583984,-31.111167907714844
scan29,12,3,large_disparity,4027,34.52648162841797,10.387449264526367,-24.1390323638916
scan29,12,3,occluded_any,1260,63.78026580810547,26.64727210998535,-37.13299369812012
scan29,12,3,occluded_majority,748,90.31954193115234,38.36118698120117,-51.95835494995117
scan29,12,3,large_disp_and_occluded,1028,76.10116577148438,31.102922439575195,-44.99824333190918
scan29,12,3,boundary_and_occluded,649,92.1181869506836,41.30187225341797,-50.816314697265625
scan29,13,3,full,19690,7.789318084716797,7.189026832580566,-0.6002912521362305
scan29,13,3,boundary,1969,44.631141662597656,54.69145584106445,10.060314178466797
scan29,13,3,large_disparity,3938,32.02323532104492,31.923948287963867,-0.09928703308105469
scan29,13,3,occluded_any,1216,46.872894287109375,26.334613800048828,-20.538280487060547
scan29,13,3,occluded_majority,495,60.02327346801758,49.8059196472168,-10.217353820800781
scan29,13,3,large_disp_and_occluded,1070,51.86799621582031,28.743640899658203,-23.12435531616211
scan29,13,3,boundary_and_occluded,660,66.53189849853516,43.233253479003906,-23.29864501953125
scan29,14,3,full,19930,7.240517616271973,3.151759624481201,-4.0887579917907715
scan29,14,3,boundary,1993,21.876123428344727,11.484437942504883,-10.391685485839844
scan29,14,3,large_disparity,3986,27.778329849243164,10.757074356079102,-17.021255493164062
scan29,14,3,occluded_any,613,38.247840881347656,26.66889190673828,-11.578948974609375
scan29,14,3,occluded_majority,342,27.98189926147461,17.910343170166016,-10.071556091308594
scan29,14,3,large_disp_and_occluded,408,55.161014556884766,37.2353515625,-17.925662994384766
scan29,14,3,boundary_and_occluded,418,37.920528411865234,29.35704803466797,-8.563480377197266
scan29,15,3,full,20341,4.4218010902404785,3.1026344299316406,-1.319166660308838
scan29,15,3,boundary,2035,10.833847045898438,9.1510648727417,-1.6827821731567383
scan29,15,3,large_disparity,4069,14.836490631103516,9.07790470123291,-5.7585859298706055
scan29,15,3,occluded_any,994,36.08379364013672,20.41594123840332,-15.667852401733398
scan29,15,3,occluded_majority,235,39.65717315673828,32.5823974609375,-7.074775695800781
scan29,15,3,large_disp_and_occluded,756,44.89644241333008,23.60004425048828,-21.296398162841797
scan29,15,3,boundary_and_occluded,418,30.168018341064453,25.464387893676758,-4.703630447387695
scan29,16,3,full,20374,3.5204131603240967,2.330009698867798,-1.1904034614562988
scan29,16,3,boundary,2038,9.893202781677246,6.963374614715576,-2.92982816696167
scan29,16,3,large_disparity,4075,9.384112358093262,4.363580703735352,-5.02053165435791
scan29,16,3,occluded_any,933,24.489999771118164,11.83944034576416,-12.650559425354004
scan29,16,3,occluded_majority,224,24.20857810974121,17.393451690673828,-6.815126419067383
scan29,16,3,large_disp_and_occluded,595,33.137367248535156,13.936509132385254,-19.200858116149902
scan29,16,3,boundary_and_occluded,500,26.98211669921875,15.705987930297852,-11.276128768920898
scan29,17,3,full,20267,4.766242980957031,4.055753707885742,-0.7104892730712891
scan29,17,3,boundary,2027,18.462312698364258,22.359960556030273,3.8976478576660156
scan29,17,3,large_disparity,4054,15.348273277282715,12.79913330078125,-2.549139976501465
scan29,17,3,occluded_any,1309,18.752073287963867,18.08460235595703,-0.6674709320068359
scan29,17,3,occluded_majority,469,38.31024169921875,41.037445068359375,2.727203369140625
scan29,17,3,large_disp_and_occluded,817,24.140840530395508,23.714183807373047,-0.42665672302246094
scan29,17,3,boundary_and_occluded,684,28.876365661621094,30.830102920532227,1.9537372589111328
scan29,18,3,full,19594,9.261005401611328,4.2739949226379395,-4.987010478973389
scan29,18,3,boundary,1960,22.279172897338867,18.24267578125,-4.036497116088867
scan29,18,3,large_disparity,3919,36.89569091796875,6.914236068725586,-29.981454849243164
scan29,18,3,occluded_any,724,32.64200973510742,15.801454544067383,-16.84055519104004
scan29,18,3,occluded_majority,287,41.3200798034668,23.00527000427246,-18.314809799194336
scan29,18,3,large_disp_and_occluded,412,52.39887237548828,20.80577850341797,-31.593093872070312
scan29,18,3,boundary_and_occluded,482,42.59077835083008,20.946983337402344,-21.643795013427734
scan29,19,3,full,16415,12.68419075012207,6.3714704513549805,-6.31272029876709
scan29,19,3,boundary,1642,69.99368286132812,39.0979118347168,-30.895771026611328
scan29,19,3,large_disparity,3283,46.817230224609375,20.688007354736328,-26.129222869873047
scan29,19,3,occluded_any,349,51.499149322509766,43.37914276123047,-8.120006561279297
scan29,19,3,occluded_majority,165,69.19832611083984,58.75548553466797,-10.442840576171875
scan29,19,3,large_disp_and_occluded,182,91.7802734375,77.83113861083984,-13.949134826660156
scan29,19,3,boundary_and_occluded,258,65.47897338867188,55.60531997680664,-9.873653411865234
scan29,20,3,full,18880,9.975152969360352,4.819925785064697,-5.155227184295654
scan29,20,3,boundary,1888,30.87480354309082,24.622419357299805,-6.252384185791016
scan29,20,3,large_disparity,3776,36.4020881652832,13.581477165222168,-22.820611000061035
scan29,20,3,occluded_any,1141,37.364532470703125,26.320756912231445,-11.04377555847168
scan29,20,3,occluded_majority,538,51.19682693481445,33.78691101074219,-17.409915924072266
scan29,20,3,large_disp_and_occluded,673,52.419830322265625,34.226497650146484,-18.19333267211914
scan29,20,3,boundary_and_occluded,621,57.62959289550781,43.2797966003418,-14.349796295166016
scan29,21,3,full,20038,7.732482433319092,4.620869159698486,-3.1116132736206055
scan29,21,3,boundary,2004,39.97685623168945,19.94580841064453,-20.031047821044922
scan29,21,3,large_disparity,4008,28.14625358581543,14.057342529296875,-14.088911056518555
scan29,21,3,occluded_any,1657,37.926029205322266,18.716434478759766,-19.2095947265625
scan29,21,3,occluded_majority,828,54.203182220458984,26.22414779663086,-27.979034423828125
scan29,21,3,large_disp_and_occluded,1112,52.02144241333008,22.978670120239258,-29.04277229309082
scan29,21,3,boundary_and_occluded,783,64.17265319824219,32.9796142578125,-31.193038940429688
scan29,22,3,full,20170,5.005206108093262,3.605342149734497,-1.3998639583587646
scan29,22,3,boundary,2017,17.62030601501465,12.571255683898926,-5.049050331115723
scan29,22,3,large_disparity,4034,17.020610809326172,10.97551441192627,-6.045096397399902
scan29,22,3,occluded_any,969,44.137996673583984,35.34412384033203,-8.793872833251953
scan29,22,3,occluded_majority,362,47.37209701538086,32.966285705566406,-14.405811309814453
scan29,22,3,large_disp_and_occluded,679,59.21418380737305,47.70783233642578,-11.506351470947266
scan29,22,3,boundary_and_occluded,614,43.11129379272461,32.132633209228516,-10.978660583496094
scan29,23,3,full,19993,6.666834831237793,4.725046157836914,-1.941788673400879
scan29,23,3,boundary,2000,24.881282806396484,15.363153457641602,-9.518129348754883
scan29,23,3,large_disparity,3999,26.36701011657715,17.042335510253906,-9.324674606323242
scan29,23,3,occluded_any,1170,52.210655212402344,31.237146377563477,-20.973508834838867
scan29,23,3,occluded_majority,320,45.5082893371582,35.914520263671875,-9.593769073486328
scan29,23,3,large_disp_and_occluded,899,65.51898956298828,38.423274993896484,-27.095714569091797
scan29,23,3,boundary_and_occluded,719,49.833438873291016,31.672290802001953,-18.161148071289062
scan29,24,3,full,19385,7.219104766845703,6.144204616546631,-1.0749001502990723
scan29,24,3,boundary,1939,24.76536750793457,23.267213821411133,-1.4981536865234375
scan29,24,3,large_disparity,3877,29.292497634887695,23.68928337097168,-5.603214263916016
scan29,24,3,occluded_any,1158,49.977622985839844,41.279598236083984,-8.69802474975586
scan29,24,3,occluded_majority,378,41.57925796508789,47.98638916015625,6.407131195068359
scan29,24,3,large_disp_and_occluded,819,67.66035461425781,55.573822021484375,-12.086532592773438
scan29,24,3,boundary_and_occluded,646,55.71339797973633,53.53162384033203,-2.181774139404297
scan29,25,3,full,18190,17.985767364501953,11.891289710998535,-6.094477653503418
scan29,25,3,boundary,1819,79.98542022705078,54.00700378417969,-25.978416442871094
scan29,25,3,large_disparity,3638,78.65867614746094,52.87192153930664,-25.786754608154297
scan29,25,3,occluded_any,1575,125.9718017578125,96.34840393066406,-29.623397827148438
scan29,25,3,occluded_majority,613,163.1806182861328,131.87107849121094,-31.309539794921875
scan29,25,3,large_disp_and_occluded,1347,145.3682403564453,111.40272521972656,-33.96551513671875
scan29,25,3,boundary_and_occluded,919,125.70055389404297,93.47488403320312,-32.225669860839844
scan29,26,3,full,18283,14.935274124145508,12.27072811126709,-2.664546012878418
scan29,26,3,boundary,1829,81.66800689697266,61.49992752075195,-20.168079376220703
scan29,26,3,large_disparity,3657,65.25433349609375,56.12973403930664,-9.12459945678711
scan29,26,3,occluded_any,1287,104.48055267333984,97.91107177734375,-6.569480895996094
scan29,26,3,occluded_majority,879,139.63372802734375,134.14462280273438,-5.489105224609375
scan29,26,3,large_disp_and_occluded,1031,125.96905517578125,120.29930877685547,-5.669746398925781
scan29,26,3,boundary_and_occluded,743,121.37229919433594,102.44338989257812,-18.928909301757812
scan29,27,3,full,18154,11.934013366699219,9.543012619018555,-2.391000747680664
scan29,27,3,boundary,1816,68.0993423461914,49.393898010253906,-18.7054443359375
scan29,27,3,large_disparity,3631,49.62533187866211,39.73074722290039,-9.894584655761719
scan29,27,3,occluded_any,844,53.78691101074219,37.889217376708984,-15.897693634033203
scan29,27,3,occluded_majority,466,60.62141418457031,42.169281005859375,-18.452133178710938
scan29,27,3,large_disp_and_occluded,347,107.79216766357422,68.31271362304688,-39.479454040527344
scan29,27,3,boundary_and_occluded,611,60.50269317626953,40.58539962768555,-19.917293548583984
scan29,28,3,full,14714,14.513202667236328,6.226568698883057,-8.286633968353271
scan29,28,3,boundary,1472,87.5811996459961,40.812583923339844,-46.76861572265625
scan29,28,3,large_disparity,2943,60.563114166259766,21.659767150878906,-38.90334701538086
scan29,28,3,occluded_any,563,69.52825927734375,43.46964645385742,-26.058612823486328
scan29,28,3,occluded_majority,295,71.72173309326172,41.029945373535156,-30.691787719726562
scan29,28,3,large_disp_and_occluded,189,152.09632873535156,94.91852569580078,-57.17780303955078
scan29,28,3,boundary_and_occluded,368,87.86385345458984,53.97056579589844,-33.893287658691406
scan29,29,3,full,14983,11.068740844726562,4.732915878295898,-6.335824966430664
scan29,29,3,boundary,1499,73.1072006225586,30.046903610229492,-43.0602970123291
scan29,29,3,large_disparity,2997,45.15656661987305,15.154059410095215,-30.002507209777832
scan29,29,3,occluded_any,1100,50.92292785644531,26.020187377929688,-24.902740478515625
scan29,29,3,occluded_majority,499,64.96723175048828,37.80760192871094,-27.159629821777344
scan29,29,3,large_disp_and_occluded,478,88.71104431152344,40.65378189086914,-48.0572624206543
scan29,29,3,boundary_and_occluded,707,60.88979721069336,32.877830505371094,-28.011966705322266
scan29,30,3,full,15826,23.19074821472168,18.876895904541016,-4.313852310180664
scan29,30,3,boundary,1583,112.67382049560547,79.41030883789062,-33.263511657714844
scan29,30,3,large_disparity,3166,107.68119049072266,86.67733001708984,-21.003860473632812
scan29,30,3,occluded_any,1496,137.91358947753906,109.93192291259766,-27.981666564941406
scan29,30,3,occluded_majority,706,196.28567504882812,154.22763061523438,-42.05804443359375
scan29,30,3,large_disp_and_occluded,1027,194.1631622314453,154.02294921875,-40.14021301269531
scan29,30,3,boundary_and_occluded,791,149.0034942626953,118.56988525390625,-30.433609008789062
scan29,31,3,full,16273,36.644046783447266,28.944808959960938,-7.699237823486328
scan29,31,3,boundary,1628,134.57342529296875,103.76934051513672,-30.80408477783203
scan29,31,3,large_disparity,3255,171.9737091064453,137.24383544921875,-34.72987365722656
scan29,31,3,occluded_any,2177,197.908203125,166.8787078857422,-31.029495239257812
scan29,31,3,occluded_majority,1047,226.8948211669922,192.69664001464844,-34.19818115234375
scan29,31,3,large_disp_and_occluded,1686,250.72853088378906,212.68206787109375,-38.04646301269531
scan29,31,3,boundary_and_occluded,1000,173.974853515625,138.17196655273438,-35.802886962890625
scan29,32,3,full,17423,12.899598121643066,10.542094230651855,-2.357503890991211
scan29,32,3,boundary,1743,62.00041198730469,50.753971099853516,-11.246440887451172
scan29,32,3,large_disparity,3485,55.057228088378906,44.6715202331543,-10.38570785522461
scan29,32,3,occluded_any,1452,82.88196563720703,69.3726577758789,-13.509307861328125
scan29,32,3,occluded_majority,754,106.67529296875,96.7585678100586,-9.916725158691406
scan29,32,3,large_disp_and_occluded,815,137.35092163085938,116.59680938720703,-20.754112243652344
scan29,32,3,boundary_and_occluded,889,95.97976684570312,79.97972106933594,-16.000045776367188
scan29,33,3,full,18733,11.663399696350098,9.836359024047852,-1.827040672302246
scan29,33,3,boundary,1874,51.131221771240234,42.728546142578125,-8.40267562866211
scan29,33,3,large_disparity,3747,49.34988784790039,42.1496696472168,-7.200218200683594
scan29,33,3,occluded_any,1528,73.05508422851562,62.85960006713867,-10.195484161376953
scan29,33,3,occluded_majority,785,85.61448669433594,74.134033203125,-11.480453491210938
scan29,33,3,large_disp_and_occluded,972,107.7512435913086,94.4929428100586,-13.25830078125
scan29,33,3,boundary_and_occluded,1010,78.19005584716797,62.733333587646484,-15.456722259521484
scan29,34,3,full,19345,10.809491157531738,8.38143253326416,-2.428058624267578
scan29,34,3,boundary,1935,36.41387939453125,29.257335662841797,-7.156543731689453
scan29,34,3,large_disparity,3869,44.333946228027344,33.49730682373047,-10.836639404296875
scan29,34,3,occluded_any,1813,75.77535247802734,60.36611557006836,-15.409236907958984
scan29,34,3,occluded_majority,899,100.9089584350586,86.31405639648438,-14.594902038574219
scan29,34,3,large_disp_and_occluded,1281,102.30860900878906,80.99072265625,-21.317886352539062
scan29,34,3,boundary_and_occluded,998,59.68206787109375,49.08393859863281,-10.598129272460938
scan29,35,3,full,19218,5.919284820556641,4.177835464477539,-1.7414493560791016
scan29,35,3,boundary,1922,18.036767959594727,14.041337966918945,-3.9954299926757812
scan29,35,3,large_disparity,3844,17.302488327026367,10.629495620727539,-6.672992706298828
scan29,35,3,occluded_any,1457,27.015989303588867,20.07933235168457,-6.936656951904297
scan29,35,3,occluded_majority,606,33.107757568359375,30.137929916381836,-2.969827651977539
scan29,35,3,large_disp_and_occluded,827,38.116477966308594,26.569059371948242,-11.547418594360352
scan29,35,3,boundary_and_occluded,905,30.25934410095215,23.878936767578125,-6.380407333374023
scan29,36,3,full,18342,9.533980369567871,6.069400787353516,-3.4645795822143555
scan29,36,3,boundary,1835,33.728614807128906,22.94902992248535,-10.779584884643555
scan29,36,3,large_disparity,3669,31.367223739624023,16.640182495117188,-14.727041244506836
scan29,36,3,occluded_any,2073,33.205387115478516,22.98117446899414,-10.224212646484375
scan29,36,3,occluded_majority,568,64.30868530273438,50.87030792236328,-13.438377380371094
scan29,36,3,large_disp_and_occluded,1303,45.322547912597656,26.749879837036133,-18.572668075561523
scan29,36,3,boundary_and_occluded,896,50.29816436767578,34.99320602416992,-15.30495834350586
scan29,37,3,full,16719,17.576217651367188,11.320035934448242,-6.256181716918945
scan29,37,3,boundary,1672,81.20346069335938,52.30331039428711,-28.900150299072266
scan29,37,3,large_disparity,3344,65.46385955810547,40.09693145751953,-25.366928100585938
scan29,37,3,occluded_any,1177,87.80864715576172,52.205657958984375,-35.602989196777344
scan29,37,3,occluded_majority,534,104.21426391601562,64.26399993896484,-39.95026397705078
scan29,37,3,large_disp_and_occluded,608,148.56411743164062,86.81974792480469,-61.74436950683594
scan29,37,3,boundary_and_occluded,719,133.51077270507812,78.31163787841797,-55.199134826660156
scan29,38,3,full,10721,14.407444953918457,12.01396656036377,-2.3934783935546875
scan29,38,3,boundary,1073,73.84382629394531,69.03243255615234,-4.811393737792969
scan29,38,3,large_disparity,2145,49.48074722290039,37.69535446166992,-11.785392761230469
scan29,38,3,occluded_any,438,57.616188049316406,67.24646759033203,9.630279541015625
scan29,38,3,occluded_majority,289,66.6934585571289,75.77973175048828,9.086273193359375
scan29,38,3,large_disp_and_occluded,244,91.72000885009766,108.26472473144531,16.544715881347656
scan29,38,3,boundary_and_occluded,216,105.009765625,117.79145050048828,12.781684875488281
scan29,39,3,full,13152,14.022979736328125,9.62470817565918,-4.398271560668945
scan29,39,3,boundary,1316,64.13050079345703,49.35045623779297,-14.780044555664062
scan29,39,3,large_disparity,2631,42.261436462402344,30.83182716369629,-11.429609298706055
scan29,39,3,occluded_any,1309,61.8897705078125,47.0419807434082,-14.847789764404297
scan29,39,3,occluded_majority,429,103.44172668457031,70.36388397216797,-33.077842712402344
scan29,39,3,large_disp_and_occluded,640,97.5330581665039,76.75081634521484,-20.782241821289062
scan29,39,3,boundary_and_occluded,775,89.74730682373047,68.53091430664062,-21.216392517089844
scan29,40,3,full,14923,8.691699028015137,7.548680305480957,-1.1430187225341797
scan29,40,3,boundary,1493,34.024417877197266,41.653175354003906,7.628757476806641
scan29,40,3,large_disparity,2985,19.007781982421875,19.442325592041016,0.4345436096191406
scan29,40,3,occluded_any,1881,22.91373062133789,24.039844512939453,1.1261138916015625
scan29,40,3,occluded_majority,608,43.74814987182617,54.06465148925781,10.31650161743164
scan29,40,3,large_disp_and_occluded,1190,23.534605026245117,25.72760009765625,2.192995071411133
scan29,40,3,boundary_and_occluded,691,42.495906829833984,50.40882873535156,7.912921905517578
scan29,41,3,full,15799,5.313804626464844,3.8550026416778564,-1.4588019847869873
scan29,41,3,boundary,1580,15.551728248596191,14.003276824951172,-1.5484514236450195
scan29,41,3,large_disparity,3160,15.684011459350586,9.846772193908691,-5.8372392654418945
scan29,41,3,occluded_any,1138,22.08525276184082,20.123825073242188,-1.9614276885986328
scan29,41,3,occluded_majority,483,22.51825714111328,22.565767288208008,0.04751014709472656
scan29,41,3,large_disp_and_occluded,596,31.655988693237305,28.890579223632812,-2.765409469604492
scan29,41,3,boundary_and_occluded,675,27.42677879333496,24.86468505859375,-2.562093734741211
scan29,42,3,full,15972,10.159126281738281,7.0468926429748535,-3.1122336387634277
scan29,42,3,boundary,1598,31.043838500976562,24.260520935058594,-6.783317565917969
scan29,42,3,large_disparity,3195,41.41714096069336,27.227245330810547,-14.189895629882812
scan29,42,3,occluded_any,1692,63.21958923339844,46.148109436035156,-17.07147979736328
scan29,42,3,occluded_majority,524,56.36021423339844,45.62428283691406,-10.735931396484375
scan29,42,3,large_disp_and_occluded,1207,82.93309783935547,59.78569030761719,-23.14740753173828
scan29,42,3,boundary_and_occluded,816,51.95467758178711,39.311424255371094,-12.643253326416016
scan29,43,3,full,15288,13.233630180358887,8.255982398986816,-4.97764778137207
scan29,43,3,boundary,1529,46.77104949951172,30.130123138427734,-16.640926361083984
scan29,43,3,large_disparity,3058,55.60042190551758,32.354427337646484,-23.245994567871094
scan29,43,3,occluded_any,1277,59.847530364990234,45.973838806152344,-13.87369155883789
scan29,43,3,occluded_majority,615,78.99832916259766,50.50615310668945,-28.492176055908203
scan29,43,3,large_disp_and_occluded,744,91.5239486694336,69.35116577148438,-22.17278289794922
scan29,43,3,boundary_and_occluded,790,67.95686340332031,47.36129379272461,-20.595569610595703
scan29,44,3,full,14083,13.139174461364746,9.613990783691406,-3.52518367767334
scan29,44,3,boundary,1409,58.19109344482422,42.116695404052734,-16.074398040771484
scan29,44,3,large_disparity,2817,54.506046295166016,39.33675003051758,-15.169296264648438
scan29,44,3,occluded_any,1168,66.19865417480469,48.90369415283203,-17.294960021972656
scan29,44,3,occluded_majority,659,66.60993194580078,49.4046516418457,-17.205280303955078
scan29,44,3,large_disp_and_occluded,702,96.60296630859375,72.1664047241211,-24.436561584472656
scan29,44,3,boundary_and_occluded,671,80.46826171875,62.109840393066406,-18.358421325683594
scan29,45,3,full,12977,51.84223937988281,44.48211669921875,-7.3601226806640625
scan29,45,3,boundary,1298,181.6604461669922,152.00296020507812,-29.657485961914062
scan29,45,3,large_disparity,2596,238.11175537109375,209.3154296875,-28.79632568359375
scan29,45,3,occluded_any,1968,210.20635986328125,196.0428466796875,-14.16351318359375
scan29,45,3,occluded_majority,1614,224.51715087890625,210.50462341308594,-14.012527465820312
scan29,45,3,large_disp_and_occluded,1340,291.441162109375,276.7646789550781,-14.676483154296875
scan29,45,3,boundary_and_occluded,791,191.1166229248047,177.3131561279297,-13.803466796875
scan29,46,3,full,12659,44.26544189453125,35.66773986816406,-8.597702026367188
scan29,46,3,boundary,1266,136.99993896484375,97.89962005615234,-39.100318908691406
scan29,46,3,large_disparity,2532,207.93850708007812,167.96363830566406,-39.97486877441406
scan29,46,3,occluded_any,1323,163.3261260986328,128.26596069335938,-35.06016540527344
scan29,46,3,occluded_majority,997,178.3740692138672,139.5642547607422,-38.809814453125
scan29,46,3,large_disp_and_occluded,864,233.08164978027344,185.7467041015625,-47.33494567871094
scan29,46,3,boundary_and_occluded,685,178.4171600341797,137.92416381835938,-40.49299621582031
scan29,47,3,full,11299,9.659314155578613,5.577968597412109,-4.081345558166504
scan29,47,3,boundary,1130,70.55330657958984,35.925331115722656,-34.62797546386719
scan29,47,3,large_disparity,2260,38.92278289794922,21.538814544677734,-17.383968353271484
scan29,47,3,occluded_any,819,59.2236442565918,42.75758361816406,-16.466060638427734
scan29,47,3,occluded_majority,445,73.61329650878906,61.70874786376953,-11.904548645019531
scan29,47,3,large_disp_and_occluded,519,80.2457046508789,59.76189041137695,-20.483814239501953
scan29,47,3,boundary_and_occluded,511,71.67301177978516,49.75893783569336,-21.914073944091797
scan29,48,3,full,11488,11.745201110839844,5.973543167114258,-5.771657943725586
scan29,48,3,boundary,1149,84.12865447998047,33.607154846191406,-50.52149963378906
scan29,48,3,large_disparity,2298,47.781707763671875,19.867584228515625,-27.91412353515625
scan29,48,3,occluded_any,836,40.533103942871094,30.891630172729492,-9.641473770141602
scan29,48,3,occluded_majority,351,56.9080924987793,42.79861831665039,-14.109474182128906
scan29,48,3,large_disp_and_occluded,295,72.91867065429688,52.69622802734375,-20.222442626953125
scan29,48,3,boundary_and_occluded,242,74.81922149658203,49.1768798828125,-25.64234161376953
scan32,0,3,full,19941,2.901337146759033,2.313051223754883,-0.5882859230041504
scan32,0,3,boundary,1995,13.308908462524414,11.617059707641602,-1.6918487548828125
scan32,0,3,large_disparity,3989,7.375065326690674,5.075101375579834,-2.29996395111084
scan32,0,3,occluded_any,276,16.755983352661133,14.996174812316895,-1.7598085403442383
scan32,0,3,occluded_majority,196,19.374765396118164,18.287099838256836,-1.0876655578613281
scan32,0,3,large_disp_and_occluded,145,25.76776885986328,20.445396423339844,-5.3223724365234375
scan32,0,3,boundary_and_occluded,161,23.19805145263672,21.361309051513672,-1.8367424011230469
scan32,1,3,full,20324,2.2665491104125977,1.900011658668518,-0.3665374517440796
scan32,1,3,boundary,2033,13.577558517456055,10.501971244812012,-3.075587272644043
scan32,1,3,large_disparity,4065,5.642678737640381,4.28165340423584,-1.361025333404541
scan32,1,3,occluded_any,1291,11.107343673706055,10.157533645629883,-0.9498100280761719
scan32,1,3,occluded_majority,391,27.3613224029541,23.697505950927734,-3.663816452026367
scan32,1,3,large_disp_and_occluded,447,22.52171516418457,18.7259464263916,-3.7957687377929688
scan32,1,3,boundary_and_occluded,531,23.197452545166016,21.503232955932617,-1.6942195892333984
scan32,2,3,full,19546,3.3563077449798584,2.6337785720825195,-0.7225291728973389
scan32,2,3,boundary,1955,18.660993576049805,15.056178092956543,-3.6048154830932617
scan32,2,3,large_disparity,3910,5.1955742835998535,6.233593940734863,1.0380196571350098
scan32,2,3,occluded_any,1179,11.905797958374023,17.619403839111328,5.713605880737305
scan32,2,3,occluded_majority,328,26.75883674621582,36.258304595947266,9.499467849731445
scan32,2,3,large_disp_and_occluded,665,17.611474990844727,28.14214324951172,10.530668258666992
scan32,2,3,boundary_and_occluded,644,19.407983779907227,28.672420501708984,9.264436721801758
scan32,3,3,full,19708,3.554706573486328,3.766512632369995,0.211806058883667
scan32,3,3,boundary,1971,17.59717559814453,19.46238899230957,1.865213394165039
scan32,3,3,large_disparity,3942,4.3230977058410645,3.4862453937530518,-0.8368523120880127
scan32,3,3,occluded_any,1095,13.294639587402344,12.158623695373535,-1.1360158920288086
scan32,3,3,occluded_majority,596,14.343461990356445,13.58165168762207,-0.761810302734375
scan32,3,3,large_disp_and_occluded,405,22.16401481628418,19.994796752929688,-2.169218063354492
scan32,3,3,boundary_and_occluded,571,18.496780395507812,15.019675254821777,-3.477105140686035
scan32,4,3,full,18001,4.808180809020996,5.043320655822754,0.2351398468017578
scan32,4,3,boundary,1801,24.606040954589844,25.903688430786133,1.297647476196289
scan32,4,3,large_disparity,3601,3.63765549659729,4.077080726623535,0.4394252300262451
scan32,4,3,occluded_any,517,28.29413604736328,28.947010040283203,0.6528739929199219
scan32,4,3,occluded_majority,168,36.76679229736328,37.78253936767578,1.0157470703125
scan32,4,3,large_disp_and_occluded,76,6.6481828689575195,7.217897891998291,0.5697150230407715
scan32,4,3,boundary_and_occluded,281,31.055452346801758,32.128841400146484,1.0733890533447266
scan32,5,3,full,17643,4.986961841583252,5.113073348999023,0.12611150741577148
scan32,5,3,boundary,1765,22.93765640258789,22.50157356262207,-0.4360828399658203
scan32,5,3,large_disparity,3529,4.337383270263672,5.468043804168701,1.1306605339050293
scan32,5,3,occluded_any,1158,18.077861785888672,19.407304763793945,1.3294429779052734
scan32,5,3,occluded_majority,358,35.43449020385742,37.384788513183594,1.9502983093261719
scan32,5,3,large_disp_and_occluded,280,17.63779640197754,24.985885620117188,7.348089218139648
scan32,5,3,boundary_and_occluded,535,28.51953125,28.831092834472656,0.31156158447265625
scan32,6,3,full,19547,5.580378532409668,6.152336597442627,0.571958065032959
scan32,6,3,boundary,1955,19.52975082397461,20.454599380493164,0.9248485565185547
scan32,6,3,large_disparity,3910,12.634031295776367,16.32609748840332,3.692066192626953
scan32,6,3,occluded_any,1715,30.894500732421875,34.07514190673828,3.1806411743164062
scan32,6,3,occluded_majority,988,43.940982818603516,48.619544982910156,4.678562164306641
scan32,6,3,large_disp_and_occluded,901,43.89522933959961,49.851200103759766,5.955970764160156
scan32,6,3,boundary_and_occluded,687,34.52981185913086,37.463008880615234,2.933197021484375
scan32,7,3,full,19417,4.388076305389404,5.075455188751221,0.6873788833618164
scan32,7,3,boundary,1942,19.052757263183594,21.265825271606445,2.2130680084228516
scan32,7,3,large_disparity,3884,11.068730354309082,11.281285285949707,0.212554931640625
scan32,7,3,occluded_any,1385,22.049158096313477,21.59518051147461,-0.4539775848388672
scan32,7,3,occluded_majority,496,45.11506271362305,41.17729187011719,-3.9377708435058594
scan32,7,3,large_disp_and_occluded,643,41.89603042602539,40.38641357421875,-1.5096168518066406
scan32,7,3,boundary_and_occluded,728,27.899030685424805,28.723915100097656,0.8248844146728516
scan32,8,3,full,19309,3.388662099838257,2.712862253189087,-0.6757998466491699
scan32,8,3,boundary,1931,10.385516166687012,10.671526908874512,0.2860107421875
scan32,8,3,large_disparity,3862,9.907470703125,6.715305328369141,-3.1921653747558594
scan32,8,3,occluded_any,1238,9.096975326538086,12.150390625,3.053415298461914
scan32,8,3,occluded_majority,742,11.760038375854492,15.244016647338867,3.483978271484375
scan32,8,3,large_disp_and_occluded,607,13.735340118408203,19.274429321289062,5.539089202880859
scan32,8,3,boundary_and_occluded,692,14.121906280517578,18.305816650390625,4.183910369873047
scan32,9,3,full,19427,2.1005282402038574,1.6810632944107056,-0.41946494579315186
scan32,9,3,boundary,1943,7.497661590576172,6.471643924713135,-1.026017665863037
scan32,9,3,large_disparity,3886,3.820831537246704,2.342763900756836,-1.4780676364898682
scan32,9,3,occluded_any,1408,7.461233139038086,6.627710342407227,-0.8335227966308594
scan32,9,3,occluded_majority,489,12.49869155883789,6.872744083404541,-5.62594747543335
scan32,9,3,large_disp_and_occluded,732,10.129901885986328,7.486441612243652,-2.643460273742676
scan32,9,3,boundary_and_occluded,673,11.738247871398926,11.63747787475586,-0.1007699966430664
scan32,10,3,full,20301,2.264068841934204,1.969494104385376,-0.2945747375488281
scan32,10,3,boundary,2031,11.483274459838867,10.872770309448242,-0.610504150390625
scan32,10,3,large_disparity,4061,4.999720096588135,3.660536766052246,-1.3391833305358887
scan32,10,3,occluded_any,740,10.48537826538086,12.111111640930176,1.6257333755493164
scan32,10,3,occluded_majority,387,12.855046272277832,14.944743156433105,2.0896968841552734
scan32,10,3,large_disp_and_occluded,425,11.528116226196289,13.019378662109375,1.491262435913086
scan32,10,3,boundary_and_occluded,420,16.576034545898438,18.175535202026367,1.5995006561279297
scan32,11,3,full,19039,2.643217086791992,2.071002721786499,-0.5722143650054932
scan32,11,3,boundary,1904,8.673343658447266,9.283299446105957,0.6099557876586914
scan32,11,3,large_disparity,3808,4.607485771179199,3.044050455093384,-1.5634353160858154
scan32,11,3,occluded_any,662,5.843247413635254,6.215176582336426,0.3719291687011719
scan32,11,3,occluded_majority,332,6.390951633453369,7.81291389465332,1.4219622611999512
scan32,11,3,large_disp_and_occluded,375,6.206008434295654,6.122955799102783,-0.0830526351928711
scan32,11,3,boundary_and_occluded,426,7.331009864807129,7.77457332611084,0.44356346130371094
scan32,12,3,full,19407,1.8653868436813354,1.4062728881835938,-0.4591139554977417
scan32,12,3,boundary,1941,6.934263706207275,6.647440433502197,-0.2868232727050781
scan32,12,3,large_disparity,3882,2.929018259048462,2.4477663040161133,-0.48125195503234863
scan32,12,3,occluded_any,1494,8.446497917175293,8.22644329071045,-0.22005462646484375
scan32,12,3,occluded_majority,728,14.503021240234375,14.023810386657715,-0.47921085357666016
scan32,12,3,large_disp_and_occluded,902,9.289318084716797,7.831247329711914,-1.4580707550048828
scan32,12,3,boundary_and_occluded,717,13.67293643951416,13.448944091796875,-0.22399234771728516
scan32,13,3,full,18778,1.8226121664047241,1.5914912223815918,-0.23112094402313232
scan32,13,3,boundary,1878,7.101828098297119,6.645917892456055,-0.45591020584106445
scan32,13,3,large_disparity,3756,2.7685277462005615,2.410165309906006,-0.35836243629455566
scan32,13,3,occluded_any,1455,7.0433430671691895,6.287517547607422,-0.7558255195617676
scan32,13,3,occluded_majority,471,10.394452095031738,8.437721252441406,-1.956730842590332
scan32,13,3,large_disp_and_occluded,1024,6.914730072021484,6.064995288848877,-0.8497347831726074
scan32,13,3,boundary_and_occluded,762,10.968875885009766,10.572488784790039,-0.39638710021972656
scan32,14,3,full,18205,2.889981746673584,2.6855483055114746,-0.20443344116210938
scan32,14,3,boundary,1821,12.656464576721191,11.398279190063477,-1.2581853866577148
scan32,14,3,large_disparity,3641,7.138402938842773,6.984402179718018,-0.15400075912475586
scan32,14,3,occluded_any,1447,12.532572746276855,12.473183631896973,-0.05938911437988281
scan32,14,3,occluded_majority,979,15.221932411193848,16.042522430419922,0.8205900192260742
scan32,14,3,large_disp_and_occluded,973,14.302389144897461,15.375299453735352,1.0729103088378906
scan32,14,3,boundary_and_occluded,742,19.633651733398438,18.19846534729004,-1.4351863861083984
scan32,15,3,full,19104,7.543302536010742,3.4067203998565674,-4.136582136154175
scan32,15,3,boundary,1911,23.097806930541992,14.748786926269531,-8.349020004272461
scan32,15,3,large_disparity,3821,31.03033447265625,11.320807456970215,-19.709527015686035
scan32,15,3,occluded_any,2080,19.685056686401367,14.200658798217773,-5.484397888183594
scan32,15,3,occluded_majority,1229,27.993144989013672,21.084735870361328,-6.908409118652344
scan32,15,3,large_disp_and_occluded,1433,25.88311195373535,18.04891586303711,-7.834196090698242
scan32,15,3,boundary_and_occluded,888,29.980369567871094,20.87662124633789,-9.103748321533203
scan32,16,3,full,18944,8.033670425415039,4.7384138107299805,-3.2952566146850586
scan32,16,3,boundary,1895,25.812652587890625,19.05617904663086,-6.756473541259766
scan32,16,3,large_disparity,3789,29.79681968688965,10.584266662597656,-19.212553024291992
scan32,16,3,occluded_any,2268,27.02550506591797,11.73996353149414,-15.285541534423828
scan32,16,3,occluded_majority,1180,37.612483978271484,13.242757797241211,-24.369726181030273
scan32,16,3,large_disp_and_occluded,1363,41.53463363647461,15.9020357131958,-25.63259792327881
scan32,16,3,boundary_and_occluded,1018,29.00057029724121,18.61600112915039,-10.38456916809082
scan32,17,3,full,18463,7.502905368804932,4.389945983886719,-3.112959384918213
scan32,17,3,boundary,1847,29.79194450378418,17.995588302612305,-11.796356201171875
scan32,17,3,large_disparity,3693,23.136953353881836,8.317764282226562,-14.819189071655273
scan32,17,3,occluded_any,2244,29.730178833007812,12.105566024780273,-17.62461280822754
scan32,17,3,occluded_majority,1036,40.536842346191406,16.362552642822266,-24.17428970336914
scan32,17,3,large_disp_and_occluded,1149,50.34889221191406,16.607664108276367,-33.741228103637695
scan32,17,3,boundary_and_occluded,990,35.31063461303711,18.438718795776367,-16.871915817260742
scan32,18,3,full,17890,10.940314292907715,7.049869060516357,-3.8904452323913574
scan32,18,3,boundary,1789,41.89201736450195,32.52033615112305,-9.371681213378906
scan32,18,3,large_disparity,3578,34.827728271484375,6.929057598114014,-27.89867067337036
scan32,18,3,occluded_any,2138,45.5626335144043,19.869495391845703,-25.693138122558594
scan32,18,3,occluded_majority,1191,71.61028289794922,28.133071899414062,-43.477210998535156
scan32,18,3,large_disp_and_occluded,1425,61.926612854003906,14.00764274597168,-47.91897010803223
scan32,18,3,boundary_and_occluded,1066,52.48274230957031,33.75153350830078,-18.73120880126953
scan32,19,3,full,13378,10.341727256774902,7.609987735748291,-2.7317395210266113
scan32,19,3,boundary,1338,33.32762145996094,27.49471664428711,-5.832904815673828
scan32,19,3,large_disparity,2676,22.08026695251465,7.095865249633789,-14.98440170288086
scan32,19,3,occluded_any,779,24.066556930541992,17.307476043701172,-6.75908088684082
scan32,19,3,occluded_majority,312,39.7580451965332,28.550508499145508,-11.207536697387695
scan32,19,3,large_disp_and_occluded,375,31.548551559448242,18.462799072265625,-13.085752487182617
scan32,19,3,boundary_and_occluded,455,35.39437484741211,24.675331115722656,-10.719043731689453
scan32,20,3,full,15189,8.188982963562012,4.970912456512451,-3.2180705070495605
scan32,20,3,boundary,1519,37.176841735839844,24.442047119140625,-12.734794616699219
scan32,20,3,large_disparity,3038,22.200702667236328,5.8999457359313965,-16.30075693130493
scan32,20,3,occluded_any,1745,34.02616500854492,15.667298316955566,-18.358866691589355
scan32,20,3,occluded_majority,866,56.76266860961914,25.02157974243164,-31.7410888671875
scan32,20,3,large_disp_and_occluded,641,68.91887664794922,21.548526763916016,-47.3703498840332
scan32,20,3,boundary_and_occluded,893,47.51335144042969,25.762893676757812,-21.750457763671875
scan32,21,3,full,15929,7.320459842681885,5.63293981552124,-1.6875200271606445
scan32,21,3,boundary,1593,36.45779800415039,25.73047637939453,-10.72732162475586
scan32,21,3,large_disparity,3186,21.67304039001465,11.894628524780273,-9.778411865234375
scan32,21,3,occluded_any,2170,34.26223373413086,20.4185733795166,-13.843660354614258
scan32,21,3,occluded_majority,1160,51.431976318359375,30.97671127319336,-20.455265045166016
scan32,21,3,large_disp_and_occluded,1270,49.977142333984375,26.19130516052246,-23.785837173461914
scan32,21,3,boundary_and_occluded,1060,44.80092239379883,28.48293113708496,-16.317991256713867
scan32,22,3,full,16614,7.372418403625488,5.221977710723877,-2.1504406929016113
scan32,22,3,boundary,1662,31.881778717041016,21.770824432373047,-10.110954284667969
scan32,22,3,large_disparity,3323,28.958572387695312,14.842269897460938,-14.116302490234375
scan32,22,3,occluded_any,2217,44.26047897338867,23.420385360717773,-20.8400936126709
scan32,22,3,occluded_majority,1300,59.05837631225586,31.113689422607422,-27.944686889648438
scan32,22,3,large_disp_and_occluded,1541,59.90031814575195,29.944250106811523,-29.95606803894043
scan32,22,3,boundary_and_occluded,1040,43.15226745605469,28.544282913208008,-14.60798454284668
scan32,23,3,full,17139,8.045287132263184,4.289672374725342,-3.755614757537842
scan32,23,3,boundary,1714,28.800613403320312,19.990676879882812,-8.8099365234375
scan32,23,3,large_disparity,3428,33.36219024658203,15.262194633483887,-18.099995613098145
scan32,23,3,occluded_any,2163,37.53744125366211,18.416494369506836,-19.120946884155273
scan32,23,3,occluded_majority,1215,46.95704650878906,24.18354606628418,-22.773500442504883
scan32,23,3,large_disp_and_occluded,1591,47.47249984741211,21.677175521850586,-25.795324325561523
scan32,23,3,boundary_and_occluded,964,39.53230667114258,25.550518035888672,-13.981788635253906
scan32,24,3,full,16886,5.146569728851318,3.3451993465423584,-1.80137038230896
scan32,24,3,boundary,1689,21.122900009155273,14.993417739868164,-6.129482269287109
scan32,24,3,large_disparity,3378,18.69801902770996,8.64084243774414,-10.05717658996582
scan32,24,3,occluded_any,1739,21.49272918701172,12.329830169677734,-9.162899017333984
scan32,24,3,occluded_majority,1074,28.22464370727539,15.916861534118652,-12.307782173156738
scan32,24,3,large_disp_and_occluded,1279,25.24468994140625,13.794758796691895,-11.449931144714355
scan32,24,3,boundary_and_occluded,823,31.830411911010742,20.238731384277344,-11.591680526733398
scan32,25,3,full,16991,2.4023406505584717,2.0716333389282227,-0.330707311630249
scan32,25,3,boundary,1700,11.974949836730957,10.527591705322266,-1.4473581314086914
scan32,25,3,large_disparity,3399,5.3182549476623535,5.084500789642334,-0.23375415802001953
scan32,25,3,occluded_any,1649,11.327278137207031,10.52155876159668,-0.8057193756103516
scan32,25,3,occluded_majority,1018,14.191686630249023,13.25092887878418,-0.9407577514648438
scan32,25,3,large_disp_and_occluded,1059,13.39482593536377,12.669783592224121,-0.7250423431396484
scan32,25,3,boundary_and_occluded,863,18.49056625366211,16.81488609313965,-1.675680160522461
scan32,26,3,full,17578,1.9308388233184814,1.9352213144302368,0.004382491111755371
scan32,26,3,boundary,1758,9.3963623046875,9.089051246643066,-0.3073110580444336
scan32,26,3,large_disparity,3516,3.9937968254089355,4.675987720489502,0.6821908950805664
scan32,26,3,occluded_any,1498,8.645624160766602,9.995165824890137,1.3495416641235352
scan32,26,3,occluded_majority,625,14.59063720703125,17.254764556884766,2.6641273498535156
scan32,26,3,large_disp_and_occluded,1157,8.722355842590332,11.267468452453613,2.5451126098632812
scan32,26,3,boundary_and_occluded,825,13.335911750793457,14.831382751464844,1.4954710006713867
scan32,27,3,full,17848,2.108556032180786,2.238260507583618,0.12970447540283203
scan32,27,3,boundary,1785,8.697640419006348,10.011568069458008,1.3139276504516602
scan32,27,3,large_disparity,3570,4.104660987854004,5.184581756591797,1.079920768737793
scan32,27,3,occluded_any,1478,8.266357421875,9.683788299560547,1.4174308776855469
scan32,27,3,occluded_majority,608,14.757399559020996,14.872468948364258,0.11506938934326172
scan32,27,3,large_disp_and_occluded,678,8.78330135345459,11.614790916442871,2.8314895629882812
scan32,27,3,boundary_and_occluded,729,14.362465858459473,15.78512954711914,1.422663688659668
scan32,28,3,full,14936,3.5746073722839355,2.8081865310668945,-0.766420841217041
scan32,28,3,boundary,1494,15.165910720825195,12.196945190429688,-2.968965530395508
scan32,28,3,large_disparity,2988,10.103292465209961,8.642095565795898,-1.4611968994140625
scan32,28,3,occluded_any,942,13.120904922485352,10.387809753417969,-2.733095169067383
scan32,28,3,occluded_majority,623,14.337127685546875,11.262885093688965,-3.07424259185791
scan32,28,3,large_disp_and_occluded,493,15.961044311523438,11.050577163696289,-4.910467147827148
scan32,28,3,boundary_and_occluded,676,13.454177856445312,11.041070938110352,-2.413106918334961
scan32,29,3,full,15274,2.8438491821289062,2.3386592864990234,-0.5051898956298828
scan32,29,3,boundary,1528,15.218473434448242,13.340659141540527,-1.8778142929077148
scan32,29,3,large_disparity,3055,8.465715408325195,6.523947715759277,-1.941767692565918
scan32,29,3,occluded_any,1509,15.345155715942383,12.946845054626465,-2.398310661315918
scan32,29,3,occluded_majority,767,23.962297439575195,20.195188522338867,-3.767108917236328
scan32,29,3,large_disp_and_occluded,821,19.920576095581055,17.331642150878906,-2.5889339447021484
scan32,29,3,boundary_and_occluded,904,20.474130630493164,18.38857650756836,-2.0855541229248047
scan32,30,3,full,15145,2.9012508392333984,2.603426218032837,-0.2978246212005615
scan32,30,3,boundary,1515,18.015655517578125,15.359188079833984,-2.6564674377441406
scan32,30,3,large_disparity,3029,8.469635963439941,7.966963768005371,-0.5026721954345703
scan32,30,3,occluded_any,1543,16.521526336669922,14.645119667053223,-1.8764066696166992
scan32,30,3,occluded_majority,804,23.129667282104492,21.247983932495117,-1.881683349609375
scan32,30,3,large_disp_and_occluded,1018,18.490163803100586,18.411436080932617,-0.07872772216796875
scan32,30,3,boundary_and_occluded,912,23.927980422973633,20.86745262145996,-3.060527801513672
scan32,31,3,full,14864,3.3845980167388916,2.5983006954193115,-0.7862973213195801
scan32,31,3,boundary,1487,20.691265106201172,14.799559593200684,-5.891705513000488
scan32,31,3,large_disparity,2973,9.88061237335205,7.740612030029297,-2.140000343322754
scan32,31,3,occluded_any,1632,18.613967895507812,13.171000480651855,-5.442967414855957
scan32,31,3,occluded_majority,918,25.624238967895508,19.083154678344727,-6.541084289550781
scan32,31,3,large_disp_and_occluded,1108,20.27956771850586,15.78480339050293,-4.49476432800293
scan32,31,3,boundary_and_occluded,917,27.90675926208496,20.077186584472656,-7.829572677612305
scan32,32,3,full,14507,5.1330718994140625,3.6841657161712646,-1.4489061832427979
scan32,32,3,boundary,1451,29.8714599609375,18.635046005249023,-11.236413955688477
scan32,32,3,large_disparity,2902,16.69786262512207,8.12821102142334,-8.56965160369873
scan32,32,3,occluded_any,1690,28.623491287231445,16.35110855102539,-12.272382736206055
scan32,32,3,occluded_majority,994,38.306583404541016,21.088031768798828,-17.218551635742188
scan32,32,3,large_disp_and_occluded,1062,36.03146743774414,17.898826599121094,-18.132640838623047
scan32,32,3,boundary_and_occluded,936,39.904747009277344,22.744121551513672,-17.160625457763672
scan32,33,3,full,14494,6.543676376342773,4.369715690612793,-2.1739606857299805
scan32,33,3,boundary,1450,37.134117126464844,25.7608699798584,-11.373247146606445
scan32,33,3,large_disparity,2899,21.311965942382812,13.560924530029297,-7.751041412353516
scan32,33,3,occluded_any,1886,35.96977615356445,22.460826873779297,-13.508949279785156
scan32,33,3,occluded_majority,1169,48.99332046508789,30.29306983947754,-18.70025062561035
scan32,33,3,large_disp_and_occluded,1195,47.50755310058594,29.837270736694336,-17.6702823638916
scan32,33,3,boundary_and_occluded,955,49.76015090942383,33.014015197753906,-16.746135711669922
scan32,34,3,full,14319,8.055107116699219,8.54434585571289,0.4892387390136719
scan32,34,3,boundary,1432,48.249881744384766,54.790916442871094,6.541034698486328
scan32,34,3,large_disparity,2864,27.76678466796875,33.811031341552734,6.044246673583984
scan32,34,3,occluded_any,1888,45.269344329833984,52.897098541259766,7.627754211425781
scan32,34,3,occluded_majority,1139,61.68974304199219,73.4113540649414,11.721611022949219
scan32,34,3,large_disp_and_occluded,1115,66.52776336669922,82.31990051269531,15.792137145996094
scan32,34,3,boundary_and_occluded,979,63.92601013183594,74.7327651977539,10.806755065917969
scan32,35,3,full,13468,6.676959991455078,4.652852535247803,-2.0241074562072754
scan32,35,3,boundary,1347,46.02690505981445,33.27534484863281,-12.75156021118164
scan32,35,3,large_disparity,2694,25.267864227294922,17.125288009643555,-8.142576217651367
scan32,35,3,occluded_any,1661,42.11977767944336,29.128646850585938,-12.991130828857422
scan32,35,3,occluded_majority,761,74.58637237548828,54.220062255859375,-20.366310119628906
scan32,35,3,large_disp_and_occluded,1075,56.13348388671875,39.027862548828125,-17.105621337890625
scan32,35,3,boundary_and_occluded,872,65.1344223022461,47.60147476196289,-17.532947540283203
scan32,36,3,full,12357,4.794181823730469,4.528080463409424,-0.2661013603210449
scan32,36,3,boundary,1236,26.710582733154297,21.27349090576172,-5.437091827392578
scan32,36,3,large_disparity,2472,15.74614143371582,7.671277046203613,-8.074864387512207
scan32,36,3,occluded_any,1457,26.572416305541992,14.84089469909668,-11.731521606445312
scan32,36,3,occluded_majority,517,47.16183853149414,24.94167137145996,-22.22016716003418
scan32,36,3,large_disp_and_occluded,735,38.09224319458008,18.21474838256836,-19.87749481201172
scan32,36,3,boundary_and_occluded,785,35.65904998779297,21.467267990112305,-14.191781997680664
scan32,37,3,full,11809,7.954708576202393,5.713916778564453,-2.2407917976379395
scan32,37,3,boundary,1181,33.78208923339844,22.49123191833496,-11.290857315063477
scan32,37,3,large_disparity,2362,23.66008949279785,7.647359371185303,-16.01273012161255
scan32,37,3,occluded_any,1551,23.79381561279297,16.06311798095703,-7.7306976318359375
scan32,37,3,occluded_majority,697,33.08168411254883,24.54226303100586,-8.539421081542969
scan32,37,3,large_disp_and_occluded,550,42.03577423095703,18.39435386657715,-23.641420364379883
scan32,37,3,boundary_and_occluded,776,33.00812530517578,23.916305541992188,-9.091819763183594
scan32,38,3,full,8445,14.128989219665527,11.00867748260498,-3.120311737060547
scan32,38,3,boundary,845,54.41441345214844,25.806730270385742,-28.607683181762695
scan32,38,3,large_disparity,1689,45.6944580078125,31.120361328125,-14.5740966796875
scan32,38,3,occluded_any,232,31.683504104614258,19.05624008178711,-12.627264022827148
scan32,38,3,occluded_majority,112,51.677650451660156,30.573713302612305,-21.10393714904785
scan32,38,3,large_disp_and_occluded,74,61.81978988647461,28.708749771118164,-33.111040115356445
scan32,38,3,boundary_and_occluded,130,46.74470520019531,24.567991256713867,-22.176713943481445
scan32,39,3,full,9242,6.284117698669434,5.0891852378845215,-1.194932460784912
scan32,39,3,boundary,925,39.02073669433594,18.955263137817383,-20.065473556518555
scan32,39,3,large_disparity,1849,14.42444896697998,6.291059970855713,-8.133388996124268
scan32,39,3,occluded_any,1094,21.598356246948242,13.46713924407959,-8.131217002868652
scan32,39,3,occluded_majority,301,43.8920783996582,27.041797637939453,-16.85028076171875
scan32,39,3,large_disp_and_occluded,404,30.17609214782715,12.048004150390625,-18.128087997436523
scan32,39,3,boundary_and_occluded,491,39.672733306884766,21.45594596862793,-18.216787338256836
scan32,40,3,full,9659,4.165901184082031,3.6958632469177246,-0.47003793716430664
scan32,40,3,boundary,966,26.721105575561523,20.197336196899414,-6.523769378662109
scan32,40,3,large_disparity,1932,12.745660781860352,8.847481727600098,-3.898179054260254
scan32,40,3,occluded_any,722,24.77427101135254,19.042314529418945,-5.731956481933594
scan32,40,3,occluded_majority,302,31.619964599609375,23.767698287963867,-7.852266311645508
scan32,40,3,large_disp_and_occluded,501,24.768272399902344,16.86516761779785,-7.903104782104492
scan32,40,3,boundary_and_occluded,468,32.101409912109375,23.570528030395508,-8.530881881713867
scan32,41,3,full,10794,5.776309490203857,5.760333061218262,-0.015976428985595703
scan32,41,3,boundary,1080,38.87636184692383,35.2225227355957,-3.653839111328125
scan32,41,3,large_disparity,2159,20.919147491455078,17.149572372436523,-3.7695751190185547
scan32,41,3,occluded_any,780,36.70136260986328,31.70986557006836,-4.991497039794922
scan32,41,3,occluded_majority,279,49.61068344116211,43.22049331665039,-6.390190124511719
scan32,41,3,large_disp_and_occluded,663,39.148094177246094,31.581607818603516,-7.566486358642578
scan32,41,3,boundary_and_occluded,517,50.91447067260742,44.42633056640625,-6.488140106201172
scan32,42,3,full,11458,6.691263198852539,4.836514949798584,-1.854748249053955
scan32,42,3,boundary,1146,44.78562545776367,34.45256042480469,-10.333065032958984
scan32,42,3,large_disparity,2292,26.509357452392578,18.686071395874023,-7.823286056518555
scan32,42,3,occluded_any,1235,37.04945755004883,29.736753463745117,-7.312704086303711
scan32,42,3,occluded_majority,451,68.1339111328125,57.571876525878906,-10.562034606933594
scan32,42,3,large_disp_and_occluded,924,43.389251708984375,36.040992736816406,-7.348258972167969
scan32,42,3,boundary_and_occluded,691,59.72932052612305,47.40430450439453,-12.325016021728516
scan32,43,3,full,11678,5.07782506942749,4.546418190002441,-0.5314068794250488
scan32,43,3,boundary,1168,32.96257019042969,27.997665405273438,-4.96490478515625
scan32,43,3,large_disparity,2336,16.3295841217041,15.808998107910156,-0.5205860137939453
scan32,43,3,occluded_any,1310,30.918243408203125,27.75133514404297,-3.1669082641601562
scan32,43,3,occluded_majority,740,38.631858825683594,37.15077590942383,-1.4810829162597656
scan32,43,3,large_disp_and_occluded,980,33.21778869628906,32.555110931396484,-0.6626777648925781
scan32,43,3,boundary_and_occluded,670,49.846500396728516,42.225982666015625,-7.620517730712891
scan32,44,3,full,11774,5.011871814727783,7.465718746185303,2.4538469314575195
scan32,44,3,boundary,1178,31.066158294677734,35.5815544128418,4.5153961181640625
scan32,44,3,large_disparity,2355,16.091283798217773,16.8475284576416,0.7562446594238281
scan32,44,3,occluded_any,1196,28.06923484802246,27.642980575561523,-0.4262542724609375
scan32,44,3,occluded_majority,684,33.068206787109375,33.11367416381836,0.045467376708984375
scan32,44,3,large_disp_and_occluded,865,30.969146728515625,30.13154411315918,-0.8376026153564453
scan32,44,3,boundary_and_occluded,684,42.26033020019531,40.99639892578125,-1.2639312744140625
scan32,45,3,full,12111,3.865807294845581,3.5040879249572754,-0.36171936988830566
scan32,45,3,boundary,1212,25.343303680419922,22.511812210083008,-2.831491470336914
scan32,45,3,large_disparity,2423,12.611534118652344,12.145952224731445,-0.46558189392089844
scan32,45,3,occluded_any,1244,23.46218490600586,20.37265396118164,-3.0895309448242188
scan32,45,3,occluded_majority,700,29.563011169433594,25.376562118530273,-4.18644905090332
scan32,45,3,large_disp_and_occluded,932,26.371814727783203,23.565086364746094,-2.8067283630371094
scan32,45,3,boundary_and_occluded,742,34.02157974243164,29.863094329833984,-4.158485412597656
scan32,46,3,full,12362,3.32826566696167,3.127063512802124,-0.2012021541595459
scan32,46,3,boundary,1237,21.950313568115234,21.01920509338379,-0.9311084747314453
scan32,46,3,large_disparity,2473,11.878037452697754,11.693387031555176,-0.18465042114257812
scan32,46,3,occluded_any,1277,19.945579528808594,18.45823860168457,-1.4873409271240234
scan32,46,3,occluded_majority,737,24.1593074798584,22.97506332397461,-1.184244155883789
scan32,46,3,large_disp_and_occluded,1042,22.645200729370117,21.043081283569336,-1.6021194458007812
scan32,46,3,boundary_and_occluded,737,29.934452056884766,28.617727279663086,-1.3167247772216797
scan32,47,3,full,12292,2.8245785236358643,2.5735182762145996,-0.25106024742126465
scan32,47,3,boundary,1230,17.120525360107422,15.440735816955566,-1.6797895431518555
scan32,47,3,large_disparity,2459,9.31055736541748,8.965404510498047,-0.3451528549194336
scan32,47,3,occluded_any,1234,16.31580924987793,14.13972282409668,-2.17608642578125
scan32,47,3,occluded_majority,707,21.517385482788086,19.364444732666016,-2.1529407501220703
scan32,47,3,large_disp_and_occluded,888,18.688079833984375,17.710641860961914,-0.9774379730224609
scan32,47,3,boundary_and_occluded,742,23.130159378051758,20.148895263671875,-2.981264114379883
scan32,48,3,full,11995,2.6975669860839844,2.3431384563446045,-0.3544285297393799
scan32,48,3,boundary,1200,13.829697608947754,11.42496395111084,-2.404733657836914
scan32,48,3,large_disparity,2399,7.891385555267334,6.55511999130249,-1.3362655639648438
scan32,48,3,occluded_any,886,13.985384941101074,11.397239685058594,-2.5881452560424805
scan32,48,3,occluded_majority,504,16.092697143554688,13.707637786865234,-2.385059356689453
scan32,48,3,large_disp_and_occluded,534,16.796281814575195,14.24704360961914,-2.5492382049560547
scan32,48,3,boundary_and_occluded,597,18.245384216308594,14.879290580749512,-3.366093635559082
scan33,0,3,full,19425,37.031368255615234,30.33594512939453,-6.695423126220703
scan33,0,3,boundary,1943,67.73284912109375,67.12296295166016,-0.6098861694335938
scan33,0,3,large_disparity,3885,117.4580078125,84.443359375,-33.0146484375
scan33,0,3,occluded_any,3991,164.6352996826172,136.49203491210938,-28.143264770507812
scan33,0,3,occluded_majority,3037,209.49114990234375,172.25936889648438,-37.231781005859375
scan33,0,3,large_disp_and_occluded,1674,262.8423156738281,193.1505126953125,-69.69180297851562
scan33,0,3,boundary_and_occluded,952,112.66777038574219,114.4012451171875,1.7334747314453125
scan33,1,3,full,19740,30.396560668945312,29.496633529663086,-0.8999271392822266
scan33,1,3,boundary,1974,79.62423706054688,75.43685150146484,-4.187385559082031
scan33,1,3,large_disparity,3948,136.41815185546875,133.4040985107422,-3.0140533447265625
scan33,1,3,occluded_any,5140,111.3214340209961,108.63892364501953,-2.6825103759765625
scan33,1,3,occluded_majority,2780,200.0500946044922,194.74131774902344,-5.30877685546875
scan33,1,3,large_disp_and_occluded,2471,215.9375457763672,210.95034790039062,-4.9871978759765625
scan33,1,3,boundary_and_occluded,1211,124.78328704833984,118.51506805419922,-6.268218994140625
scan33,2,3,full,19955,18.943376541137695,16.150259017944336,-2.7931175231933594
scan33,2,3,boundary,1996,60.95005798339844,56.524959564208984,-4.425098419189453
scan33,2,3,large_disparity,3991,61.63615798950195,52.74561309814453,-8.890544891357422
scan33,2,3,occluded_any,4038,72.74444580078125,61.60636520385742,-11.138080596923828
scan33,2,3,occluded_majority,2601,106.6904296875,86.20281219482422,-20.48761749267578
scan33,2,3,large_disp_and_occluded,2252,105.59552764892578,89.15150451660156,-16.44402313232422
scan33,2,3,boundary_and_occluded,1088,90.47381591796875,81.83148193359375,-8.642333984375
scan33,3,3,full,19873,26.14800453186035,27.259349822998047,1.1113452911376953
scan33,3,3,boundary,1988,65.76345825195312,66.69903564453125,0.935577392578125
scan33,3,3,large_disparity,3975,102.94771575927734,108.21731567382812,5.269599914550781
scan33,3,3,occluded_any,5371,90.51719665527344,95.03024291992188,4.5130462646484375
scan33,3,3,occluded_majority,2703,167.8994903564453,176.88681030273438,8.987319946289062
scan33,3,3,large_disp_and_occluded,2412,165.2044219970703,175.08026123046875,9.875839233398438
scan33,3,3,boundary_and_occluded,1252,97.99414825439453,100.23664855957031,2.2425003051757812
scan33,4,3,full,16543,21.680492401123047,25.651165008544922,3.970672607421875
scan33,4,3,boundary,1655,56.26148986816406,63.03925704956055,6.777767181396484
scan33,4,3,large_disparity,3309,21.690500259399414,37.757083892822266,16.06658363342285
scan33,4,3,occluded_any,2460,113.90692138671875,146.8926544189453,32.98573303222656
scan33,4,3,occluded_majority,1839,135.97767639160156,178.7578125,42.78013610839844
scan33,4,3,large_disp_and_occluded,519,124.58197784423828,229.79185485839844,105.20987701416016
scan33,4,3,boundary_and_occluded,771,95.93397521972656,111.14571380615234,15.211738586425781
scan33,5,3,full,17161,25.178741455078125,24.47737693786621,-0.7013645172119141
scan33,5,3,boundary,1717,68.23290252685547,67.56053161621094,-0.6723709106445312
scan33,5,3,large_disparity,3433,86.72209167480469,84.8370590209961,-1.8850326538085938
scan33,5,3,occluded_any,3190,121.66993713378906,119.0231704711914,-2.6467666625976562
scan33,5,3,occluded_majority,1762,209.22491455078125,205.3785858154297,-3.8463287353515625
scan33,5,3,large_disp_and_occluded,963,293.498779296875,290.8863525390625,-2.6124267578125
scan33,5,3,boundary_and_occluded,914,109.51321411132812,106.53176879882812,-2.9814453125
scan33,6,3,full,19855,21.531665802001953,21.542984008789062,0.011318206787109375
scan33,6,3,boundary,1986,63.57732391357422,64.2440414428711,0.666717529296875
scan33,6,3,large_disparity,3971,92.61040496826172,91.80874633789062,-0.8016586303710938
scan33,6,3,occluded_any,4714,83.70437622070312,83.85409545898438,0.14971923828125
scan33,6,3,occluded_majority,2571,147.60955810546875,147.5172576904297,-0.0923004150390625
scan33,6,3,large_disp_and_occluded,2365,153.2477569580078,153.15731811523438,-0.0904388427734375
scan33,6,3,boundary_and_occluded,1205,97.0339584350586,98.48579406738281,1.4518356323242188
scan33,7,3,full,19969,21.943086624145508,17.602359771728516,-4.340726852416992
scan33,7,3,boundary,1997,71.25816345214844,67.04832458496094,-4.2098388671875
scan33,7,3,large_disparity,3994,80.25576782226562,72.80562591552734,-7.450141906738281
scan33,7,3,occluded_any,4302,87.45703887939453,70.87684631347656,-16.58019256591797
scan33,7,3,occluded_majority,2290,121.98065948486328,112.05931854248047,-9.921340942382812
scan33,7,3,large_disp_and_occluded,2056,147.41627502441406,132.46185302734375,-14.954421997070312
scan33,7,3,boundary_and_occluded,1211,103.14913177490234,97.47554016113281,-5.673591613769531
scan33,8,3,full,19849,21.642988204956055,20.70416259765625,-0.9388256072998047
scan33,8,3,boundary,1985,71.41608428955078,68.27397155761719,-3.1421127319335938
scan33,8,3,large_disparity,3970,95.42924499511719,94.17472076416016,-1.2545242309570312
scan33,8,3,occluded_any,4065,88.3901138305664,89.10646057128906,0.7163467407226562
scan33,8,3,occluded_majority,2382,128.95401000976562,128.90016174316406,-0.0538482666015625
scan33,8,3,large_disp_and_occluded,1969,168.28466796875,173.33056640625,5.0458984375
scan33,8,3,boundary_and_occluded,1229,105.63500213623047,101.4747543334961,-4.160247802734375
scan33,9,3,full,19092,16.72079849243164,17.478609085083008,0.7578105926513672
scan33,9,3,boundary,1910,62.381343841552734,61.894710540771484,-0.48663330078125
scan33,9,3,large_disparity,3819,74.6127700805664,78.4734878540039,3.8607177734375
scan33,9,3,occluded_any,3605,76.07715606689453,76.25724029541016,0.180084228515625
scan33,9,3,occluded_majority,1626,149.10873413085938,149.18238830566406,0.0736541748046875
scan33,9,3,large_disp_and_occluded,1822,142.789306640625,142.48667907714844,-0.3026275634765625
scan33,9,3,boundary_and_occluded,1147,97.13459014892578,97.24248504638672,0.1078948974609375
scan33,10,3,full,19330,19.621109008789062,18.9464054107666,-0.6747035980224609
scan33,10,3,boundary,1933,82.0283432006836,81.65814971923828,-0.3701934814453125
scan33,10,3,large_disparity,3866,83.70114135742188,81.867431640625,-1.833709716796875
scan33,10,3,occluded_any,2747,109.08818817138672,104.71715545654297,-4.37103271484375
scan33,10,3,occluded_majority,1396,172.84246826171875,161.41722106933594,-11.425247192382812
scan33,10,3,large_disp_and_occluded,905,299.3878173828125,287.4824523925781,-11.905364990234375
scan33,10,3,boundary_and_occluded,1197,119.64579772949219,122.68204498291016,3.0362472534179688
scan33,11,3,full,19011,19.200851440429688,17.819976806640625,-1.3808746337890625
scan33,11,3,boundary,1902,49.470123291015625,49.602195739746094,0.13207244873046875
scan33,11,3,large_disparity,3803,63.96916198730469,54.13116455078125,-9.837997436523438
scan33,11,3,occluded_any,2436,82.88964080810547,86.25851440429688,3.3688735961914062
scan33,11,3,occluded_majority,1542,124.80852508544922,130.34432983398438,5.535804748535156
scan33,11,3,large_disp_and_occluded,389,286.41815185546875,275.7272644042969,-10.690887451171875
scan33,11,3,boundary_and_occluded,827,71.64041900634766,67.32752990722656,-4.312889099121094
scan33,12,3,full,19074,13.850354194641113,19.958045959472656,6.107691764831543
scan33,12,3,boundary,1908,50.37788009643555,60.33488082885742,9.957000732421875
scan33,12,3,large_disparity,3815,56.08229064941406,88.01911926269531,31.93682861328125
scan33,12,3,occluded_any,4366,51.60047149658203,76.12751770019531,24.52704620361328
scan33,12,3,occluded_majority,2184,94.64141082763672,141.2774658203125,46.63605499267578
scan33,12,3,large_disp_and_occluded,2084,93.833984375,146.2266387939453,52.39265441894531
scan33,12,3,boundary_and_occluded,1160,75.91841888427734,89.8166732788086,13.89825439453125
scan33,13,3,full,18518,19.23525047302246,11.277198791503906,-7.958051681518555
scan33,13,3,boundary,1852,53.82366943359375,54.54833221435547,0.7246627807617188
scan33,13,3,large_disparity,3704,85.45227813720703,47.77919006347656,-37.67308807373047
scan33,13,3,occluded_any,3310,69.43170928955078,54.3144645690918,-15.117244720458984
scan33,13,3,occluded_majority,1414,107.5655288696289,110.34796142578125,2.7824325561523438
scan33,13,3,large_disp_and_occluded,1771,120.72771453857422,94.80943298339844,-25.91828155517578
scan33,13,3,boundary_and_occluded,1054,88.67633056640625,89.43401336669922,0.7576828002929688
scan33,14,3,full,17959,9.820401191711426,7.006306171417236,-2.8140950202941895
scan33,14,3,boundary,1796,44.73230743408203,39.49968338012695,-5.232624053955078
scan33,14,3,large_disparity,3592,39.58208465576172,26.48227310180664,-13.099811553955078
scan33,14,3,occluded_any,3067,47.615779876708984,33.109718322753906,-14.506061553955078
scan33,14,3,occluded_majority,1917,57.51799774169922,39.458133697509766,-18.059864044189453
scan33,14,3,large_disp_and_occluded,1544,83.14344787597656,55.03763961791992,-28.10580825805664
scan33,14,3,boundary_and_occluded,1064,69.80671691894531,60.50091552734375,-9.305801391601562
scan33,15,3,full,18622,7.5584306716918945,11.792683601379395,4.2342529296875
scan33,15,3,boundary,1863,40.159420013427734,45.14719772338867,4.9877777099609375
scan33,15,3,large_disparity,3725,27.929840087890625,49.97958755493164,22.049747467041016
scan33,15,3,occluded_any,3895,28.563596725463867,48.55393981933594,19.99034309387207
scan33,15,3,occluded_majority,2200,41.131961822509766,67.56094360351562,26.42898178100586
scan33,15,3,large_disp_and_occluded,2248,42.263641357421875,77.65422821044922,35.390586853027344
scan33,15,3,boundary_and_occluded,1143,54.39412307739258,62.627140045166016,8.233016967773438
scan33,16,3,full,19114,14.207693099975586,13.561317443847656,-0.6463756561279297
scan33,16,3,boundary,1912,57.27212905883789,59.42707061767578,2.1549415588378906
scan33,16,3,large_disparity,3823,57.20095443725586,56.04478073120117,-1.1561737060546875
scan33,16,3,occluded_any,4094,52.21755599975586,51.14246368408203,-1.0750923156738281
scan33,16,3,occluded_majority,2072,80.52941131591797,79.52257537841797,-1.0068359375
scan33,16,3,large_disp_and_occluded,2305,84.0267562866211,82.29757690429688,-1.7291793823242188
scan33,16,3,boundary_and_occluded,1153,76.96150207519531,80.90959930419922,3.9480972290039062
scan33,17,3,full,19185,14.806879997253418,12.787118911743164,-2.019761085510254
scan33,17,3,boundary,1919,55.522212982177734,53.37514877319336,-2.147064208984375
scan33,17,3,large_disparity,3837,58.14430236816406,47.434181213378906,-10.710121154785156
scan33,17,3,occluded_any,4236,56.91695022583008,49.71649169921875,-7.200458526611328
scan33,17,3,occluded_majority,2481,81.96331787109375,71.78755950927734,-10.175758361816406
scan33,17,3,large_disp_and_occluded,2060,100.86570739746094,85.39962005615234,-15.466087341308594
scan33,17,3,boundary_and_occluded,1176,81.43209075927734,77.44939422607422,-3.982696533203125
scan33,18,3,full,18686,17.90650177001953,12.613511085510254,-5.292990684509277
scan33,18,3,boundary,1869,69.10441589355469,65.53760528564453,-3.5668106079101562
scan33,18,3,large_disparity,3738,68.81534576416016,42.4672966003418,-26.34804916381836
scan33,18,3,occluded_any,3266,69.78164672851562,61.925296783447266,-7.856349945068359
scan33,18,3,occluded_majority,1535,122.94279479980469,115.09878540039062,-7.8440093994140625
scan33,18,3,large_disp_and_occluded,1346,129.93988037109375,111.33116912841797,-18.60871124267578
scan33,18,3,boundary_and_occluded,1107,105.95116424560547,102.66337585449219,-3.2877883911132812
scan33,19,3,full,14996,14.937341690063477,9.310811996459961,-5.626529693603516
scan33,19,3,boundary,1500,37.7450065612793,35.03706359863281,-2.7079429626464844
scan33,19,3,large_disparity,3000,55.432437896728516,27.773801803588867,-27.65863609313965
scan33,19,3,occluded_any,1472,54.1142692565918,50.7934684753418,-3.32080078125
scan33,19,3,occluded_majority,801,84.6341323852539,80.41389465332031,-4.220237731933594
scan33,19,3,large_disp_and_occluded,448,107.35292053222656,102.18343353271484,-5.169486999511719
scan33,19,3,boundary_and_occluded,612,56.0797004699707,50.9267578125,-5.152942657470703
scan33,20,3,full,17503,13.662561416625977,9.176623344421387,-4.48593807220459
scan33,20,3,boundary,1751,34.0731315612793,33.17354965209961,-0.8995819091796875
scan33,20,3,large_disparity,3501,40.74123764038086,20.36983871459961,-20.37139892578125
scan33,20,3,occluded_any,2799,41.739662170410156,35.28799057006836,-6.451671600341797
scan33,20,3,occluded_majority,1351,49.74113082885742,49.11658477783203,-0.6245460510253906
scan33,20,3,large_disp_and_occluded,985,60.229591369628906,42.78119659423828,-17.448394775390625
scan33,20,3,boundary_and_occluded,985,45.05221939086914,45.59843444824219,0.5462150573730469
scan33,21,3,full,17736,11.989693641662598,9.80108642578125,-2.1886072158813477
scan33,21,3,boundary,1774,49.128108978271484,47.70814895629883,-1.4199600219726562
scan33,21,3,large_disparity,3548,39.89606857299805,27.771589279174805,-12.124479293823242
scan33,21,3,occluded_any,3061,46.99124526977539,39.544673919677734,-7.446571350097656
scan33,21,3,occluded_majority,1765,58.62044143676758,52.52942657470703,-6.091014862060547
scan33,21,3,large_disp_and_occluded,1540,68.10334014892578,55.23979187011719,-12.863548278808594
scan33,21,3,boundary_and_occluded,1056,69.87725067138672,67.6448745727539,-2.2323760986328125
scan33,22,3,full,17589,12.559417724609375,11.887677192687988,-0.6717405319213867
scan33,22,3,boundary,1759,47.660888671875,51.08644104003906,3.4255523681640625
scan33,22,3,large_disparity,3518,48.96129608154297,46.42192459106445,-2.5393714904785156
scan33,22,3,occluded_any,2768,49.65082931518555,60.17181396484375,10.520984649658203
scan33,22,3,occluded_majority,1392,74.60617065429688,101.22467803955078,26.618507385253906
scan33,22,3,large_disp_and_occluded,1556,73.62496185302734,94.37783813476562,20.75287628173828
scan33,22,3,boundary_and_occluded,1082,65.72997283935547,72.46381378173828,6.7338409423828125
scan33,23,3,full,17221,7.282682418823242,9.990337371826172,2.7076549530029297
scan33,23,3,boundary,1723,34.74465560913086,40.53074264526367,5.7860870361328125
scan33,23,3,large_disparity,3445,23.862607955932617,40.59969711303711,16.737089157104492
scan33,23,3,occluded_any,3065,28.831989288330078,41.97894287109375,13.146953582763672
scan33,23,3,occluded_majority,1525,43.12574768066406,63.01502227783203,19.88927459716797
scan33,23,3,large_disp_and_occluded,1742,38.6513671875,65.37140655517578,26.72003936767578
scan33,23,3,boundary_and_occluded,1116,44.341922760009766,55.393699645996094,11.051776885986328
scan33,24,3,full,16689,7.231060981750488,7.933969497680664,0.7029085159301758
scan33,24,3,boundary,1669,29.68641471862793,36.02326965332031,6.336854934692383
scan33,24,3,large_disparity,3338,26.50245475769043,31.319835662841797,4.817380905151367
scan33,24,3,occluded_any,2662,31.892847061157227,39.42193603515625,7.529088973999023
scan33,24,3,occluded_majority,1523,45.54458236694336,60.46235275268555,14.917770385742188
scan33,24,3,large_disp_and_occluded,1366,49.181396484375,65.99784088134766,16.816444396972656
scan33,24,3,boundary_and_occluded,1027,41.567501068115234,52.7038459777832,11.136344909667969
scan33,25,3,full,16668,9.508979797363281,6.878796577453613,-2.630183219909668
scan33,25,3,boundary,1667,41.432106018066406,39.13923645019531,-2.2928695678710938
scan33,25,3,large_disparity,3334,39.11197280883789,27.26045799255371,-11.85151481628418
scan33,25,3,occluded_any,2532,44.31140899658203,34.79036331176758,-9.521045684814453
scan33,25,3,occluded_majority,1438,68.06880187988281,56.311180114746094,-11.757621765136719
scan33,25,3,large_disp_and_occluded,1187,82.35244750976562,64.85839080810547,-17.494056701660156
scan33,25,3,boundary_and_occluded,992,64.87842559814453,61.711387634277344,-3.1670379638671875
scan33,26,3,full,17134,14.194803237915039,8.657291412353516,-5.537511825561523
scan33,26,3,boundary,1714,44.26747512817383,37.18514633178711,-7.082328796386719
scan33,26,3,large_disparity,3427,60.81344985961914,35.60774612426758,-25.205703735351562
scan33,26,3,occluded_any,3151,48.66056442260742,40.063011169433594,-8.597553253173828
scan33,26,3,occluded_majority,1031,80.39363861083984,95.40648651123047,15.012847900390625
scan33,26,3,large_disp_and_occluded,1681,82.55951690673828,68.46952056884766,-14.089996337890625
scan33,26,3,boundary_and_occluded,1026,67.92588806152344,57.06150817871094,-10.8643798828125
scan33,27,3,full,17245,10.781262397766113,15.840462684631348,5.059200286865234
scan33,27,3,boundary,1725,48.32065200805664,52.77938461303711,4.458732604980469
scan33,27,3,large_disparity,3449,32.75541687011719,49.903812408447266,17.148395538330078
scan33,27,3,occluded_any,3200,40.695011138916016,68.94269561767578,28.247684478759766
scan33,27,3,occluded_majority,1261,67.17826843261719,139.50570678710938,72.32743835449219
scan33,27,3,large_disp_and_occluded,1194,64.98566436767578,114.13787841796875,49.15221405029297
scan33,27,3,boundary_and_occluded,1061,70.067138671875,78.532470703125,8.46533203125
scan33,28,3,full,14823,12.78539752960205,7.381842136383057,-5.403555393218994
scan33,28,3,boundary,1483,75.34552764892578,48.08006286621094,-27.265464782714844
scan33,28,3,large_disparity,2965,51.36185073852539,25.900848388671875,-25.461002349853516
scan33,28,3,occluded_any,1278,86.60729217529297,59.942176818847656,-26.665115356445312
scan33,28,3,occluded_majority,755,137.1545867919922,95.24160766601562,-41.91297912597656
scan33,28,3,large_disp_and_occluded,272,336.1616516113281,230.15687561035156,-106.00477600097656
scan33,28,3,boundary_and_occluded,635,110.88672637939453,87.81111145019531,-23.07561492919922
scan33,29,3,full,14924,8.635287284851074,4.845049858093262,-3.7902374267578125
scan33,29,3,boundary,1493,58.60675811767578,34.32975387573242,-24.27700424194336
scan33,29,3,large_disparity,2985,32.00211715698242,14.873509407043457,-17.128607749938965
scan33,29,3,occluded_any,2433,38.675655364990234,22.459970474243164,-16.21568489074707
scan33,29,3,occluded_majority,917,78.96759033203125,51.93757629394531,-27.030014038085938
scan33,29,3,large_disp_and_occluded,1030,72.56773376464844,38.386653900146484,-34.18107986450195
scan33,29,3,boundary_and_occluded,932,77.00886535644531,50.11554718017578,-26.89331817626953
scan33,30,3,full,15000,6.1853814125061035,3.3208916187286377,-2.864489793777466
scan33,30,3,boundary,1500,44.81804275512695,22.360942840576172,-22.45709991455078
scan33,30,3,large_disparity,3000,22.39634132385254,9.525200843811035,-12.871140480041504
scan33,30,3,occluded_any,2224,27.724443435668945,15.40261459350586,-12.321828842163086
scan33,30,3,occluded_majority,693,47.3714714050293,32.26709747314453,-15.104373931884766
scan33,30,3,large_disp_and_occluded,990,48.43255615234375,24.226539611816406,-24.206016540527344
scan33,30,3,boundary_and_occluded,946,55.10652542114258,31.013124465942383,-24.093400955200195
scan33,31,3,full,14873,4.498566150665283,2.5638232231140137,-1.9347429275512695
scan33,31,3,boundary,1488,32.96907424926758,16.463037490844727,-16.50603675842285
scan33,31,3,large_disparity,2975,14.640634536743164,6.257024765014648,-8.383609771728516
scan33,31,3,occluded_any,1967,21.764787673950195,10.94343376159668,-10.821353912353516
scan33,31,3,occluded_majority,611,32.96958923339844,19.317485809326172,-13.652103424072266
scan33,31,3,large_disp_and_occluded,889,33.14142990112305,12.996524810791016,-20.14490509033203
scan33,31,3,boundary_and_occluded,902,40.586090087890625,19.51173210144043,-21.074357986450195
scan33,32,3,full,14811,4.1436262130737305,2.823357582092285,-1.3202686309814453
scan33,32,3,boundary,1482,29.425928115844727,17.87825584411621,-11.547672271728516
scan33,32,3,large_disparity,2963,11.676726341247559,6.148665428161621,-5.5280609130859375
scan33,32,3,occluded_any,1985,22.608186721801758,14.202754974365234,-8.405431747436523
scan33,32,3,occluded_majority,747,34.91500473022461,24.44855499267578,-10.466449737548828
scan33,32,3,large_disp_and_occluded,956,28.601980209350586,13.9031400680542,-14.698840141296387
scan33,32,3,boundary_and_occluded,951,39.54983901977539,23.40932846069336,-16.14051055908203
scan33,33,3,full,15011,4.5640363693237305,3.9128665924072266,-0.6511697769165039
scan33,33,3,boundary,1502,28.27665138244629,24.331926345825195,-3.9447250366210938
scan33,33,3,large_disparity,3003,11.110566139221191,9.237395286560059,-1.8731708526611328
scan33,33,3,occluded_any,2377,20.960269927978516,17.59752082824707,-3.3627490997314453
scan33,33,3,occluded_majority,1086,28.876676559448242,27.41328239440918,-1.4633941650390625
scan33,33,3,large_disp_and_occluded,1270,21.69886589050293,17.86776351928711,-3.8311023712158203
scan33,33,3,boundary_and_occluded,1049,34.072776794433594,29.16702651977539,-4.905750274658203
scan33,34,3,full,15212,6.936233043670654,3.8487515449523926,-3.0874814987182617
scan33,34,3,boundary,1522,40.07459259033203,20.96866798400879,-19.105924606323242
scan33,34,3,large_disparity,3043,21.04195213317871,6.293423652648926,-14.748528480529785
scan33,34,3,occluded_any,2483,27.449966430664062,14.366194725036621,-13.083771705627441
scan33,34,3,occluded_majority,1059,34.69693374633789,18.173192977905273,-16.523740768432617
scan33,34,3,large_disp_and_occluded,1339,33.864601135253906,11.627403259277344,-22.237197875976562
scan33,34,3,boundary_and_occluded,1016,45.87258529663086,23.469472885131836,-22.403112411499023
scan33,35,3,full,15282,8.959774017333984,5.639686107635498,-3.3200879096984863
scan33,35,3,boundary,1529,49.1874885559082,34.447181701660156,-14.740306854248047
scan33,35,3,large_disparity,3057,27.273683547973633,13.371822357177734,-13.901861190795898
scan33,35,3,occluded_any,2637,33.55949401855469,24.02257537841797,-9.536918640136719
scan33,35,3,occluded_majority,1256,45.23571014404297,38.40026092529297,-6.83544921875
scan33,35,3,large_disp_and_occluded,1322,42.343650817871094,27.899852752685547,-14.443798065185547
scan33,35,3,boundary_and_occluded,1083,55.99049758911133,43.39051055908203,-12.599987030029297
scan33,36,3,full,15457,10.609683990478516,6.638796329498291,-3.9708876609802246
scan33,36,3,boundary,1546,46.066017150878906,31.5587158203125,-14.507301330566406
scan33,36,3,large_disparity,3092,28.161813735961914,10.387115478515625,-17.77469825744629
scan33,36,3,occluded_any,2796,34.511104583740234,25.30193519592285,-9.209169387817383
scan33,36,3,occluded_majority,1225,46.61435317993164,38.68624496459961,-7.928108215332031
scan33,36,3,large_disp_and_occluded,1312,34.80948257446289,19.112958908081055,-15.696523666381836
scan33,36,3,boundary_and_occluded,999,51.887393951416016,40.25699234008789,-11.630401611328125
scan33,37,3,full,14781,14.883273124694824,8.828531265258789,-6.054741859436035
scan33,37,3,boundary,1479,63.20926284790039,41.73129653930664,-21.47796630859375
scan33,37,3,large_disparity,2957,50.03665542602539,23.494592666625977,-26.542062759399414
scan33,37,3,occluded_any,2619,58.09111404418945,38.558555603027344,-19.53255844116211
scan33,37,3,occluded_majority,1145,86.15142059326172,71.62879180908203,-14.522628784179688
scan33,37,3,large_disp_and_occluded,1196,85.6763916015625,48.80299377441406,-36.87339782714844
scan33,37,3,boundary_and_occluded,985,69.6710433959961,52.17070770263672,-17.500335693359375
scan33,38,3,full,11478,13.031132698059082,9.769896507263184,-3.2612361907958984
scan33,38,3,boundary,1148,65.8714370727539,45.52225875854492,-20.349178314208984
scan33,38,3,large_disparity,2296,57.13362121582031,40.76466369628906,-16.36895751953125
scan33,38,3,occluded_any,1155,76.27227020263672,67.45476531982422,-8.8175048828125
scan33,38,3,occluded_majority,952,89.56582641601562,79.02806091308594,-10.537765502929688
scan33,38,3,large_disp_and_occluded,727,115.55326080322266,101.50210571289062,-14.051155090332031
scan33,38,3,boundary_and_occluded,509,73.47639465332031,65.08878326416016,-8.387611389160156
scan33,39,3,full,12359,9.904805183410645,5.795528411865234,-4.10927677154541
scan33,39,3,boundary,1236,63.56565856933594,30.08967399597168,-33.47598457336426
scan33,39,3,large_disparity,2472,40.66695785522461,20.997264862060547,-19.669692993164062
scan33,39,3,occluded_any,1987,44.21417999267578,26.78301239013672,-17.431167602539062
scan33,39,3,occluded_majority,831,67.57743072509766,47.400386810302734,-20.177043914794922
scan33,39,3,large_disp_and_occluded,1163,65.92198181152344,37.85715103149414,-28.064830780029297
scan33,39,3,boundary_and_occluded,817,72.81896209716797,39.02762985229492,-33.79133224487305
scan33,40,3,full,12808,7.9251298904418945,5.0381927490234375,-2.886937141418457
scan33,40,3,boundary,1281,45.185462951660156,22.67345428466797,-22.512008666992188
scan33,40,3,large_disparity,2562,31.259654998779297,19.04899024963379,-12.210664749145508
scan33,40,3,occluded_any,2112,34.119930267333984,22.3190860748291,-11.800844192504883
scan33,40,3,occluded_majority,1113,45.88125991821289,32.455230712890625,-13.426029205322266
scan33,40,3,large_disp_and_occluded,1470,43.52415084838867,29.062053680419922,-14.46209716796875
scan33,40,3,boundary_and_occluded,912,49.47001266479492,27.548986434936523,-21.9210262298584
scan33,41,3,full,12761,6.481659412384033,3.9884634017944336,-2.4931960105895996
scan33,41,3,boundary,1277,43.11271667480469,21.14417839050293,-21.968538284301758
scan33,41,3,large_disparity,2553,27.462844848632812,15.3728666305542,-12.089978218078613
scan33,41,3,occluded_any,2003,31.585250854492188,17.819032669067383,-13.766218185424805
scan33,41,3,occluded_majority,1165,40.20162582397461,19.956607818603516,-20.245018005371094
scan33,41,3,large_disp_and_occluded,1397,42.36237335205078,23.179330825805664,-19.183042526245117
scan33,41,3,boundary_and_occluded,969,50.219154357910156,25.175506591796875,-25.04364776611328
scan33,42,3,full,12757,5.380565166473389,3.098431348800659,-2.2821338176727295
scan33,42,3,boundary,1276,39.31925964355469,18.357379913330078,-20.96187973022461
scan33,42,3,large_disparity,2552,22.10599136352539,11.18116569519043,-10.924825668334961
scan33,42,3,occluded_any,1875,28.526838302612305,13.782539367675781,-14.744298934936523
scan33,42,3,occluded_majority,1141,40.267974853515625,17.562339782714844,-22.70563507080078
scan33,42,3,large_disp_and_occluded,1314,37.68564224243164,17.292224884033203,-20.393417358398438
scan33,42,3,boundary_and_occluded,980,47.233211517333984,20.858226776123047,-26.374984741210938
scan33,43,3,full,12744,3.5074048042297363,2.6850521564483643,-0.8223526477813721
scan33,43,3,boundary,1275,22.36957550048828,16.11466407775879,-6.254911422729492
scan33,43,3,large_disparity,2549,10.338696479797363,7.96242094039917,-2.3762755393981934
scan33,43,3,occluded_any,1476,20.790006637573242,15.238245964050293,-5.551760673522949
scan33,43,3,occluded_majority,651,32.71448516845703,24.73188591003418,-7.982599258422852
scan33,43,3,large_disp_and_occluded,690,30.116641998291016,23.502304077148438,-6.614337921142578
scan33,43,3,boundary_and_occluded,720,33.01819610595703,24.156938552856445,-8.861257553100586
scan33,44,3,full,12900,3.6716504096984863,2.6424593925476074,-1.029191017150879
scan33,44,3,boundary,1290,23.82862091064453,15.472189903259277,-8.356431007385254
scan33,44,3,large_disparity,2580,11.953413963317871,8.124273300170898,-3.8291406631469727
scan33,44,3,occluded_any,1495,22.279165267944336,15.3983736038208,-6.880791664123535
scan33,44,3,occluded_majority,632,37.4803466796875,25.066041946411133,-12.414304733276367
scan33,44,3,large_disp_and_occluded,707,35.81707763671875,25.17711067199707,-10.63996696472168
scan33,44,3,boundary_and_occluded,738,34.7011833190918,23.683889389038086,-11.017293930053711
scan33,45,3,full,12978,3.888620376586914,2.0090742111206055,-1.8795461654663086
scan33,45,3,boundary,1298,25.394784927368164,10.373696327209473,-15.021088600158691
scan33,45,3,large_disparity,2596,12.164227485656738,4.790408611297607,-7.373818874359131
scan33,45,3,occluded_any,1513,20.886720657348633,9.768695831298828,-11.118024826049805
scan33,45,3,occluded_majority,619,38.88525390625,17.183473587036133,-21.701780319213867
scan33,45,3,large_disp_and_occluded,722,32.37800216674805,13.841424942016602,-18.536577224731445
scan33,45,3,boundary_and_occluded,671,36.440059661865234,16.38037109375,-20.059688568115234
scan33,46,3,full,13071,4.725919246673584,2.538750171661377,-2.187169075012207
scan33,46,3,boundary,1308,33.1059455871582,14.17951774597168,-18.926427841186523
scan33,46,3,large_disparity,2615,14.570051193237305,5.544735431671143,-9.025315761566162
scan33,46,3,occluded_any,1711,22.254146575927734,12.437006950378418,-9.817139625549316
scan33,46,3,occluded_majority,674,38.726749420166016,23.36033821105957,-15.366411209106445
scan33,46,3,large_disp_and_occluded,632,40.325382232666016,19.53544044494629,-20.789941787719727
scan33,46,3,boundary_and_occluded,735,41.56698226928711,21.917068481445312,-19.649913787841797
scan33,47,3,full,12861,5.334834575653076,2.8243629932403564,-2.5104715824127197
scan33,47,3,boundary,1287,37.262916564941406,16.50658416748047,-20.756332397460938
scan33,47,3,large_disparity,2573,16.763151168823242,6.710110187530518,-10.053040981292725
scan33,47,3,occluded_any,1738,24.965042114257812,13.822433471679688,-11.142608642578125
scan33,47,3,occluded_majority,685,42.00963592529297,27.754322052001953,-14.255313873291016
scan33,47,3,large_disp_and_occluded,618,46.608394622802734,23.57975196838379,-23.028642654418945
scan33,47,3,boundary_and_occluded,708,49.0055046081543,25.89180564880371,-23.113698959350586
scan33,48,3,full,12654,5.957483768463135,3.4839067459106445,-2.4735770225524902
scan33,48,3,boundary,1266,42.83563995361328,22.313920974731445,-20.521718978881836
scan33,48,3,large_disparity,2531,20.254003524780273,9.826959609985352,-10.427043914794922
scan33,48,3,occluded_any,1375,27.32573890686035,20.160654067993164,-7.1650848388671875
scan33,48,3,occluded_majority,511,29.317245483398438,18.046064376831055,-11.271181106567383
scan33,48,3,large_disp_and_occluded,383,66.85249328613281,52.92496871948242,-13.92752456665039
scan33,48,3,boundary_and_occluded,412,69.8478775024414,52.74528884887695,-17.102588653564453
scan34,0,3,full,19965,2.140342950820923,1.1912821531295776,-0.9490607976913452
scan34,0,3,boundary,1997,4.872678279876709,3.3170063495635986,-1.5556719303131104
scan34,0,3,large_disparity,3993,5.5683746337890625,1.5872151851654053,-3.9811594486236572
scan34,0,3,occluded_any,269,17.223323822021484,13.68453598022461,-3.538787841796875
scan34,0,3,occluded_majority,157,24.34425926208496,19.14419174194336,-5.200067520141602
scan34,0,3,large_disp_and_occluded,4,6.326904296875,2.456695556640625,-3.870208740234375
scan34,0,3,boundary_and_occluded,155,17.404159545898438,16.1993465423584,-1.204813003540039
scan34,1,3,full,20291,1.3870253562927246,0.8449379801750183,-0.5420873761177063
scan34,1,3,boundary,2030,3.0043485164642334,1.9731228351593018,-1.0312256813049316
scan34,1,3,large_disparity,4059,3.0046873092651367,1.0620836019515991,-1.9426037073135376
scan34,1,3,occluded_any,439,12.54063892364502,7.596872329711914,-4.9437665939331055
scan34,1,3,occluded_majority,259,15.294177055358887,7.873218536376953,-7.420958518981934
scan34,1,3,large_disp_and_occluded,142,24.634845733642578,11.172107696533203,-13.462738037109375
scan34,1,3,boundary_and_occluded,253,14.02717399597168,8.836251258850098,-5.190922737121582
scan34,2,3,full,20144,1.427186131477356,1.3097699880599976,-0.1174161434173584
scan34,2,3,boundary,2015,3.3259053230285645,2.5085136890411377,-0.8173916339874268
scan34,2,3,large_disparity,4029,2.291478157043457,1.981499433517456,-0.309978723526001
scan34,2,3,occluded_any,602,8.771656036376953,6.91646671295166,-1.855189323425293
scan34,2,3,occluded_majority,406,10.445969581604004,7.887061595916748,-2.558907985687256
scan34,2,3,large_disp_and_occluded,342,10.681644439697266,7.925978183746338,-2.7556662559509277
scan34,2,3,boundary_and_occluded,298,14.101847648620605,10.155076026916504,-3.9467716217041016
scan34,3,3,full,19862,1.0769706964492798,1.1042306423187256,0.0272599458694458
scan34,3,3,boundary,1987,4.105361461639404,4.112607955932617,0.007246494293212891
scan34,3,3,large_disparity,3973,2.137587308883667,2.664292097091675,0.5267047882080078
scan34,3,3,occluded_any,698,7.409693717956543,7.2707839012146,-0.13890981674194336
scan34,3,3,occluded_majority,377,10.447275161743164,10.864059448242188,0.41678428649902344
scan34,3,3,large_disp_and_occluded,368,10.989856719970703,10.956664085388184,-0.03319263458251953
scan34,3,3,boundary_and_occluded,345,11.967018127441406,10.563385009765625,-1.4036331176757812
scan34,4,3,full,18215,1.1169945001602173,1.9097423553466797,0.7927478551864624
scan34,4,3,boundary,1822,4.1776957511901855,3.2977375984191895,-0.8799581527709961
scan34,4,3,large_disparity,3643,1.5156465768814087,0.9493953585624695,-0.5662512183189392
scan34,4,3,occluded_any,222,5.2068939208984375,3.2486586570739746,-1.958235263824463
scan34,4,3,occluded_majority,124,6.370283126831055,3.467039108276367,-2.9032440185546875
scan34,4,3,large_disp_and_occluded,61,7.792089462280273,1.942360758781433,-5.84972870349884
scan34,4,3,boundary_and_occluded,153,6.609146595001221,4.085699081420898,-2.5234475135803223
scan34,5,3,full,18408,1.6763755083084106,0.9923930168151855,-0.6839824914932251
scan34,5,3,boundary,1841,5.545729160308838,4.148409843444824,-1.3973193168640137
scan34,5,3,large_disparity,3682,4.267796516418457,1.8830225467681885,-2.3847739696502686
scan34,5,3,occluded_any,367,14.434886932373047,6.832237243652344,-7.602649688720703
scan34,5,3,occluded_majority,165,14.545197486877441,5.640948295593262,-8.90424919128418
scan34,5,3,large_disp_and_occluded,211,21.20638084411621,8.759125709533691,-12.44725513458252
scan34,5,3,boundary_and_occluded,275,16.234878540039062,8.354108810424805,-7.880769729614258
scan34,6,3,full,20148,1.8347984552383423,1.2631125450134277,-0.5716859102249146
scan34,6,3,boundary,2015,4.856555461883545,4.093531131744385,-0.7630243301391602
scan34,6,3,large_disparity,4030,5.583842754364014,2.7990646362304688,-2.784778118133545
scan34,6,3,occluded_any,882,10.054682731628418,7.9196858406066895,-2.1349968910217285
scan34,6,3,occluded_majority,515,13.798885345458984,11.00168514251709,-2.7972002029418945
scan34,6,3,large_disp_and_occluded,562,13.55589771270752,10.257885932922363,-3.2980117797851562
scan34,6,3,boundary_and_occluded,421,15.311100959777832,12.779306411743164,-2.531794548034668
scan34,7,3,full,19690,1.8482859134674072,1.9662086963653564,0.11792278289794922
scan34,7,3,boundary,1969,6.25051212310791,6.605221271514893,0.3547091484069824
scan34,7,3,large_disparity,3938,6.444049835205078,6.262166976928711,-0.1818828582763672
scan34,7,3,occluded_any,706,12.791374206542969,14.083621978759766,1.2922477722167969
scan34,7,3,occluded_majority,365,16.431468963623047,18.912086486816406,2.4806175231933594
scan34,7,3,large_disp_and_occluded,438,18.584266662597656,20.270687103271484,1.6864204406738281
scan34,7,3,boundary_and_occluded,392,19.93321418762207,21.92770004272461,1.994485855102539
scan34,8,3,full,19753,1.010707974433899,0.9258445501327515,-0.08486342430114746
scan34,8,3,boundary,1976,3.039487600326538,2.2552337646484375,-0.7842538356781006
scan34,8,3,large_disparity,3951,1.8674463033676147,1.7411246299743652,-0.1263216733932495
scan34,8,3,occluded_any,400,9.11559772491455,7.455384731292725,-1.6602129936218262
scan34,8,3,occluded_majority,211,9.713985443115234,7.2546539306640625,-2.459331512451172
scan34,8,3,large_disp_and_occluded,180,11.823843955993652,8.991911888122559,-2.8319320678710938
scan34,8,3,boundary_and_occluded,325,10.25174331665039,7.626795291900635,-2.624948024749756
scan34,9,3,full,20053,1.0524439811706543,0.8326006531715393,-0.219843327999115
scan34,9,3,boundary,2006,3.3047618865966797,2.732750654220581,-0.5720112323760986
scan34,9,3,large_disparity,4011,2.2217652797698975,1.593806505203247,-0.6279587745666504
scan34,9,3,occluded_any,506,14.605913162231445,9.252975463867188,-5.352937698364258
scan34,9,3,occluded_majority,303,16.867393493652344,12.598950386047363,-4.2684431076049805
scan34,9,3,large_disp_and_occluded,231,25.13874626159668,15.018254280090332,-10.120491981506348
scan34,9,3,boundary_and_occluded,291,15.775456428527832,12.075626373291016,-3.6998300552368164
scan34,10,3,full,20283,1.2540520429611206,0.9458223581314087,-0.3082296848297119
scan34,10,3,boundary,2029,4.406961441040039,3.1599111557006836,-1.2470502853393555
scan34,10,3,large_disparity,4057,3.682554244995117,2.4961488246917725,-1.1864054203033447
scan34,10,3,occluded_any,365,23.004404067993164,13.052366256713867,-9.952037811279297
scan34,10,3,occluded_majority,168,31.738431930541992,18.07670783996582,-13.661724090576172
scan34,10,3,large_disp_and_occluded,181,37.17643356323242,20.007970809936523,-17.1684627532959
scan34,10,3,boundary_and_occluded,270,22.07843589782715,14.300436973571777,-7.777998924255371
scan34,11,3,full,18892,3.110018253326416,1.731751799583435,-1.378266453742981
scan34,11,3,boundary,1890,11.360270500183105,7.135222434997559,-4.225048065185547
scan34,11,3,large_disparity,3779,11.381423950195312,4.908740043640137,-6.472683906555176
scan34,11,3,occluded_any,216,42.50520324707031,28.566640853881836,-13.938562393188477
scan34,11,3,occluded_majority,112,45.9674072265625,32.2479362487793,-13.719470977783203
scan34,11,3,large_disp_and_occluded,137,52.45277404785156,36.568153381347656,-15.884620666503906
scan34,11,3,boundary_and_occluded,177,42.989280700683594,29.377607345581055,-13.611673355102539
scan34,12,3,full,19109,1.621206283569336,1.0591119527816772,-0.5620943307876587
scan34,12,3,boundary,1911,7.484183311462402,4.004543304443359,-3.479640007019043
scan34,12,3,large_disparity,3822,4.803114414215088,2.2636942863464355,-2.5394201278686523
scan34,12,3,occluded_any,577,25.474288940429688,10.572530746459961,-14.901758193969727
scan34,12,3,occluded_majority,335,37.62490463256836,14.525696754455566,-23.099207878112793
scan34,12,3,large_disp_and_occluded,315,41.62027359008789,14.717912673950195,-26.902360916137695
scan34,12,3,boundary_and_occluded,329,33.46515655517578,14.594987869262695,-18.870168685913086
scan34,13,3,full,19256,1.037735939025879,0.8388098478317261,-0.19892609119415283
scan34,13,3,boundary,1926,3.9208574295043945,2.7869415283203125,-1.133915901184082
scan34,13,3,large_disparity,3852,2.19140625,1.4424188137054443,-0.7489874362945557
scan34,13,3,occluded_any,547,10.466465950012207,6.704983711242676,-3.7614822387695312
scan34,13,3,occluded_majority,365,12.012146949768066,7.881588459014893,-4.130558490753174
scan34,13,3,large_disp_and_occluded,342,12.437979698181152,7.330892086029053,-5.1070876121521
scan34,13,3,boundary_and_occluded,345,14.350719451904297,8.82591438293457,-5.524805068969727
scan34,14,3,full,19425,0.8883070945739746,0.8555646538734436,-0.032742440700531006
scan34,14,3,boundary,1943,4.197442054748535,3.768514394760132,-0.4289276599884033
scan34,14,3,large_disparity,3885,2.123441219329834,1.9466640949249268,-0.17677712440490723
scan34,14,3,occluded_any,379,14.064603805541992,10.61077880859375,-3.453824996948242
scan34,14,3,occluded_majority,254,16.821409225463867,12.945746421813965,-3.8756628036499023
scan34,14,3,large_disp_and_occluded,252,16.581392288208008,12.430550575256348,-4.15084171295166
scan34,14,3,boundary_and_occluded,268,18.010730743408203,14.494634628295898,-3.5160961151123047
scan34,15,3,full,19228,1.0056012868881226,1.1698460578918457,0.16424477100372314
scan34,15,3,boundary,1923,4.854015827178955,4.574416160583496,-0.279599666595459
scan34,15,3,large_disparity,3846,2.6617345809936523,2.8538055419921875,0.19207096099853516
scan34,15,3,occluded_any,628,9.705318450927734,8.675736427307129,-1.0295820236206055
scan34,15,3,occluded_majority,370,13.149614334106445,11.715989112854004,-1.4336252212524414
scan34,15,3,large_disp_and_occluded,341,14.736722946166992,11.609954833984375,-3.126768112182617
scan34,15,3,boundary_and_occluded,395,14.327376365661621,12.421333312988281,-1.9060430526733398
scan34,16,3,full,19092,2.011120080947876,1.4684709310531616,-0.5426491498947144
scan34,16,3,boundary,1910,14.64229679107666,7.990077972412109,-6.652218818664551
scan34,16,3,large_disparity,3819,7.864650726318359,4.613804817199707,-3.2508459091186523
scan34,16,3,occluded_any,738,21.82642364501953,16.30141830444336,-5.525005340576172
scan34,16,3,occluded_majority,425,32.66967010498047,22.86430549621582,-9.805364608764648
scan34,16,3,large_disp_and_occluded,483,31.712881088256836,22.84222412109375,-8.870656967163086
scan34,16,3,boundary_and_occluded,518,30.082584381103516,21.345436096191406,-8.73714828491211
scan34,17,3,full,19543,5.409364700317383,1.796525239944458,-3.612839460372925
scan34,17,3,boundary,1955,11.203969955444336,8.514554977416992,-2.6894149780273438
scan34,17,3,large_disparity,3909,23.913177490234375,5.611351490020752,-18.301826000213623
scan34,17,3,occluded_any,907,32.613826751708984,17.74500274658203,-14.868824005126953
scan34,17,3,occluded_majority,536,38.11466598510742,26.2627010345459,-11.851964950561523
scan34,17,3,large_disp_and_occluded,652,43.62022018432617,22.679725646972656,-20.940494537353516
scan34,17,3,boundary_and_occluded,407,34.58865737915039,30.87582015991211,-3.7128372192382812
scan34,18,3,full,19537,10.30262565612793,2.5685458183288574,-7.734079837799072
scan34,18,3,boundary,1954,20.238265991210938,12.366934776306152,-7.871331214904785
scan34,18,3,large_disparity,3908,47.72416305541992,9.696637153625488,-38.027525901794434
scan34,18,3,occluded_any,1190,62.39243698120117,20.1456298828125,-42.24680709838867
scan34,18,3,occluded_majority,541,78.25715637207031,35.59392547607422,-42.663230895996094
scan34,18,3,large_disp_and_occluded,870,82.64913940429688,25.186094284057617,-57.46304512023926
scan34,18,3,boundary_and_occluded,450,67.77581024169922,39.8678092956543,-27.908000946044922
scan34,19,3,full,15093,11.036117553710938,3.9163870811462402,-7.119730472564697
scan34,19,3,boundary,1510,21.60238265991211,13.6179780960083,-7.984404563903809
scan34,19,3,large_disparity,3019,50.36115646362305,15.219097137451172,-35.142059326171875
scan34,19,3,occluded_any,353,60.30862808227539,25.20225715637207,-35.10637092590332
scan34,19,3,occluded_majority,132,72.24221801757812,41.68422317504883,-30.557994842529297
scan34,19,3,large_disp_and_occluded,227,88.99366760253906,34.966304779052734,-54.02736282348633
scan34,19,3,boundary_and_occluded,249,62.658443450927734,34.156036376953125,-28.50240707397461
scan34,20,3,full,16915,8.797796249389648,2.8685708045959473,-5.929225444793701
scan34,20,3,boundary,1692,50.875762939453125,19.33417320251465,-31.541589736938477
scan34,20,3,large_disparity,3383,37.827693939208984,10.106597900390625,-27.72109603881836
scan34,20,3,occluded_any,869,55.65254592895508,23.73842430114746,-31.914121627807617
scan34,20,3,occluded_majority,379,61.78799057006836,33.69740295410156,-28.090587615966797
scan34,20,3,large_disp_and_occluded,496,83.6231918334961,32.12681198120117,-51.49637985229492
scan34,20,3,boundary_and_occluded,503,64.09239959716797,36.36701202392578,-27.725387573242188
scan34,21,3,full,17195,5.571604251861572,2.8933095932006836,-2.6782946586608887
scan34,21,3,boundary,1720,41.183895111083984,20.372020721435547,-20.811874389648438
scan34,21,3,large_disparity,3439,23.85178565979004,11.303938865661621,-12.547846794128418
scan34,21,3,occluded_any,1112,44.02928161621094,27.903076171875,-16.126205444335938
scan34,21,3,occluded_majority,772,51.46421813964844,37.812232971191406,-13.651985168457031
scan34,21,3,large_disp_and_occluded,758,59.34132766723633,37.68872833251953,-21.652599334716797
scan34,21,3,boundary_and_occluded,689,61.52907943725586,43.006195068359375,-18.522884368896484
scan34,22,3,full,17373,2.40995717048645,1.98476243019104,-0.42519474029541016
scan34,22,3,boundary,1738,15.96955680847168,12.274690628051758,-3.694866180419922
scan34,22,3,large_disparity,3475,9.380316734313965,7.789575576782227,-1.5907411575317383
scan34,22,3,occluded_any,617,32.449092864990234,29.805965423583984,-2.64312744140625
scan34,22,3,occluded_majority,410,43.48246765136719,40.44406509399414,-3.038402557373047
scan34,22,3,large_disp_and_occluded,412,45.51249694824219,42.25074005126953,-3.2617568969726562
scan34,22,3,boundary_and_occluded,432,40.24874496459961,36.156063079833984,-4.092681884765625
scan34,23,3,full,17847,1.9874207973480225,1.681374192237854,-0.30604660511016846
scan34,23,3,boundary,1785,12.27099323272705,10.593696594238281,-1.6772966384887695
scan34,23,3,large_disparity,3570,7.157174587249756,6.060001850128174,-1.097172737121582
scan34,23,3,occluded_any,581,31.217483520507812,27.011226654052734,-4.206256866455078
scan34,23,3,occluded_majority,332,44.19875717163086,40.45628356933594,-3.742473602294922
scan34,23,3,large_disp_and_occluded,376,45.45563507080078,38.9279899597168,-6.527645111083984
scan34,23,3,boundary_and_occluded,370,42.97197723388672,36.512901306152344,-6.459075927734375
scan34,24,3,full,18011,1.419960618019104,1.1467164754867554,-0.27324414253234863
scan34,24,3,boundary,1802,7.378092288970947,6.004496097564697,-1.37359619140625
scan34,24,3,large_disparity,3603,4.125370025634766,3.30098557472229,-0.8243844509124756
scan34,24,3,occluded_any,608,17.21937370300293,12.716306686401367,-4.5030670166015625
scan34,24,3,occluded_majority,346,20.63271713256836,14.10280990600586,-6.5299072265625
scan34,24,3,large_disp_and_occluded,424,20.910097122192383,15.194631576538086,-5.715465545654297
scan34,24,3,boundary_and_occluded,380,24.331485748291016,18.04045295715332,-6.291032791137695
scan34,25,3,full,17848,1.5435895919799805,1.2397239208221436,-0.3038656711578369
scan34,25,3,boundary,1785,7.292837619781494,5.352174282073975,-1.9406633377075195
scan34,25,3,large_disparity,3570,3.897219181060791,2.7854866981506348,-1.1117324829101562
scan34,25,3,occluded_any,518,19.933141708374023,14.284255027770996,-5.648886680603027
scan34,25,3,occluded_majority,333,23.918397903442383,18.058795928955078,-5.859601974487305
scan34,25,3,large_disp_and_occluded,355,21.801023483276367,15.827692985534668,-5.973330497741699
scan34,25,3,boundary_and_occluded,305,28.922687530517578,20.66021728515625,-8.262470245361328
scan34,26,3,full,17322,1.4761321544647217,1.198838472366333,-0.27729368209838867
scan34,26,3,boundary,1733,8.29430866241455,4.692205905914307,-3.602102756500244
scan34,26,3,large_disparity,3465,4.463888168334961,2.6591172218322754,-1.8047709465026855
scan34,26,3,occluded_any,587,17.89199447631836,10.762911796569824,-7.129082679748535
scan34,26,3,occluded_majority,301,24.415590286254883,14.191883087158203,-10.22370719909668
scan34,26,3,large_disp_and_occluded,420,22.739795684814453,12.834558486938477,-9.905237197875977
scan34,26,3,boundary_and_occluded,342,29.110599517822266,16.56374168395996,-12.546857833862305
scan34,27,3,full,16690,1.4174494743347168,1.1888145208358765,-0.22863495349884033
scan34,27,3,boundary,1669,7.622164726257324,6.063098430633545,-1.5590662956237793
scan34,27,3,large_disparity,3338,3.825591802597046,3.229600667953491,-0.5959911346435547
scan34,27,3,occluded_any,433,17.149126052856445,12.800829887390137,-4.348296165466309
scan34,27,3,occluded_majority,141,34.607112884521484,24.63086700439453,-9.976245880126953
scan34,27,3,large_disp_and_occluded,313,15.992789268493652,13.882771492004395,-2.110017776489258
scan34,27,3,boundary_and_occluded,311,22.82653045654297,17.063796997070312,-5.762733459472656
scan34,28,3,full,13222,2.395049810409546,2.721832513809204,0.3267827033996582
scan34,28,3,boundary,1323,14.000940322875977,11.54034423828125,-2.4605960845947266
scan34,28,3,large_disparity,2645,7.514052867889404,9.422470092773438,1.9084172248840332
scan34,28,3,occluded_any,352,30.543928146362305,25.91895866394043,-4.624969482421875
scan34,28,3,occluded_majority,162,43.06584548950195,38.820960998535156,-4.244884490966797
scan34,28,3,large_disp_and_occluded,211,41.53548049926758,36.558753967285156,-4.976726531982422
scan34,28,3,boundary_and_occluded,250,41.007720947265625,34.995758056640625,-6.011962890625
scan34,29,3,full,14042,2.237835645675659,2.3590598106384277,0.12122416496276855
scan34,29,3,boundary,1405,14.632160186767578,10.933917045593262,-3.6982431411743164
scan34,29,3,large_disparity,2809,7.925117015838623,8.036343574523926,0.11122655868530273
scan34,29,3,occluded_any,582,26.634859085083008,24.054962158203125,-2.579896926879883
scan34,29,3,occluded_majority,245,47.21333694458008,38.04358673095703,-9.169750213623047
scan34,29,3,large_disp_and_occluded,449,28.692989349365234,26.88775634765625,-1.8052330017089844
scan34,29,3,boundary_and_occluded,289,50.157711029052734,40.68392562866211,-9.473785400390625
scan34,30,3,full,14691,2.6358816623687744,1.7732120752334595,-0.8626695871353149
scan34,30,3,boundary,1470,17.268978118896484,10.327488899230957,-6.941489219665527
scan34,30,3,large_disparity,2939,10.006009101867676,5.91010856628418,-4.095900535583496
scan34,30,3,occluded_any,530,38.395389556884766,21.619028091430664,-16.7763614654541
scan34,30,3,occluded_majority,227,58.31055450439453,34.63066864013672,-23.679885864257812
scan34,30,3,large_disp_and_occluded,435,44.51474380493164,24.84243392944336,-19.67230987548828
scan34,30,3,boundary_and_occluded,292,62.10538101196289,36.433204650878906,-25.672176361083984
scan34,31,3,full,15214,2.4155147075653076,1.7220960855484009,-0.6934186220169067
scan34,31,3,boundary,1522,14.788582801818848,10.74013614654541,-4.0484466552734375
scan34,31,3,large_disparity,3043,8.343213081359863,6.070736885070801,-2.2724761962890625
scan34,31,3,occluded_any,521,33.494544982910156,25.131498336791992,-8.363046646118164
scan34,31,3,occluded_majority,306,44.208465576171875,33.53350830078125,-10.674957275390625
scan34,31,3,large_disp_and_occluded,364,44.281917572021484,32.95489501953125,-11.327022552490234
scan34,31,3,boundary_and_occluded,312,51.328800201416016,38.38840103149414,-12.940399169921875
scan34,32,3,full,15335,2.3460278511047363,1.6104458570480347,-0.7355819940567017
scan34,32,3,boundary,1534,13.664834976196289,9.011724472045898,-4.653110504150391
scan34,32,3,large_disparity,3068,8.768986701965332,5.811483860015869,-2.957502841949463
scan34,32,3,occluded_any,459,37.71534729003906,27.214067459106445,-10.501279830932617
scan34,32,3,occluded_majority,269,49.298831939697266,35.726890563964844,-13.571941375732422
scan34,32,3,large_disp_and_occluded,325,50.97385787963867,36.37184524536133,-14.602012634277344
scan34,32,3,boundary_and_occluded,247,60.145042419433594,40.7310791015625,-19.413963317871094
scan34,33,3,full,15290,2.7631499767303467,1.8312832117080688,-0.9318667650222778
scan34,33,3,boundary,1529,17.524263381958008,11.42978286743164,-6.094480514526367
scan34,33,3,large_disparity,3058,10.691347122192383,6.659254550933838,-4.032092571258545
scan34,33,3,occluded_any,501,41.717281341552734,28.056303024291992,-13.660978317260742
scan34,33,3,occluded_majority,303,53.71390914916992,36.39887619018555,-17.315032958984375
scan34,33,3,large_disp_and_occluded,321,61.658756256103516,40.949737548828125,-20.70901870727539
scan34,33,3,boundary_and_occluded,278,66.12008666992188,44.58851623535156,-21.531570434570312
scan34,34,3,full,14779,3.1002349853515625,1.8706542253494263,-1.2295807600021362
scan34,34,3,boundary,1478,21.711959838867188,12.668301582336426,-9.043658256530762
scan34,34,3,large_disparity,2956,12.116312980651855,6.7979512214660645,-5.318361759185791
scan34,34,3,occluded_any,482,49.58633804321289,29.586135864257812,-20.000202178955078
scan34,34,3,occluded_majority,298,67.67797088623047,39.15727233886719,-28.52069854736328
scan34,34,3,large_disp_and_occluded,322,69.17691040039062,40.4569206237793,-28.719989776611328
scan34,34,3,boundary_and_occluded,298,76.1435775756836,45.09518814086914,-31.048389434814453
scan34,35,3,full,14315,3.9531853199005127,4.136226177215576,0.18304085731506348
scan34,35,3,boundary,1432,19.706531524658203,22.090784072875977,2.3842525482177734
scan34,35,3,large_disparity,2863,16.264822006225586,17.85531234741211,1.5904903411865234
scan34,35,3,occluded_any,707,51.724124908447266,61.6224365234375,9.898311614990234
scan34,35,3,occluded_majority,455,70.50255584716797,88.08435821533203,17.581802368164062
scan34,35,3,large_disp_and_occluded,483,72.70286560058594,87.74568939208984,15.042823791503906
scan34,35,3,boundary_and_occluded,355,62.734561920166016,75.55107879638672,12.816516876220703
scan34,36,3,full,13781,5.933774471282959,3.6668684482574463,-2.2669060230255127
scan34,36,3,boundary,1379,23.1420841217041,20.386581420898438,-2.755502700805664
scan34,36,3,large_disparity,2757,25.891977310180664,14.87852954864502,-11.013447761535645
scan34,36,3,occluded_any,866,52.547515869140625,40.66938400268555,-11.878131866455078
scan34,36,3,occluded_majority,400,77.38890838623047,73.69985961914062,-3.6890487670898438
scan34,36,3,large_disp_and_occluded,618,70.12198638916016,54.159278869628906,-15.96270751953125
scan34,36,3,boundary_and_occluded,395,63.3770751953125,59.4901008605957,-3.886974334716797
scan34,37,3,full,13277,8.777155876159668,3.679591655731201,-5.097564220428467
scan34,37,3,boundary,1328,41.028812408447266,23.44512939453125,-17.583683013916016
scan34,37,3,large_disparity,2656,39.229183197021484,14.665755271911621,-24.563427925109863
scan34,37,3,occluded_any,1015,56.221473693847656,28.91518211364746,-27.306291580200195
scan34,37,3,occluded_majority,489,74.516357421875,47.060829162597656,-27.455528259277344
scan34,37,3,large_disp_and_occluded,690,79.41365051269531,39.574134826660156,-39.839515686035156
scan34,37,3,boundary_and_occluded,504,66.45391845703125,45.54595947265625,-20.907958984375
scan34,38,3,full,8659,10.276395797729492,4.303067207336426,-5.973328590393066
scan34,38,3,boundary,866,48.12154769897461,22.317983627319336,-25.803564071655273
scan34,38,3,large_disparity,1732,40.53190994262695,14.064192771911621,-26.467717170715332
scan34,38,3,occluded_any,104,100.48404693603516,50.59449005126953,-49.889556884765625
scan34,38,3,occluded_majority,65,140.57933044433594,68.59165954589844,-71.9876708984375
scan34,38,3,large_disp_and_occluded,78,128.2493896484375,62.54842758178711,-65.70096206665039
scan34,38,3,boundary_and_occluded,86,118.80015563964844,58.354400634765625,-60.44575500488281
scan34,39,3,full,9952,8.420899391174316,4.255342960357666,-4.16555643081665
scan34,39,3,boundary,996,53.622623443603516,29.971099853515625,-23.65152359008789
scan34,39,3,large_disparity,1991,35.7486572265625,15.823124885559082,-19.925532341003418
scan34,39,3,occluded_any,560,57.03143310546875,30.400920867919922,-26.630512237548828
scan34,39,3,occluded_majority,165,95.8913345336914,59.331024169921875,-36.56031036376953
scan34,39,3,large_disp_and_occluded,449,66.64785766601562,34.72283172607422,-31.925025939941406
scan34,39,3,boundary_and_occluded,263,91.48220825195312,58.004310607910156,-33.47789764404297
scan34,40,3,full,10644,6.259066104888916,4.674389839172363,-1.5846762657165527
scan34,40,3,boundary,1065,50.40867614746094,37.250572204589844,-13.158103942871094
scan34,40,3,large_disparity,2129,26.613670349121094,19.4853515625,-7.128318786621094
scan34,40,3,occluded_any,515,53.274051666259766,45.50545883178711,-7.768592834472656
scan34,40,3,occluded_majority,329,64.24471282958984,54.96501541137695,-9.27969741821289
scan34,40,3,large_disp_and_occluded,403,66.27411651611328,56.49445724487305,-9.779659271240234
scan34,40,3,boundary_and_occluded,293,77.98302459716797,70.00456237792969,-7.978462219238281
scan34,41,3,full,11361,5.596152305603027,3.8500702381134033,-1.746082067489624
scan34,41,3,boundary,1137,48.341209411621094,32.295013427734375,-16.04619598388672
scan34,41,3,large_disparity,2273,24.22378921508789,16.168537139892578,-8.055252075195312
scan34,41,3,occluded_any,315,64.69271087646484,52.742881774902344,-11.9498291015625
scan34,41,3,occluded_majority,147,92.97840881347656,79.45805358886719,-13.520355224609375
scan34,41,3,large_disp_and_occluded,208,95.55887603759766,77.37140655517578,-18.187469482421875
scan34,41,3,boundary_and_occluded,220,90.48461151123047,73.48519134521484,-16.999420166015625
scan34,42,3,full,12032,5.324097633361816,3.2483115196228027,-2.0757861137390137
scan34,42,3,boundary,1204,46.87017822265625,27.257349014282227,-19.612829208374023
scan34,42,3,large_disparity,2407,23.800138473510742,13.991111755371094,-9.809026718139648
scan34,42,3,occluded_any,293,67.58257293701172,46.58668518066406,-20.995887756347656
scan34,42,3,occluded_majority,135,76.76823425292969,61.250267028808594,-15.517967224121094
scan34,42,3,large_disp_and_occluded,199,95.29621124267578,65.18054962158203,-30.11566162109375
scan34,42,3,boundary_and_occluded,224,85.99595642089844,58.637115478515625,-27.358840942382812
scan34,43,3,full,12592,4.966108798980713,3.6203603744506836,-1.3457484245300293
scan34,43,3,boundary,1260,43.949092864990234,31.134408950805664,-12.81468391418457
scan34,43,3,large_disparity,2519,20.979394912719727,15.125409126281738,-5.853985786437988
scan34,43,3,occluded_any,345,76.11779022216797,57.61935043334961,-18.49843978881836
scan34,43,3,occluded_majority,232,90.02828979492188,68.24596405029297,-21.782325744628906
scan34,43,3,large_disp_and_occluded,201,122.62122344970703,92.26036071777344,-30.360862731933594
scan34,43,3,boundary_and_occluded,247,101.4786605834961,76.666748046875,-24.811912536621094
scan34,44,3,full,12641,4.8814826011657715,3.3094663619995117,-1.5720162391662598
scan34,44,3,boundary,1265,41.74203872680664,28.217906951904297,-13.524131774902344
scan34,44,3,large_disparity,2529,20.54850959777832,14.007369041442871,-6.541140556335449
scan34,44,3,occluded_any,332,72.14442443847656,55.92645263671875,-16.217971801757812
scan34,44,3,occluded_majority,173,83.32759857177734,67.18631744384766,-16.141281127929688
scan34,44,3,large_disp_and_occluded,184,118.63690948486328,94.07657623291016,-24.560333251953125
scan34,44,3,boundary_and_occluded,206,107.18617248535156,84.64110565185547,-22.545066833496094
scan34,45,3,full,12602,5.270852565765381,3.6437883377075195,-1.6270642280578613
scan34,45,3,boundary,1261,45.864864349365234,30.470651626586914,-15.39421272277832
scan34,45,3,large_disparity,2521,22.746849060058594,15.176262855529785,-7.570586204528809
scan34,45,3,occluded_any,361,63.93425750732422,49.222904205322266,-14.711353302001953
scan34,45,3,occluded_majority,190,87.85848999023438,68.0356216430664,-19.82286834716797
scan34,45,3,large_disp_and_occluded,239,93.03312683105469,71.21485900878906,-21.818267822265625
scan34,45,3,boundary_and_occluded,272,82.53482818603516,63.17203140258789,-19.362796783447266
scan34,46,3,full,12137,4.949544906616211,3.356398820877075,-1.5931460857391357
scan34,46,3,boundary,1214,44.0588493347168,27.39971160888672,-16.659137725830078
scan34,46,3,large_disparity,2428,21.25644874572754,13.378986358642578,-7.877462387084961
scan34,46,3,occluded_any,363,68.73017120361328,47.16550827026367,-21.56466293334961
scan34,46,3,occluded_majority,156,104.4017333984375,76.02355194091797,-28.37818145751953
scan34,46,3,large_disp_and_occluded,304,80.42689514160156,54.929603576660156,-25.497291564941406
scan34,46,3,boundary_and_occluded,265,92.19059753417969,63.384124755859375,-28.806472778320312
scan34,47,3,full,11533,4.799367427825928,3.868720531463623,-0.9306468963623047
scan34,47,3,boundary,1154,42.790077209472656,33.06439208984375,-9.725685119628906
scan34,47,3,large_disparity,2307,19.45755958557129,14.729354858398438,-4.728204727172852
scan34,47,3,occluded_any,391,52.353633880615234,41.28437042236328,-11.069263458251953
scan34,47,3,occluded_majority,143,104.2234878540039,85.52745819091797,-18.696029663085938
scan34,47,3,large_disp_and_occluded,342,58.62343978881836,46.14320373535156,-12.480236053466797
scan34,47,3,boundary_and_occluded,262,76.48941802978516,60.42771911621094,-16.06169891357422
scan34,48,3,full,10684,5.193516731262207,4.963142395019531,-0.23037433624267578
scan34,48,3,boundary,1069,41.05921173095703,38.87712097167969,-2.1820907592773438
scan34,48,3,large_disparity,2137,19.259721755981445,18.849369049072266,-0.4103527069091797
scan34,48,3,occluded_any,208,72.59821319580078,78.49161529541016,5.893402099609375
scan34,48,3,occluded_majority,135,86.6574935913086,95.81856536865234,9.16107177734375
scan34,48,3,large_disp_and_occluded,179,82.52761840820312,89.48966979980469,6.9620513916015625
scan34,48,3,boundary_and_occluded,180,82.60782623291016,89.54618072509766,6.9383544921875
scan48,0,3,full,19598,13.175467491149902,10.893335342407227,-2.282132148742676
scan48,0,3,boundary,1960,35.0098762512207,44.55031204223633,9.540435791015625
scan48,0,3,large_disparity,3920,11.004169464111328,8.721220970153809,-2.2829484939575195
scan48,0,3,occluded_any,1630,29.52738380432129,26.293621063232422,-3.233762741088867
scan48,0,3,occluded_majority,1044,39.03803634643555,35.39796447753906,-3.6400718688964844
scan48,0,3,large_disp_and_occluded,1132,22.592496871948242,21.277551651000977,-1.3149452209472656
scan48,0,3,boundary_and_occluded,406,41.32805633544922,41.366546630859375,0.03849029541015625
scan48,1,3,full,18887,13.737919807434082,11.753904342651367,-1.9840154647827148
scan48,1,3,boundary,1889,20.874942779541016,25.15603256225586,4.281089782714844
scan48,1,3,large_disparity,3778,33.8881721496582,32.54204559326172,-1.3461265563964844
scan48,1,3,occluded_any,1341,23.166851043701172,17.381805419921875,-5.785045623779297
scan48,1,3,occluded_majority,1038,20.109394073486328,14.8709135055542,-5.238480567932129
scan48,1,3,large_disp_and_occluded,987,20.355976104736328,13.993794441223145,-6.362181663513184
scan48,1,3,boundary_and_occluded,765,27.0687198638916,23.320606231689453,-3.7481136322021484
scan48,2,3,full,19497,16.654640197753906,14.626808166503906,-2.02783203125
scan48,2,3,boundary,1950,20.60751724243164,15.730186462402344,-4.877330780029297
scan48,2,3,large_disparity,3900,59.480499267578125,61.06278991699219,1.5822906494140625
scan48,2,3,occluded_any,951,42.63640213012695,43.35135269165039,0.7149505615234375
scan48,2,3,occluded_majority,712,41.41685104370117,49.36622619628906,7.949375152587891
scan48,2,3,large_disp_and_occluded,599,45.13785934448242,60.40266418457031,15.26480484008789
scan48,2,3,boundary_and_occluded,556,41.90910339355469,33.03761291503906,-8.871490478515625
scan48,3,3,full,19743,4.979144096374512,6.219282627105713,1.2401385307312012
scan48,3,3,boundary,1975,18.613279342651367,12.467243194580078,-6.146036148071289
scan48,3,3,large_disparity,3949,11.611847877502441,16.82236099243164,5.210513114929199
scan48,3,3,occluded_any,1977,16.02175521850586,14.3529634475708,-1.6687917709350586
scan48,3,3,occluded_majority,1031,19.667997360229492,17.917964935302734,-1.7500324249267578
scan48,3,3,large_disp_and_occluded,1475,17.30833625793457,15.533424377441406,-1.774911880493164
scan48,3,3,boundary_and_occluded,614,27.547027587890625,24.98722267150879,-2.559804916381836
scan48,4,3,full,17266,7.8151960372924805,6.265913486480713,-1.5492825508117676
scan48,4,3,boundary,1727,38.53563690185547,31.846912384033203,-6.688724517822266
scan48,4,3,large_disparity,3454,6.012369155883789,5.414156436920166,-0.598212718963623
scan48,4,3,occluded_any,824,38.986717224121094,28.001121520996094,-10.985595703125
scan48,4,3,occluded_majority,329,47.963531494140625,31.440526962280273,-16.52300453186035
scan48,4,3,large_disp_and_occluded,307,51.979637145996094,35.219139099121094,-16.760498046875
scan48,4,3,boundary_and_occluded,365,28.520639419555664,28.07680320739746,-0.4438362121582031
scan48,5,3,full,17166,6.986090660095215,8.92973804473877,1.9436473846435547
scan48,5,3,boundary,1717,25.422168731689453,19.087339401245117,-6.334829330444336
scan48,5,3,large_disparity,3434,2.8022282123565674,1.650609016418457,-1.1516191959381104
scan48,5,3,occluded_any,326,19.454200744628906,34.44169235229492,14.987491607666016
scan48,5,3,occluded_majority,182,24.82054901123047,40.58386993408203,15.763320922851562
scan48,5,3,large_disp_and_occluded,110,6.186830043792725,3.190516710281372,-2.9963133335113525
scan48,5,3,boundary_and_occluded,239,20.32549476623535,18.395601272583008,-1.9298934936523438
scan48,6,3,full,19668,6.1370744705200195,11.795159339904785,5.658084869384766
scan48,6,3,boundary,1967,16.459394454956055,16.456785202026367,-0.0026092529296875
scan48,6,3,large_disparity,3934,21.108707427978516,32.63188552856445,11.523178100585938
scan48,6,3,occluded_any,2283,32.86144256591797,48.496742248535156,15.635299682617188
scan48,6,3,occluded_majority,1717,40.85408401489258,59.20376205444336,18.34967803955078
scan48,6,3,large_disp_and_occluded,1625,42.74753952026367,64.86656951904297,22.119029998779297
scan48,6,3,boundary_and_occluded,577,40.71662139892578,45.98994064331055,5.273319244384766
scan48,7,3,full,19070,12.68942928314209,14.744773864746094,2.055344581604004
scan48,7,3,boundary,1907,22.374732971191406,19.9272403717041,-2.4474925994873047
scan48,7,3,large_disparity,3814,27.61672019958496,30.262887954711914,2.646167755126953
scan48,7,3,occluded_any,2167,26.127248764038086,23.36712646484375,-2.760122299194336
scan48,7,3,occluded_majority,1566,25.53923988342285,24.339284896850586,-1.1999549865722656
scan48,7,3,large_disp_and_occluded,1853,24.704566955566406,21.4508056640625,-3.2537612915039062
scan48,7,3,boundary_and_occluded,722,41.742610931396484,39.59233093261719,-2.150279998779297
scan48,8,3,full,18862,10.647457122802734,18.632976531982422,7.9855194091796875
scan48,8,3,boundary,1887,24.09011459350586,24.20382308959961,0.11370849609375
scan48,8,3,large_disparity,3773,30.15903663635254,73.05046844482422,42.89143180847168
scan48,8,3,occluded_any,1298,46.86586380004883,37.0609245300293,-9.804939270019531
scan48,8,3,occluded_majority,940,40.57206726074219,34.535118103027344,-6.036949157714844
scan48,8,3,large_disp_and_occluded,1077,48.97050476074219,40.073333740234375,-8.897171020507812
scan48,8,3,boundary_and_occluded,668,48.33205032348633,44.67306137084961,-3.6589889526367188
scan48,9,3,full,19228,16.54697608947754,14.52979850769043,-2.0171775817871094
scan48,9,3,boundary,1923,21.61290740966797,18.168821334838867,-3.4440860748291016
scan48,9,3,large_disparity,3846,38.239356994628906,43.28543472290039,5.046077728271484
scan48,9,3,occluded_any,1857,21.178693771362305,17.51790428161621,-3.6607894897460938
scan48,9,3,occluded_majority,1473,18.030122756958008,16.374061584472656,-1.6560611724853516
scan48,9,3,large_disp_and_occluded,1566,17.39642906188965,15.832921981811523,-1.563507080078125
scan48,9,3,boundary_and_occluded,698,30.291542053222656,25.387849807739258,-4.903692245483398
scan48,10,3,full,19603,15.276518821716309,14.685354232788086,-0.5911645889282227
scan48,10,3,boundary,1961,24.780221939086914,28.394920349121094,3.6146984100341797
scan48,10,3,large_disparity,3921,20.466678619384766,36.05693817138672,15.590259552001953
scan48,10,3,occluded_any,1543,31.33505630493164,54.46152877807617,23.12647247314453
scan48,10,3,occluded_majority,1138,33.75539779663086,61.927547454833984,28.172149658203125
scan48,10,3,large_disp_and_occluded,1289,30.01088523864746,58.40226364135742,28.39137840270996
scan48,10,3,boundary_and_occluded,555,37.299400329589844,48.84430694580078,11.544906616210938
scan48,11,3,full,18559,16.849468231201172,11.575079917907715,-5.274388313293457
scan48,11,3,boundary,1856,37.048095703125,31.452802658081055,-5.595293045043945
scan48,11,3,large_disparity,3712,35.1430778503418,11.555691719055176,-23.58738613128662
scan48,11,3,occluded_any,1607,54.94485855102539,16.613656997680664,-38.33120155334473
scan48,11,3,occluded_majority,998,56.047847747802734,17.621845245361328,-38.426002502441406
scan48,11,3,large_disp_and_occluded,1409,57.899009704589844,13.781230926513672,-44.11777877807617
scan48,11,3,boundary_and_occluded,334,80.47544860839844,46.664058685302734,-33.8113899230957
scan48,12,3,full,18842,21.681594848632812,14.423030853271484,-7.258563995361328
scan48,12,3,boundary,1885,35.493221282958984,28.99860382080078,-6.494617462158203
scan48,12,3,large_disparity,3769,49.280784606933594,10.547708511352539,-38.733076095581055
scan48,12,3,occluded_any,2238,40.90088653564453,12.323497772216797,-28.577388763427734
scan48,12,3,occluded_majority,1091,40.329612731933594,11.265235900878906,-29.064376831054688
scan48,12,3,large_disp_and_occluded,1560,50.55373764038086,7.490470886230469,-43.06326675415039
scan48,12,3,boundary_and_occluded,678,48.989627838134766,30.786775588989258,-18.202852249145508
scan48,13,3,full,18503,26.095829010009766,19.992483139038086,-6.10334587097168
scan48,13,3,boundary,1851,41.99148178100586,34.23374557495117,-7.7577362060546875
scan48,13,3,large_disparity,3701,65.2767105102539,36.69644546508789,-28.580265045166016
scan48,13,3,occluded_any,1994,64.02635955810547,38.181175231933594,-25.845184326171875
scan48,13,3,occluded_majority,1653,63.22181701660156,37.491188049316406,-25.730628967285156
scan48,13,3,large_disp_and_occluded,1694,70.46797943115234,39.48271560668945,-30.98526382446289
scan48,13,3,boundary_and_occluded,800,66.10376739501953,48.2343864440918,-17.869380950927734
scan48,14,3,full,18209,26.723539352416992,20.66754913330078,-6.055990219116211
scan48,14,3,boundary,1821,59.41783905029297,44.60560989379883,-14.81222915649414
scan48,14,3,large_disparity,3642,81.86618041992188,60.87971878051758,-20.986461639404297
scan48,14,3,occluded_any,1696,113.87682342529297,81.2503433227539,-32.62648010253906
scan48,14,3,occluded_majority,1118,128.31150817871094,83.01952362060547,-45.29198455810547
scan48,14,3,large_disp_and_occluded,1465,123.859619140625,87.50300598144531,-36.35661315917969
scan48,14,3,boundary_and_occluded,788,105.37081909179688,70.90280151367188,-34.468017578125
scan48,15,3,full,17279,19.624874114990234,20.222116470336914,0.5972423553466797
scan48,15,3,boundary,1728,43.704349517822266,41.253265380859375,-2.4510841369628906
scan48,15,3,large_disparity,3456,73.97199249267578,82.67498779296875,8.702995300292969
scan48,15,3,occluded_any,1624,73.08797454833984,58.703163146972656,-14.384811401367188
scan48,15,3,occluded_majority,1150,80.53218078613281,69.59195709228516,-10.940223693847656
scan48,15,3,large_disp_and_occluded,1357,78.78921508789062,66.41212463378906,-12.377090454101562
scan48,15,3,boundary_and_occluded,799,71.33289337158203,64.16710662841797,-7.1657867431640625
scan48,16,3,full,17312,18.904556274414062,18.660966873168945,-0.2435894012451172
scan48,16,3,boundary,1732,40.97066116333008,34.83992385864258,-6.1307373046875
scan48,16,3,large_disparity,3463,60.328147888183594,65.35933685302734,5.03118896484375
scan48,16,3,occluded_any,2091,51.98356246948242,34.98162841796875,-17.001934051513672
scan48,16,3,occluded_majority,1189,69.33837890625,46.15065383911133,-23.187725067138672
scan48,16,3,large_disp_and_occluded,1803,53.646976470947266,35.62717819213867,-18.019798278808594
scan48,16,3,boundary_and_occluded,780,71.64244842529297,57.373897552490234,-14.268550872802734
scan48,17,3,full,18021,17.64913558959961,13.838457107543945,-3.810678482055664
scan48,17,3,boundary,1803,35.70818328857422,29.110794067382812,-6.597389221191406
scan48,17,3,large_disparity,3605,42.743560791015625,27.402902603149414,-15.340658187866211
scan48,17,3,occluded_any,2410,52.78880310058594,41.78213882446289,-11.006664276123047
scan48,17,3,occluded_majority,1165,68.83008575439453,60.206851959228516,-8.623233795166016
scan48,17,3,large_disp_and_occluded,1857,59.67015075683594,47.726806640625,-11.943344116210938
scan48,17,3,boundary_and_occluded,605,80.50283813476562,69.75347137451172,-10.749366760253906
scan48,18,3,full,17577,15.322335243225098,14.858098030090332,-0.4642372131347656
scan48,18,3,boundary,1758,27.00213050842285,26.180330276489258,-0.8218002319335938
scan48,18,3,large_disparity,3516,45.9752311706543,17.319787979125977,-28.65544319152832
scan48,18,3,occluded_any,1800,52.059844970703125,39.85355758666992,-12.206287384033203
scan48,18,3,occluded_majority,448,77.64439392089844,53.396278381347656,-24.24811553955078
scan48,18,3,large_disp_and_occluded,1136,73.184814453125,45.812828063964844,-27.371986389160156
scan48,18,3,boundary_and_occluded,523,61.5019645690918,63.77586364746094,2.2738990783691406
scan48,19,3,full,13451,11.224137306213379,5.487979412078857,-5.7361578941345215
scan48,19,3,boundary,1346,49.96355438232422,24.84619903564453,-25.117355346679688
scan48,19,3,large_disparity,2691,45.600921630859375,15.762971878051758,-29.837949752807617
scan48,19,3,occluded_any,277,54.73093032836914,31.815229415893555,-22.915700912475586
scan48,19,3,occluded_majority,143,74.32374572753906,41.64412307739258,-32.679622650146484
scan48,19,3,large_disp_and_occluded,124,110.6032943725586,55.87071228027344,-54.732582092285156
scan48,19,3,boundary_and_occluded,238,61.68182373046875,33.333866119384766,-28.347957611083984
scan48,20,3,full,14796,10.19025707244873,4.040711879730225,-6.149545192718506
scan48,20,3,boundary,1480,53.029903411865234,23.215360641479492,-29.814542770385742
scan48,20,3,large_disparity,2960,37.05921936035156,8.372519493103027,-28.686699867248535
scan48,20,3,occluded_any,872,49.79570007324219,25.683961868286133,-24.111738204956055
scan48,20,3,occluded_majority,483,57.134788513183594,33.45420837402344,-23.680580139160156
scan48,20,3,large_disp_and_occluded,375,88.13760375976562,38.039649963378906,-50.09795379638672
scan48,20,3,boundary_and_occluded,464,77.52825164794922,45.14070129394531,-32.387550354003906
scan48,21,3,full,14943,11.397380828857422,9.873373985290527,-1.5240068435668945
scan48,21,3,boundary,1495,55.00627136230469,40.71134948730469,-14.294921875
scan48,21,3,large_disparity,2989,41.73331069946289,18.069965362548828,-23.663345336914062
scan48,21,3,occluded_any,1827,64.12876892089844,36.65407180786133,-27.47469711303711
scan48,21,3,occluded_majority,1097,87.27359008789062,53.15696334838867,-34.11662673950195
scan48,21,3,large_disp_and_occluded,1331,79.09622955322266,37.94071578979492,-41.155513763427734
scan48,21,3,boundary_and_occluded,778,96.89573669433594,64.69454193115234,-32.201194763183594
scan48,22,3,full,14861,12.787299156188965,12.546629905700684,-0.24066925048828125
scan48,22,3,boundary,1487,68.25408172607422,52.81291580200195,-15.441165924072266
scan48,22,3,large_disparity,2973,47.61016845703125,44.37627029418945,-3.233898162841797
scan48,22,3,occluded_any,1556,89.57839965820312,58.3912239074707,-31.187175750732422
scan48,22,3,occluded_majority,1151,95.39482116699219,58.89120864868164,-36.50361251831055
scan48,22,3,large_disp_and_occluded,1253,98.90263366699219,58.158538818359375,-40.74409484863281
scan48,22,3,boundary_and_occluded,916,101.30538177490234,71.85243225097656,-29.45294952392578
scan48,23,3,full,14954,19.96324920654297,17.84104347229004,-2.1222057342529297
scan48,23,3,boundary,1496,84.98802185058594,78.6963119506836,-6.291709899902344
scan48,23,3,large_disparity,2991,78.8871078491211,77.21998596191406,-1.6671218872070312
scan48,23,3,occluded_any,1403,111.2248764038086,111.40278625488281,0.17790985107421875
scan48,23,3,occluded_majority,859,117.46113586425781,131.0956268310547,13.634490966796875
scan48,23,3,large_disp_and_occluded,1106,131.88290405273438,133.73939514160156,1.8564910888671875
scan48,23,3,boundary_and_occluded,925,114.50212097167969,105.61898803710938,-8.883132934570312
scan48,24,3,full,15773,25.98185920715332,23.743711471557617,-2.238147735595703
scan48,24,3,boundary,1578,105.27217864990234,81.36448669433594,-23.907691955566406
scan48,24,3,large_disparity,3155,101.58448791503906,96.02401733398438,-5.5604705810546875
scan48,24,3,occluded_any,1543,124.08629608154297,91.29957580566406,-32.786720275878906
scan48,24,3,occluded_majority,771,112.12169647216797,90.22785186767578,-21.893844604492188
scan48,24,3,large_disp_and_occluded,1225,146.0107879638672,105.3863296508789,-40.62445831298828
scan48,24,3,boundary_and_occluded,1064,134.69248962402344,98.1595687866211,-36.532920837402344
scan48,25,3,full,15866,28.34128761291504,24.664215087890625,-3.677072525024414
scan48,25,3,boundary,1587,94.1800308227539,69.0563735961914,-25.1236572265625
scan48,25,3,large_disparity,3174,81.2125015258789,63.51576232910156,-17.696739196777344
scan48,25,3,occluded_any,1733,119.30377197265625,78.83154296875,-40.47222900390625
scan48,25,3,occluded_majority,871,112.1348648071289,80.00444793701172,-32.13041687011719
scan48,25,3,large_disp_and_occluded,1453,136.1324920654297,86.29693603515625,-49.83555603027344
scan48,25,3,boundary_and_occluded,1057,128.42181396484375,86.28044891357422,-42.14136505126953
scan48,26,3,full,15437,27.096647262573242,25.418865203857422,-1.6777820587158203
scan48,26,3,boundary,1544,80.36187744140625,70.01207733154297,-10.349800109863281
scan48,26,3,large_disparity,3088,69.32303619384766,62.91096496582031,-6.412071228027344
scan48,26,3,occluded_any,1958,98.66545104980469,84.89392852783203,-13.771522521972656
scan48,26,3,occluded_majority,932,115.94950866699219,93.09247589111328,-22.857032775878906
scan48,26,3,large_disp_and_occluded,1463,123.81562042236328,105.09444427490234,-18.721176147460938
scan48,26,3,boundary_and_occluded,1024,111.91758728027344,94.38375854492188,-17.533828735351562
scan48,27,3,full,15348,22.373123168945312,24.357969284057617,1.9848461151123047
scan48,27,3,boundary,1535,59.95696258544922,62.759613037109375,2.8026504516601562
scan48,27,3,large_disparity,3070,42.300724029541016,46.03429412841797,3.733570098876953
scan48,27,3,occluded_any,1609,76.4952621459961,77.11566162109375,0.6203994750976562
scan48,27,3,occluded_majority,735,97.90181732177734,97.97467803955078,0.0728607177734375
scan48,27,3,large_disp_and_occluded,1155,95.67831420898438,92.75440979003906,-2.9239044189453125
scan48,27,3,boundary_and_occluded,811,89.93131256103516,89.84980773925781,-0.08150482177734375
scan48,28,3,full,11727,7.924884796142578,4.4158430099487305,-3.5090417861938477
scan48,28,3,boundary,1173,28.79981231689453,18.871044158935547,-9.928768157958984
scan48,28,3,large_disparity,2346,12.59737777709961,5.4568257331848145,-7.140552043914795
scan48,28,3,occluded_any,1058,18.306913375854492,11.347204208374023,-6.959709167480469
scan48,28,3,occluded_majority,712,19.58969497680664,11.739301681518555,-7.850393295288086
scan48,28,3,large_disp_and_occluded,92,74.55717468261719,48.037879943847656,-26.51929473876953
scan48,28,3,boundary_and_occluded,479,30.724079132080078,21.074220657348633,-9.649858474731445
scan48,29,3,full,12031,13.670902252197266,16.691091537475586,3.0201892852783203
scan48,29,3,boundary,1204,26.765962600708008,32.94166564941406,6.175703048706055
scan48,29,3,large_disparity,2407,10.927504539489746,9.942021369934082,-0.9854831695556641
scan48,29,3,occluded_any,1659,16.66681480407715,20.24106216430664,3.574247360229492
scan48,29,3,occluded_majority,214,67.4892578125,70.89127349853516,3.4020156860351562
scan48,29,3,large_disp_and_occluded,414,27.547754287719727,24.57735824584961,-2.970396041870117
scan48,29,3,boundary_and_occluded,747,31.574474334716797,39.22898483276367,7.654510498046875
scan48,30,3,full,12241,16.54823875427246,17.57509422302246,1.02685546875
scan48,30,3,boundary,1225,25.277128219604492,26.655176162719727,1.3780479431152344
scan48,30,3,large_disparity,2449,28.971073150634766,32.495906829833984,3.5248336791992188
scan48,30,3,occluded_any,1383,27.101991653442383,28.99820327758789,1.8962116241455078
scan48,30,3,occluded_majority,281,83.81432342529297,85.00811767578125,1.1937942504882812
scan48,30,3,large_disp_and_occluded,583,44.6265754699707,43.54796600341797,-1.0786094665527344
scan48,30,3,boundary_and_occluded,751,34.63064956665039,34.33576583862305,-0.29488372802734375
scan48,31,3,full,12790,15.21430778503418,19.340179443359375,4.125871658325195
scan48,31,3,boundary,1279,55.50885772705078,55.68654251098633,0.17768478393554688
scan48,31,3,large_disparity,2558,47.174041748046875,66.93363952636719,19.759597778320312
scan48,31,3,occluded_any,1323,55.81257247924805,54.94797134399414,-0.8646011352539062
scan48,31,3,occluded_majority,511,116.11556243896484,105.60474395751953,-10.510818481445312
scan48,31,3,large_disp_and_occluded,776,80.0343017578125,73.14681243896484,-6.887489318847656
scan48,31,3,boundary_and_occluded,898,73.63297271728516,70.02699279785156,-3.6059799194335938
scan48,32,3,full,12997,7.118473052978516,6.615083694458008,-0.5033893585205078
scan48,32,3,boundary,1300,50.15630340576172,38.37745666503906,-11.778846740722656
scan48,32,3,large_disparity,2600,28.109981536865234,25.415618896484375,-2.6943626403808594
scan48,32,3,occluded_any,1289,46.548343658447266,36.328529357910156,-10.21981430053711
scan48,32,3,occluded_majority,493,100.15564727783203,69.83995819091797,-30.315689086914062
scan48,32,3,large_disp_and_occluded,750,71.46043395996094,52.22412109375,-19.236312866210938
scan48,32,3,boundary_and_occluded,912,62.74427032470703,47.61154556274414,-15.13272476196289
scan48,33,3,full,12571,8.101128578186035,6.499813079833984,-1.6013154983520508
scan48,33,3,boundary,1258,55.8597526550293,47.1563606262207,-8.703392028808594
scan48,33,3,large_disparity,2515,33.35850524902344,24.209068298339844,-9.149436950683594
scan48,33,3,occluded_any,1296,50.52229309082031,42.874141693115234,-7.648151397705078
scan48,33,3,occluded_majority,540,103.7852554321289,81.85660552978516,-21.92864990234375
scan48,33,3,large_disp_and_occluded,662,91.44422912597656,71.4079360961914,-20.036293029785156
scan48,33,3,boundary_and_occluded,876,71.65009307861328,60.40658187866211,-11.243511199951172
scan48,34,3,full,12038,7.853219985961914,6.348124980926514,-1.5050950050354004
scan48,34,3,boundary,1204,53.2794303894043,41.92572784423828,-11.353702545166016
scan48,34,3,large_disparity,2408,32.16342544555664,24.13359832763672,-8.029827117919922
scan48,34,3,occluded_any,1392,48.62260818481445,36.545467376708984,-12.077140808105469
scan48,34,3,occluded_majority,652,90.0225830078125,63.450927734375,-26.5716552734375
scan48,34,3,large_disp_and_occluded,732,85.39720153808594,61.86996078491211,-23.527240753173828
scan48,34,3,boundary_and_occluded,828,69.51404571533203,53.71992874145508,-15.794116973876953
scan48,35,3,full,12045,8.967339515686035,7.3029465675354,-1.6643929481506348
scan48,35,3,boundary,1205,57.44959259033203,47.84601593017578,-9.60357666015625
scan48,35,3,large_disparity,2409,36.673988342285156,28.72958755493164,-7.944400787353516
scan48,35,3,occluded_any,1492,53.452186584472656,44.76527404785156,-8.686912536621094
scan48,35,3,occluded_majority,537,130.90769958496094,106.17784118652344,-24.7298583984375
scan48,35,3,large_disp_and_occluded,870,84.83162689208984,68.99278259277344,-15.838844299316406
scan48,35,3,boundary_and_occluded,800,78.72696685791016,66.06629943847656,-12.660667419433594
scan48,36,3,full,12041,7.389753818511963,3.804433822631836,-3.585319995880127
scan48,36,3,boundary,1205,40.045013427734375,20.2957820892334,-19.749231338500977
scan48,36,3,large_disparity,2409,26.51099967956543,8.69300365447998,-17.81799602508545
scan48,36,3,occluded_any,1613,27.340269088745117,13.239548683166504,-14.100720405578613
scan48,36,3,occluded_majority,200,63.0130500793457,46.2270393371582,-16.7860107421875
scan48,36,3,large_disp_and_occluded,696,50.34840774536133,17.36949348449707,-32.97891426086426
scan48,36,3,boundary_and_occluded,697,45.79951477050781,26.084245681762695,-19.715269088745117
scan48,37,3,full,11964,10.501471519470215,4.672351837158203,-5.829119682312012
scan48,37,3,boundary,1197,55.26960754394531,27.043935775756836,-28.225671768188477
scan48,37,3,large_disparity,2393,40.8375358581543,11.3501558303833,-29.487380027770996
scan48,37,3,occluded_any,1793,30.364944458007812,15.216465950012207,-15.148478507995605
scan48,37,3,occluded_majority,562,32.67167282104492,24.74038314819336,-7.9312896728515625
scan48,37,3,large_disp_and_occluded,656,67.47530364990234,24.70804214477539,-42.76726150512695
scan48,37,3,boundary_and_occluded,648,57.953548431396484,34.190982818603516,-23.76256561279297
scan48,38,3,full,8222,13.559978485107422,8.405659675598145,-5.154318809509277
scan48,38,3,boundary,823,42.41002655029297,36.168704986572266,-6.241321563720703
scan48,38,3,large_disparity,1645,39.33655548095703,21.86264419555664,-17.47391128540039
scan48,38,3,occluded_any,245,64.47356414794922,53.738807678222656,-10.734756469726562
scan48,38,3,occluded_majority,152,90.4453353881836,65.82069396972656,-24.62464141845703
scan48,38,3,large_disp_and_occluded,105,132.46209716796875,90.16647338867188,-42.295623779296875
scan48,38,3,boundary_and_occluded,183,64.6205062866211,61.228084564208984,-3.3924217224121094
scan48,39,3,full,9191,9.067529678344727,4.795343399047852,-4.272186279296875
scan48,39,3,boundary,920,54.38381576538086,28.02145004272461,-26.36236572265625
scan48,39,3,large_disparity,1839,34.47480010986328,14.142565727233887,-20.332234382629395
scan48,39,3,occluded_any,1166,33.72593307495117,16.68120765686035,-17.04472541809082
scan48,39,3,occluded_majority,207,83.63063049316406,56.38630294799805,-27.244327545166016
scan48,39,3,large_disp_and_occluded,527,64.96376037597656,27.52271270751953,-37.44104766845703
scan48,39,3,boundary_and_occluded,420,71.28372192382812,41.11331558227539,-30.170406341552734
scan48,40,3,full,9452,6.9960126876831055,4.388272762298584,-2.6077399253845215
scan48,40,3,boundary,946,44.065513610839844,24.691728591918945,-19.3737850189209
scan48,40,3,large_disparity,1891,24.85789680480957,14.030277252197266,-10.827619552612305
scan48,40,3,occluded_any,940,32.98920440673828,19.191102981567383,-13.798101425170898
scan48,40,3,occluded_majority,270,74.22064208984375,36.43218231201172,-37.78845977783203
scan48,40,3,large_disp_and_occluded,799,34.90714645385742,19.358240127563477,-15.548906326293945
scan48,40,3,boundary_and_occluded,421,62.16503143310547,36.0247917175293,-26.140239715576172
scan48,41,3,full,9501,6.906889915466309,6.390281677246094,-0.5166082382202148
scan48,41,3,boundary,951,48.365787506103516,46.23749542236328,-2.1282920837402344
scan48,41,3,large_disparity,1901,27.013044357299805,27.06967544555664,0.05663108825683594
scan48,41,3,occluded_any,740,50.232391357421875,48.00642395019531,-2.2259674072265625
scan48,41,3,occluded_majority,385,78.52872467041016,75.36314392089844,-3.1655807495117188
scan48,41,3,large_disp_and_occluded,594,58.265689849853516,56.17140197753906,-2.094287872314453
scan48,41,3,boundary_and_occluded,436,79.95347595214844,76.98577117919922,-2.9677047729492188
scan48,42,3,full,9764,9.022102355957031,7.896803855895996,-1.1252985000610352
scan48,42,3,boundary,977,63.85554122924805,59.156471252441406,-4.699069976806641
scan48,42,3,large_disparity,1953,37.813724517822266,34.908050537109375,-2.9056739807128906
scan48,42,3,occluded_any,614,83.14677429199219,79.52590942382812,-3.6208648681640625
scan48,42,3,occluded_majority,271,160.08505249023438,154.53500366210938,-5.550048828125
scan48,42,3,large_disp_and_occluded,579,88.07221984863281,84.24186706542969,-3.830352783203125
scan48,42,3,boundary_and_occluded,439,111.59325408935547,107.04188537597656,-4.551368713378906
scan48,43,3,full,10419,8.945903778076172,7.640544891357422,-1.30535888671875
scan48,43,3,boundary,1042,56.701255798339844,56.40849304199219,-0.29276275634765625
scan48,43,3,large_disparity,2084,36.44873046875,31.484960556030273,-4.963769912719727
scan48,43,3,occluded_any,657,69.54834747314453,75.46849060058594,5.920143127441406
scan48,43,3,occluded_majority,339,108.80225372314453,125.8569564819336,17.054702758789062
scan48,43,3,large_disp_and_occluded,533,83.01237487792969,90.7970962524414,7.784721374511719
scan48,43,3,boundary_and_occluded,494,90.79037475585938,98.51658630371094,7.7262115478515625
scan48,44,3,full,10678,7.944448471069336,6.997280597686768,-0.9471678733825684
scan48,44,3,boundary,1068,53.965606689453125,51.7764892578125,-2.189117431640625
scan48,44,3,large_disparity,2136,31.183944702148438,27.711132049560547,-3.4728126525878906
scan48,44,3,occluded_any,441,94.56954956054688,100.55426788330078,5.984718322753906
scan48,44,3,occluded_majority,224,163.4241943359375,178.75697326660156,15.332778930664062
scan48,44,3,large_disp_and_occluded,396,104.0706558227539,111.25406646728516,7.18341064453125
scan48,44,3,boundary_and_occluded,380,109.30341339111328,116.21511840820312,6.911705017089844
scan48,45,3,full,10742,7.914461135864258,6.040464878082275,-1.8739962577819824
scan48,45,3,boundary,1075,51.45806121826172,41.30821990966797,-10.14984130859375
scan48,45,3,large_disparity,2149,30.289691925048828,21.935136795043945,-8.354555130004883
scan48,45,3,occluded_any,539,79.50982666015625,69.48160552978516,-10.028221130371094
scan48,45,3,occluded_majority,276,135.9362030029297,121.77667999267578,-14.159523010253906
scan48,45,3,large_disp_and_occluded,436,95.72285461425781,83.69593048095703,-12.026924133300781
scan48,45,3,boundary_and_occluded,435,96.90898132324219,84.71357727050781,-12.195404052734375
scan48,46,3,full,10202,5.72126579284668,3.9134790897369385,-1.8077867031097412
scan48,46,3,boundary,1021,27.760107040405273,19.244298934936523,-8.51580810546875
scan48,46,3,large_disparity,2041,18.109365463256836,12.551916122436523,-5.5574493408203125
scan48,46,3,occluded_any,651,27.907066345214844,23.142654418945312,-4.764411926269531
scan48,46,3,occluded_majority,253,61.779823303222656,50.74262237548828,-11.037200927734375
scan48,46,3,large_disp_and_occluded,573,29.894060134887695,24.709009170532227,-5.185050964355469
scan48,46,3,boundary_and_occluded,359,39.94913101196289,32.433570861816406,-7.515560150146484
scan48,47,3,full,9763,8.1891508102417,4.290853977203369,-3.89829683303833
scan48,47,3,boundary,977,28.965087890625,21.063644409179688,-7.9014434814453125
scan48,47,3,large_disparity,1953,26.831958770751953,12.893052101135254,-13.9389066696167
scan48,47,3,occluded_any,900,29.64450454711914,13.352187156677246,-16.292317390441895
scan48,47,3,occluded_majority,224,61.65408706665039,30.963741302490234,-30.690345764160156
scan48,47,3,large_disp_and_occluded,473,52.67685317993164,21.64781379699707,-31.02903938293457
scan48,47,3,boundary_and_occluded,338,47.40219497680664,28.599695205688477,-18.802499771118164
scan48,48,3,full,9241,8.132746696472168,5.860018253326416,-2.272728443145752
scan48,48,3,boundary,925,30.32877540588379,23.15761947631836,-7.17115592956543
scan48,48,3,large_disparity,1849,20.91010093688965,13.467816352844238,-7.44228458404541
scan48,48,3,occluded_any,385,41.34840774536133,35.54578399658203,-5.802623748779297
scan48,48,3,occluded_majority,139,56.20487976074219,51.73867416381836,-4.466205596923828
scan48,48,3,large_disp_and_occluded,220,67.52198028564453,53.857112884521484,-13.664867401123047
scan48,48,3,boundary_and_occluded,330,44.05134963989258,38.170509338378906,-5.880840301513672
scan49,0,3,full,16906,14.310181617736816,16.245336532592773,1.935154914855957
scan49,0,3,boundary,1691,53.251773834228516,55.09916305541992,1.8473892211914062
scan49,0,3,large_disparity,3382,37.4113655090332,39.712615966796875,2.301250457763672
scan49,0,3,occluded_any,2023,70.10598754882812,76.52288055419922,6.416893005371094
scan49,0,3,occluded_majority,1258,100.7598876953125,111.23001861572266,10.470130920410156
scan49,0,3,large_disp_and_occluded,464,254.33778381347656,276.08135986328125,21.743576049804688
scan49,0,3,boundary_and_occluded,760,78.59889221191406,81.82425689697266,3.2253646850585938
scan49,1,3,full,17452,8.311999320983887,11.084773063659668,2.7727737426757812
scan49,1,3,boundary,1746,41.383968353271484,42.80178451538086,1.417816162109375
scan49,1,3,large_disparity,3491,24.330799102783203,32.83836364746094,8.507564544677734
scan49,1,3,occluded_any,3304,29.375761032104492,34.8898811340332,5.514120101928711
scan49,1,3,occluded_majority,1556,46.07213592529297,60.44578552246094,14.373649597167969
scan49,1,3,large_disp_and_occluded,1119,56.47884750366211,77.43428039550781,20.955432891845703
scan49,1,3,boundary_and_occluded,997,55.56721496582031,51.559837341308594,-4.007377624511719
scan49,2,3,full,17998,12.295685768127441,9.593931198120117,-2.701754570007324
scan49,2,3,boundary,1800,43.24268341064453,44.24846267700195,1.0057792663574219
scan49,2,3,large_disparity,3600,30.277862548828125,17.992172241210938,-12.285690307617188
scan49,2,3,occluded_any,2450,47.90752410888672,40.475704193115234,-7.431819915771484
scan49,2,3,occluded_majority,1437,71.70249938964844,52.126136779785156,-19.57636260986328
scan49,2,3,large_disp_and_occluded,868,93.28058624267578,61.66472244262695,-31.615863800048828
scan49,2,3,boundary_and_occluded,791,54.24070739746094,59.88275909423828,5.642051696777344
scan49,3,3,full,17486,9.115337371826172,9.625757217407227,0.5104198455810547
scan49,3,3,boundary,1749,37.80475997924805,40.2559928894043,2.45123291015625
scan49,3,3,large_disparity,3498,6.319258689880371,6.776877403259277,0.45761871337890625
scan49,3,3,occluded_any,3405,22.079391479492188,27.161911010742188,5.08251953125
scan49,3,3,occluded_majority,1277,44.1595458984375,57.50506591796875,13.34552001953125
scan49,3,3,large_disp_and_occluded,631,31.877853393554688,33.2025032043457,1.3246498107910156
scan49,3,3,boundary_and_occluded,1017,40.86616516113281,46.65616226196289,5.789997100830078
scan49,4,3,full,15758,30.739084243774414,26.733884811401367,-4.005199432373047
scan49,4,3,boundary,1576,80.92315673828125,76.55269622802734,-4.370460510253906
scan49,4,3,large_disparity,3152,17.343555450439453,6.734864711761475,-10.608690738677979
scan49,4,3,occluded_any,2673,94.94622039794922,88.74275970458984,-6.203460693359375
scan49,4,3,occluded_majority,2183,95.2894515991211,93.98426818847656,-1.3051834106445312
scan49,4,3,large_disp_and_occluded,442,38.07938766479492,35.152034759521484,-2.9273529052734375
scan49,4,3,boundary_and_occluded,880,88.81893920898438,86.6482925415039,-2.1706466674804688
scan49,5,3,full,16575,34.52159881591797,30.812040328979492,-3.7095584869384766
scan49,5,3,boundary,1658,91.00244903564453,83.7801742553711,-7.2222747802734375
scan49,5,3,large_disparity,3315,56.563873291015625,48.98400115966797,-7.579872131347656
scan49,5,3,occluded_any,2732,178.92686462402344,152.86898803710938,-26.057876586914062
scan49,5,3,occluded_majority,2127,206.29428100585938,174.62400817871094,-31.670272827148438
scan49,5,3,large_disp_and_occluded,579,306.8678894042969,270.8594665527344,-36.0084228515625
scan49,5,3,boundary_and_occluded,969,133.2449188232422,119.64584350585938,-13.599075317382812
scan49,6,3,full,18319,16.022857666015625,15.539741516113281,-0.48311614990234375
scan49,6,3,boundary,1832,59.48443603515625,59.134788513183594,-0.34964752197265625
scan49,6,3,large_disparity,3664,44.22869110107422,41.01940155029297,-3.20928955078125
scan49,6,3,occluded_any,3615,60.00204086303711,57.47274398803711,-2.529296875
scan49,6,3,occluded_majority,1994,96.26338958740234,90.90422821044922,-5.359161376953125
scan49,6,3,large_disp_and_occluded,1088,138.29434204101562,131.02792358398438,-7.26641845703125
scan49,6,3,boundary_and_occluded,1112,80.93255615234375,79.2275390625,-1.70501708984375
scan49,7,3,full,18168,10.154194831848145,9.879858016967773,-0.2743368148803711
scan49,7,3,boundary,1817,42.568023681640625,39.4498405456543,-3.118183135986328
scan49,7,3,large_disparity,3634,9.887903213500977,8.366515159606934,-1.521388053894043
scan49,7,3,occluded_any,2833,31.224212646484375,27.456172943115234,-3.7680397033691406
scan49,7,3,occluded_majority,828,60.959938049316406,53.759849548339844,-7.2000885009765625
scan49,7,3,large_disp_and_occluded,852,30.247501373291016,28.25290870666504,-1.9945926666259766
scan49,7,3,boundary_and_occluded,938,60.043819427490234,51.27775573730469,-8.766063690185547
scan49,8,3,full,18113,8.047540664672852,6.4889678955078125,-1.558572769165039
scan49,8,3,boundary,1812,41.94084167480469,40.42572021484375,-1.5151214599609375
scan49,8,3,large_disparity,3623,22.61600112915039,15.349523544311523,-7.266477584838867
scan49,8,3,occluded_any,2821,36.24799346923828,29.81739044189453,-6.43060302734375
scan49,8,3,occluded_majority,1300,65.7706069946289,52.53508377075195,-13.235523223876953
scan49,8,3,large_disp_and_occluded,990,69.2960205078125,51.7061767578125,-17.58984375
scan49,8,3,boundary_and_occluded,1013,62.345523834228516,60.28343963623047,-2.062084197998047
scan49,9,3,full,18232,12.914971351623535,13.523760795593262,0.6087894439697266
scan49,9,3,boundary,1824,55.70343780517578,57.42271423339844,1.7192764282226562
scan49,9,3,large_disparity,3647,48.13079833984375,49.14226150512695,1.0114631652832031
scan49,9,3,occluded_any,3166,61.528926849365234,63.76537322998047,2.2364463806152344
scan49,9,3,occluded_majority,1630,105.5235824584961,107.3148193359375,1.7912368774414062
scan49,9,3,large_disp_and_occluded,1226,135.30337524414062,138.21046447753906,2.9070892333984375
scan49,9,3,boundary_and_occluded,1087,79.97077178955078,81.08964538574219,1.1188735961914062
scan49,10,3,full,17921,9.699715614318848,11.830663681030273,2.130948066711426
scan49,10,3,boundary,1793,42.88923645019531,44.87961959838867,1.9903831481933594
scan49,10,3,large_disparity,3585,28.194507598876953,35.491310119628906,7.296802520751953
scan49,10,3,occluded_any,2829,34.80276870727539,41.4468879699707,6.6441192626953125
scan49,10,3,occluded_majority,1583,47.18089294433594,53.40150833129883,6.220615386962891
scan49,10,3,large_disp_and_occluded,735,97.07603454589844,114.03103637695312,16.955001831054688
scan49,10,3,boundary_and_occluded,1016,55.68693923950195,57.79938507080078,2.112445831298828
scan49,11,3,full,17361,10.23523998260498,8.962132453918457,-1.2731075286865234
scan49,11,3,boundary,1737,45.953880310058594,44.462894439697266,-1.4909858703613281
scan49,11,3,large_disparity,3473,24.5832462310791,20.645456314086914,-3.9377899169921875
scan49,11,3,occluded_any,1826,36.72678756713867,35.173709869384766,-1.5530776977539062
scan49,11,3,occluded_majority,1092,37.980167388916016,36.95234680175781,-1.0278205871582031
scan49,11,3,large_disp_and_occluded,198,142.45733642578125,164.80126953125,22.34393310546875
scan49,11,3,boundary_and_occluded,830,54.08955764770508,54.46969223022461,0.38013458251953125
scan49,12,3,full,17688,8.116263389587402,10.312621116638184,2.1963577270507812
scan49,12,3,boundary,1769,40.79011917114258,43.47345733642578,2.683338165283203
scan49,12,3,large_disparity,3538,23.57929039001465,35.45222091674805,11.872930526733398
scan49,12,3,occluded_any,3282,33.58074951171875,45.93159103393555,12.350841522216797
scan49,12,3,occluded_majority,1928,47.31373596191406,66.18151092529297,18.867774963378906
scan49,12,3,large_disp_and_occluded,1287,59.12567901611328,93.39196014404297,34.26628112792969
scan49,12,3,boundary_and_occluded,1100,59.22911071777344,64.00199127197266,4.772880554199219
scan49,13,3,full,18084,9.859566688537598,8.68972396850586,-1.1698427200317383
scan49,13,3,boundary,1809,48.27105712890625,44.0653076171875,-4.20574951171875
scan49,13,3,large_disparity,3617,33.00899887084961,27.880807876586914,-5.128190994262695
scan49,13,3,occluded_any,3092,44.48750686645508,40.139427185058594,-4.348079681396484
scan49,13,3,occluded_majority,1397,63.79122543334961,65.69625854492188,1.9050331115722656
scan49,13,3,large_disp_and_occluded,1188,86.42799377441406,77.92012786865234,-8.507865905761719
scan49,13,3,boundary_and_occluded,1163,64.4604721069336,58.449981689453125,-6.010490417480469
scan49,14,3,full,18300,11.607438087463379,9.580618858337402,-2.0268192291259766
scan49,14,3,boundary,1830,56.91949462890625,49.926116943359375,-6.993377685546875
scan49,14,3,large_disparity,3660,36.186988830566406,26.877111434936523,-9.309877395629883
scan49,14,3,occluded_any,2746,58.32875061035156,46.707725524902344,-11.621025085449219
scan49,14,3,occluded_majority,1412,88.54972076416016,70.9289779663086,-17.620742797851562
scan49,14,3,large_disp_and_occluded,1236,95.04388427734375,69.64725494384766,-25.396629333496094
scan49,14,3,boundary_and_occluded,1098,77.90666198730469,67.56707000732422,-10.339591979980469
scan49,15,3,full,18328,10.158703804016113,7.415968894958496,-2.742734909057617
scan49,15,3,boundary,1833,40.198001861572266,38.88615036010742,-1.3118515014648438
scan49,15,3,large_disparity,3666,27.18111228942871,12.690387725830078,-14.490724563598633
scan49,15,3,occluded_any,3655,37.873470306396484,26.787555694580078,-11.085914611816406
scan49,15,3,occluded_majority,1862,58.569549560546875,41.5952033996582,-16.974346160888672
scan49,15,3,large_disp_and_occluded,1709,50.223262786865234,24.085338592529297,-26.137924194335938
scan49,15,3,boundary_and_occluded,1161,54.411319732666016,52.95828628540039,-1.453033447265625
scan49,16,3,full,18256,10.710103034973145,7.0974507331848145,-3.61265230178833
scan49,16,3,boundary,1826,37.35721969604492,34.63818359375,-2.719036102294922
scan49,16,3,large_disparity,3652,26.896770477294922,7.087923049926758,-19.808847427368164
scan49,16,3,occluded_any,3592,33.560890197753906,22.618457794189453,-10.942432403564453
scan49,16,3,occluded_majority,1825,53.97928237915039,35.71298599243164,-18.26629638671875
scan49,16,3,large_disp_and_occluded,1247,48.82241439819336,16.66375160217285,-32.15866279602051
scan49,16,3,boundary_and_occluded,1180,49.22233963012695,44.17204284667969,-5.050296783447266
scan49,17,3,full,18320,18.293474197387695,13.312407493591309,-4.981066703796387
scan49,17,3,boundary,1832,62.925514221191406,60.928993225097656,-1.99652099609375
scan49,17,3,large_disparity,3664,66.88130187988281,39.563575744628906,-27.317726135253906
scan49,17,3,occluded_any,3831,55.89558792114258,48.4277458190918,-7.467842102050781
scan49,17,3,occluded_majority,1872,88.82635498046875,88.9883041381836,0.16194915771484375
scan49,17,3,large_disp_and_occluded,1261,134.7689666748047,107.07029724121094,-27.69866943359375
scan49,17,3,boundary_and_occluded,1172,85.83621215820312,86.19072723388672,0.35451507568359375
scan49,18,3,full,18434,36.01245880126953,28.87368392944336,-7.138774871826172
scan49,18,3,boundary,1844,76.13350677490234,73.55654907226562,-2.5769577026367188
scan49,18,3,large_disparity,3687,145.29855346679688,103.97869110107422,-41.319862365722656
scan49,18,3,occluded_any,3423,137.47007751464844,131.0421142578125,-6.4279632568359375
scan49,18,3,occluded_majority,1720,232.49981689453125,237.41493225097656,4.9151153564453125
scan49,18,3,large_disp_and_occluded,1516,266.15411376953125,245.58316040039062,-20.570953369140625
scan49,18,3,boundary_and_occluded,1131,112.53910064697266,107.82305145263672,-4.7160491943359375
scan49,19,3,full,14200,41.27289581298828,30.16229248046875,-11.110603332519531
scan49,19,3,boundary,1420,80.61614990234375,73.46881103515625,-7.1473388671875
scan49,19,3,large_disparity,2840,151.8585205078125,97.31204986572266,-54.546470642089844
scan49,19,3,occluded_any,1701,204.306396484375,185.01548767089844,-19.290908813476562
scan49,19,3,occluded_majority,1345,248.670166015625,226.258056640625,-22.412109375
scan49,19,3,large_disp_and_occluded,673,400.078369140625,355.1629943847656,-44.915374755859375
scan49,19,3,boundary_and_occluded,710,129.41114807128906,120.31369018554688,-9.097457885742188
scan49,20,3,full,15980,20.21781349182129,11.906208992004395,-8.311604499816895
scan49,20,3,boundary,1598,51.722496032714844,48.75043487548828,-2.9720611572265625
scan49,20,3,large_disparity,3196,68.76065826416016,23.242900848388672,-45.517757415771484
scan49,20,3,occluded_any,2308,52.512855529785156,44.137577056884766,-8.37527847290039
scan49,20,3,occluded_majority,1336,73.72199249267578,59.214073181152344,-14.507919311523438
scan49,20,3,large_disp_and_occluded,504,157.3983154296875,108.17137145996094,-49.22694396972656
scan49,20,3,boundary_and_occluded,1048,67.54421997070312,63.10171127319336,-4.442508697509766
scan49,21,3,full,16650,16.30405616760254,8.790021896362305,-7.514034271240234
scan49,21,3,boundary,1665,44.8562126159668,37.193695068359375,-7.662517547607422
scan49,21,3,large_disparity,3330,47.58344650268555,11.909724235534668,-35.67372226715088
scan49,21,3,occluded_any,3218,39.88433837890625,23.474828720092773,-16.409509658813477
scan49,21,3,occluded_majority,1821,53.73019790649414,34.56370162963867,-19.16649627685547
scan49,21,3,large_disp_and_occluded,978,78.05890655517578,33.01154708862305,-45.047359466552734
scan49,21,3,boundary_and_occluded,1121,57.08575439453125,45.37785720825195,-11.707897186279297
scan49,22,3,full,17119,13.990884780883789,8.405841827392578,-5.585042953491211
scan49,22,3,boundary,1712,40.39524841308594,35.87207794189453,-4.523170471191406
scan49,22,3,large_disparity,3424,38.14650344848633,10.791655540466309,-27.35484790802002
scan49,22,3,occluded_any,2530,47.430763244628906,35.18296432495117,-12.247798919677734
scan49,22,3,occluded_majority,1215,69.37068176269531,58.067806243896484,-11.302875518798828
scan49,22,3,large_disp_and_occluded,744,76.77001953125,37.6054573059082,-39.1645622253418
scan49,22,3,boundary_and_occluded,1034,55.9110107421875,50.277748107910156,-5.633262634277344
scan49,23,3,full,17686,17.50910186767578,9.959867477416992,-7.549234390258789
scan49,23,3,boundary,1769,48.910675048828125,37.508995056152344,-11.401679992675781
scan49,23,3,large_disparity,3538,54.76963424682617,18.665510177612305,-36.10412406921387
scan49,23,3,occluded_any,3440,67.54173278808594,38.73357391357422,-28.80815887451172
scan49,23,3,occluded_majority,1542,103.02995300292969,61.130714416503906,-41.89923858642578
scan49,23,3,large_disp_and_occluded,1450,107.61954498291016,41.2115592956543,-66.40798568725586
scan49,23,3,boundary_and_occluded,1164,63.99537658691406,49.307743072509766,-14.687633514404297
scan49,24,3,full,18010,17.03441047668457,13.484353065490723,-3.5500574111938477
scan49,24,3,boundary,1801,48.0029296875,46.53963088989258,-1.4632987976074219
scan49,24,3,large_disparity,3602,58.13054275512695,40.45307159423828,-17.677471160888672
scan49,24,3,occluded_any,3781,63.59375762939453,51.201385498046875,-12.392372131347656
scan49,24,3,occluded_majority,1513,104.77903747558594,91.25785827636719,-13.52117919921875
scan49,24,3,large_disp_and_occluded,1535,114.52062225341797,83.13379669189453,-31.386825561523438
scan49,24,3,boundary_and_occluded,1229,59.92857360839844,59.437767028808594,-0.49080657958984375
scan49,25,3,full,17814,11.181292533874512,13.994710922241211,2.813418388366699
scan49,25,3,boundary,1782,47.642677307128906,48.89365768432617,1.2509803771972656
scan49,25,3,large_disparity,3563,30.671918869018555,46.04238510131836,15.370466232299805
scan49,25,3,occluded_any,3441,45.32755661010742,56.149757385253906,10.822200775146484
scan49,25,3,occluded_majority,1424,77.50556182861328,91.92467498779297,14.419113159179688
scan49,25,3,large_disp_and_occluded,1430,66.39813995361328,94.20380401611328,27.8056640625
scan49,25,3,boundary_and_occluded,1142,63.95561599731445,64.34286499023438,0.3872489929199219
scan49,26,3,full,17456,10.662553787231445,12.856828689575195,2.19427490234375
scan49,26,3,boundary,1746,44.09627914428711,42.735107421875,-1.3611717224121094
scan49,26,3,large_disparity,3492,29.364587783813477,41.5839958190918,12.21940803527832
scan49,26,3,occluded_any,3099,44.71867370605469,53.984928131103516,9.266254425048828
scan49,26,3,occluded_majority,1650,58.79216766357422,69.40515899658203,10.612991333007812
scan49,26,3,large_disp_and_occluded,1195,72.75486755371094,102.01500701904297,29.26013946533203
scan49,26,3,boundary_and_occluded,1077,63.169830322265625,61.891944885253906,-1.2778854370117188
scan49,27,3,full,17172,11.636114120483398,14.559337615966797,2.9232234954833984
scan49,27,3,boundary,1718,40.4047966003418,43.29816818237305,2.89337158203125
scan49,27,3,large_disparity,3435,30.340721130371094,44.49369812011719,14.152976989746094
scan49,27,3,occluded_any,2978,48.354129791259766,62.522613525390625,14.16848373413086
scan49,27,3,occluded_majority,1437,65.69127655029297,87.60238647460938,21.911109924316406
scan49,27,3,large_disp_and_occluded,967,84.25011444091797,130.28599548339844,46.03588104248047
scan49,27,3,boundary_and_occluded,1015,61.027462005615234,66.71807861328125,5.690616607666016
scan49,28,3,full,15055,11.79624080657959,10.246732711791992,-1.5495080947875977
scan49,28,3,boundary,1506,41.321533203125,32.378116607666016,-8.943416595458984
scan49,28,3,large_disparity,3011,19.111316680908203,12.146086692810059,-6.9652299880981445
scan49,28,3,occluded_any,1539,50.073612213134766,45.97134017944336,-4.102272033691406
scan49,28,3,occluded_majority,1195,59.05583953857422,54.93742752075195,-4.118412017822266
scan49,28,3,large_disp_and_occluded,145,113.76497650146484,86.98147583007812,-26.78350067138672
scan49,28,3,boundary_and_occluded,652,53.631195068359375,46.481563568115234,-7.149631500244141
scan49,29,3,full,15631,9.992143630981445,8.662922859191895,-1.3292207717895508
scan49,29,3,boundary,1564,38.73124694824219,34.681983947753906,-4.049263000488281
scan49,29,3,large_disparity,3127,29.987462997436523,23.89142608642578,-6.096036911010742
scan49,29,3,occluded_any,2467,40.53844451904297,37.543785095214844,-2.994659423828125
scan49,29,3,occluded_majority,992,56.92632293701172,57.129180908203125,0.20285797119140625
scan49,29,3,large_disp_and_occluded,995,67.12407684326172,61.908897399902344,-5.215179443359375
scan49,29,3,boundary_and_occluded,916,52.56287384033203,51.86880874633789,-0.6940650939941406
scan49,30,3,full,15857,8.38973331451416,8.392279624938965,0.0025463104248046875
scan49,30,3,boundary,1586,32.810916900634766,32.898414611816406,0.08749771118164062
scan49,30,3,large_disparity,3172,23.389062881469727,22.01578712463379,-1.3732757568359375
scan49,30,3,occluded_any,2648,36.617130279541016,37.123435974121094,0.5063056945800781
scan49,30,3,occluded_majority,1151,51.61724853515625,52.4492073059082,0.8319587707519531
scan49,30,3,large_disp_and_occluded,1128,51.20989990234375,51.68649673461914,0.4765968322753906
scan49,30,3,boundary_and_occluded,935,49.729652404785156,50.45539855957031,0.7257461547851562
scan49,31,3,full,16007,9.50228214263916,8.333014488220215,-1.1692676544189453
scan49,31,3,boundary,1601,41.98869323730469,38.36332702636719,-3.6253662109375
scan49,31,3,large_disparity,3202,21.00817108154297,15.851899147033691,-5.156271934509277
scan49,31,3,occluded_any,2887,38.78186798095703,35.57012939453125,-3.2117385864257812
scan49,31,3,occluded_majority,1228,54.588470458984375,50.03673553466797,-4.551734924316406
scan49,31,3,large_disp_and_occluded,1081,45.73543930053711,40.0599250793457,-5.675514221191406
scan49,31,3,boundary_and_occluded,1061,56.527530670166016,52.158599853515625,-4.368930816650391
scan49,32,3,full,16013,10.272092819213867,9.106155395507812,-1.1659374237060547
scan49,32,3,boundary,1602,44.38139724731445,41.24695587158203,-3.134441375732422
scan49,32,3,large_disparity,3203,19.9008731842041,15.224349021911621,-4.6765241622924805
scan49,32,3,occluded_any,3152,38.433528900146484,34.294456481933594,-4.139072418212891
scan49,32,3,occluded_majority,1342,52.6290168762207,48.84419250488281,-3.7848243713378906
scan49,32,3,large_disp_and_occluded,783,57.609413146972656,44.261253356933594,-13.348159790039062
scan49,32,3,boundary_and_occluded,1098,57.76243209838867,53.57530212402344,-4.187129974365234
scan49,33,3,full,15788,12.24371337890625,7.940108776092529,-4.303604602813721
scan49,33,3,boundary,1579,45.48149490356445,35.98289489746094,-9.498600006103516
scan49,33,3,large_disparity,3158,25.35207748413086,5.448483943939209,-19.90359354019165
scan49,33,3,occluded_any,3081,43.97889709472656,31.127988815307617,-12.850908279418945
scan49,33,3,occluded_majority,1580,52.516845703125,44.35991287231445,-8.156932830810547
scan49,33,3,large_disp_and_occluded,931,53.34850311279297,13.58411693572998,-39.76438617706299
scan49,33,3,boundary_and_occluded,1135,56.23467254638672,44.41250228881836,-11.82217025756836
scan49,34,3,full,15302,14.606822967529297,8.79292106628418,-5.813901901245117
scan49,34,3,boundary,1531,44.333641052246094,34.87665939331055,-9.456981658935547
scan49,34,3,large_disparity,3061,36.090484619140625,9.84428596496582,-26.246198654174805
scan49,34,3,occluded_any,2993,47.61058044433594,32.34030532836914,-15.270275115966797
scan49,34,3,occluded_majority,1533,59.625701904296875,44.72587585449219,-14.899826049804688
scan49,34,3,large_disp_and_occluded,941,71.41056823730469,26.977550506591797,-44.43301773071289
scan49,34,3,boundary_and_occluded,1094,55.55097579956055,44.05117416381836,-11.499801635742188
scan49,35,3,full,14899,16.78936767578125,10.126311302185059,-6.663056373596191
scan49,35,3,boundary,1490,47.969459533691406,38.61040115356445,-9.359058380126953
scan49,35,3,large_disparity,2980,41.920982360839844,11.675000190734863,-30.24598217010498
scan49,35,3,occluded_any,3037,44.83524703979492,29.95448875427246,-14.880758285522461
scan49,35,3,occluded_majority,1167,59.096134185791016,47.456573486328125,-11.63956069946289
scan49,35,3,large_disp_and_occluded,907,73.15399169921875,29.961591720581055,-43.192399978637695
scan49,35,3,boundary_and_occluded,1036,57.04730987548828,46.45852279663086,-10.588787078857422
scan49,36,3,full,14247,19.713016510009766,13.066141128540039,-6.646875381469727
scan49,36,3,boundary,1425,55.4967041015625,48.0257453918457,-7.470958709716797
scan49,36,3,large_disparity,2850,49.187164306640625,14.077069282531738,-35.11009502410889
scan49,36,3,occluded_any,3071,48.122779846191406,34.2421875,-13.880592346191406
scan49,36,3,occluded_majority,1080,60.40120315551758,52.21137237548828,-8.189830780029297
scan49,36,3,large_disp_and_occluded,862,80.8386459350586,35.830474853515625,-45.00817108154297
scan49,36,3,boundary_and_occluded,1056,65.2497787475586,55.083984375,-10.165794372558594
scan49,37,3,full,13613,23.625228881835938,15.30376148223877,-8.321467399597168
scan49,37,3,boundary,1362,57.04984664916992,48.330894470214844,-8.718952178955078
scan49,37,3,large_disparity,2723,59.87247085571289,17.353981018066406,-42.518489837646484
scan49,37,3,occluded_any,2662,50.76832580566406,37.53106689453125,-13.237258911132812
scan49,37,3,occluded_majority,1206,73.19849395751953,66.34656524658203,-6.8519287109375
scan49,37,3,large_disp_and_occluded,694,85.3463363647461,39.421241760253906,-45.92509460449219
scan49,37,3,boundary_and_occluded,890,73.31004333496094,60.736083984375,-12.573959350585938
scan49,38,3,full,9789,36.05867385864258,32.22529602050781,-3.8333778381347656
scan49,38,3,boundary,979,108.76355743408203,105.04120635986328,-3.72235107421875
scan49,38,3,large_disparity,1958,99.45161437988281,68.21665954589844,-31.234954833984375
scan49,38,3,occluded_any,1601,114.21605682373047,117.87898254394531,3.6629257202148438
scan49,38,3,occluded_majority,1247,137.79006958007812,142.4105682373047,4.6204986572265625
scan49,38,3,large_disp_and_occluded,374,270.3118591308594,267.2734375,-3.038421630859375
scan49,38,3,boundary_and_occluded,605,142.5738067626953,136.8082733154297,-5.765533447265625
scan49,39,3,full,11147,27.946386337280273,22.25398063659668,-5.692405700683594
scan49,39,3,boundary,1115,93.99237823486328,85.23695373535156,-8.755424499511719
scan49,39,3,large_disparity,2230,97.6446762084961,66.52323913574219,-31.121437072753906
scan49,39,3,occluded_any,2787,73.9501953125,64.8411636352539,-9.109031677246094
scan49,39,3,occluded_majority,1412,105.18299865722656,99.31148529052734,-5.871513366699219
scan49,39,3,large_disp_and_occluded,957,160.64405822753906,136.24180603027344,-24.402252197265625
scan49,39,3,boundary_and_occluded,787,121.1060562133789,110.06529235839844,-11.040763854980469
scan49,40,3,full,11833,20.084320068359375,15.73043441772461,-4.353885650634766
scan49,40,3,boundary,1184,69.3995590209961,62.5345344543457,-6.865024566650391
scan49,40,3,large_disparity,2367,77.2472152709961,53.17906188964844,-24.068153381347656
scan49,40,3,occluded_any,2820,55.77796936035156,47.179195404052734,-8.598773956298828
scan49,40,3,occluded_majority,1327,78.7583236694336,73.16075897216797,-5.597564697265625
scan49,40,3,large_disp_and_occluded,862,140.2216033935547,113.18321990966797,-27.03838348388672
scan49,40,3,boundary_and_occluded,830,87.13591766357422,78.49058532714844,-8.645332336425781
scan49,41,3,full,12484,14.43421745300293,10.304069519042969,-4.130147933959961
scan49,41,3,boundary,1249,49.617855072021484,41.87082290649414,-7.747032165527344
scan49,41,3,large_disparity,2497,57.19235610961914,37.05445098876953,-20.13790512084961
scan49,41,3,occluded_any,2671,46.16576385498047,36.75533676147461,-9.41042709350586
scan49,41,3,occluded_majority,1238,54.68906021118164,50.136234283447266,-4.552825927734375
scan49,41,3,large_disp_and_occluded,926,104.88570404052734,78.65392303466797,-26.231781005859375
scan49,41,3,boundary_and_occluded,856,63.45210266113281,54.511051177978516,-8.941051483154297
scan49,42,3,full,12690,12.483190536499023,8.430523872375488,-4.052666664123535
scan49,42,3,boundary,1269,52.55467987060547,36.601314544677734,-15.953365325927734
scan49,42,3,large_disparity,2538,40.581878662109375,22.486404418945312,-18.095474243164062
scan49,42,3,occluded_any,2424,47.06638717651367,36.4560661315918,-10.610321044921875
scan49,42,3,occluded_majority,1231,54.606380462646484,48.102989196777344,-6.503391265869141
scan49,42,3,large_disp_and_occluded,876,78.4962158203125,54.58919143676758,-23.907024383544922
scan49,42,3,boundary_and_occluded,904,64.52827453613281,46.35467529296875,-18.173599243164062
scan49,43,3,full,13049,10.196560859680176,6.6822686195373535,-3.5142922401428223
scan49,43,3,boundary,1305,46.23784637451172,30.41649627685547,-15.82135009765625
scan49,43,3,large_disparity,2610,41.190452575683594,24.72405242919922,-16.466400146484375
scan49,43,3,occluded_any,2619,35.685630798339844,27.88160514831543,-7.804025650024414
scan49,43,3,occluded_majority,1725,45.18915939331055,35.47083282470703,-9.718326568603516
scan49,43,3,large_disp_and_occluded,1352,58.26558303833008,44.65763854980469,-13.60794448852539
scan49,43,3,boundary_and_occluded,924,54.9086799621582,39.68192672729492,-15.226753234863281
scan49,44,3,full,13383,7.577160835266113,6.333154678344727,-1.2440061569213867
scan49,44,3,boundary,1339,39.53073501586914,30.959035873413086,-8.571699142456055
scan49,44,3,large_disparity,2677,25.4121150970459,18.88189697265625,-6.530218124389648
scan49,44,3,occluded_any,2791,27.437623977661133,23.149255752563477,-4.288368225097656
scan49,44,3,occluded_majority,1765,36.21674346923828,29.94772720336914,-6.269016265869141
scan49,44,3,large_disp_and_occluded,1418,38.068077087402344,29.594120025634766,-8.473957061767578
scan49,44,3,boundary_and_occluded,948,47.28091812133789,38.63833999633789,-8.642578125
scan49,45,3,full,13508,7.481208324432373,7.24550199508667,-0.23570632934570312
scan49,45,3,boundary,1351,41.47362518310547,41.2151985168457,-0.2584266662597656
scan49,45,3,large_disparity,2702,25.515710830688477,24.870107650756836,-0.6456031799316406
scan49,45,3,occluded_any,2346,35.317562103271484,34.40748977661133,-0.9100723266601562
scan49,45,3,occluded_majority,1528,43.33711242675781,42.24654769897461,-1.0905647277832031
scan49,45,3,large_disp_and_occluded,1337,47.167137145996094,46.359493255615234,-0.8076438903808594
scan49,45,3,boundary_and_occluded,892,55.0507698059082,55.66655731201172,0.6157875061035156
scan49,46,3,full,13629,6.665046215057373,6.60122537612915,-0.06382083892822266
scan49,46,3,boundary,1363,32.64555740356445,31.67966651916504,-0.9658908843994141
scan49,46,3,large_disparity,2726,23.535926818847656,23.598608016967773,0.06268119812011719
scan49,46,3,occluded_any,2081,35.970272064208984,36.39859390258789,0.42832183837890625
scan49,46,3,occluded_majority,1209,45.545406341552734,45.864173889160156,0.3187675476074219
scan49,46,3,large_disp_and_occluded,1091,53.23689651489258,55.084136962890625,1.8472404479980469
scan49,46,3,boundary_and_occluded,763,53.084903717041016,51.27335739135742,-1.8115463256835938
scan49,47,3,full,13700,7.9523797035217285,7.544829368591309,-0.4075503349304199
scan49,47,3,boundary,1370,43.430789947509766,39.24502944946289,-4.185760498046875
scan49,47,3,large_disparity,2740,31.49968147277832,30.888774871826172,-0.6109066009521484
scan49,47,3,occluded_any,2001,44.10880661010742,42.43779373168945,-1.6710128784179688
scan49,47,3,occluded_majority,1117,50.51785659790039,49.83607864379883,-0.6817779541015625
scan49,47,3,large_disp_and_occluded,996,76.18848419189453,75.53799438476562,-0.6504898071289062
scan49,47,3,boundary_and_occluded,802,64.49337768554688,60.3648796081543,-4.128498077392578
scan49,48,3,full,13205,12.12664794921875,11.606437683105469,-0.5202102661132812
scan49,48,3,boundary,1321,53.520416259765625,47.87022399902344,-5.6501922607421875
scan49,48,3,large_disparity,2641,54.222679138183594,51.810279846191406,-2.4123992919921875
scan49,48,3,occluded_any,1967,54.79245376586914,55.442649841308594,0.6501960754394531
scan49,48,3,occluded_majority,1153,70.73004150390625,72.30291748046875,1.5728759765625
scan49,48,3,large_disp_and_occluded,1117,90.61863708496094,91.45156860351562,0.8329315185546875
scan49,48,3,boundary_and_occluded,757,77.54640197753906,75.0138168334961,-2.5325851440429688
scan62,0,3,full,19955,2.420799970626831,2.1192777156829834,-0.30152225494384766
scan62,0,3,boundary,1996,11.7273530960083,9.981717109680176,-1.745635986328125
scan62,0,3,large_disparity,3991,3.4787917137145996,3.1214230060577393,-0.35736870765686035
scan62,0,3,occluded_any,548,10.370170593261719,13.30984115600586,2.9396705627441406
scan62,0,3,occluded_majority,365,11.658650398254395,14.3624849319458,2.7038345336914062
scan62,0,3,large_disp_and_occluded,80,28.30169677734375,31.980484008789062,3.6787872314453125
scan62,0,3,boundary_and_occluded,227,17.076967239379883,21.775619506835938,4.698652267456055
scan62,1,3,full,20435,2.552523136138916,1.9411861896514893,-0.6113369464874268
scan62,1,3,boundary,2044,12.439719200134277,9.834152221679688,-2.60556697845459
scan62,1,3,large_disparity,4087,5.463303565979004,4.1607842445373535,-1.3025193214416504
scan62,1,3,occluded_any,1459,8.367919921875,9.902717590332031,1.5347976684570312
scan62,1,3,occluded_majority,527,13.308374404907227,16.762205123901367,3.4538307189941406
scan62,1,3,large_disp_and_occluded,752,8.267912864685059,11.535680770874023,3.267767906188965
scan62,1,3,boundary_and_occluded,634,14.500517845153809,17.065738677978516,2.565220832824707
scan62,2,3,full,20397,2.0651066303253174,1.6910088062286377,-0.3740978240966797
scan62,2,3,boundary,2040,11.163187026977539,8.493175506591797,-2.670011520385742
scan62,2,3,large_disparity,4080,3.175006151199341,2.818577289581299,-0.356428861618042
scan62,2,3,occluded_any,667,13.456290245056152,10.403790473937988,-3.052499771118164
scan62,2,3,occluded_majority,196,13.585982322692871,12.495460510253906,-1.0905218124389648
scan62,2,3,large_disp_and_occluded,342,19.295473098754883,12.624836921691895,-6.670636177062988
scan62,2,3,boundary_and_occluded,430,17.016117095947266,14.502811431884766,-2.5133056640625
scan62,3,3,full,20354,2.1881015300750732,2.562844753265381,0.3747432231903076
scan62,3,3,boundary,2036,13.071281433105469,14.895089149475098,1.823807716369629
scan62,3,3,large_disparity,4071,3.5272409915924072,5.0868425369262695,1.5596015453338623
scan62,3,3,occluded_any,2109,8.97253131866455,11.15047836303711,2.1779470443725586
scan62,3,3,occluded_majority,608,10.649639129638672,20.224807739257812,9.57516860961914
scan62,3,3,large_disp_and_occluded,698,9.624391555786133,17.54096794128418,7.916576385498047
scan62,3,3,boundary_and_occluded,650,24.024560928344727,26.469104766845703,2.4445438385009766
scan62,4,3,full,18212,2.3208487033843994,2.1358909606933594,-0.18495774269104004
scan62,4,3,boundary,1822,10.731473922729492,11.214180946350098,0.48270702362060547
scan62,4,3,large_disparity,3643,1.2160948514938354,1.14551842212677,-0.07057642936706543
scan62,4,3,occluded_any,672,8.641735076904297,8.152814865112305,-0.4889202117919922
scan62,4,3,occluded_majority,258,12.125025749206543,8.9295072555542,-3.1955184936523438
scan62,4,3,large_disp_and_occluded,127,11.394088745117188,8.339949607849121,-3.0541391372680664
scan62,4,3,boundary_and_occluded,324,12.162026405334473,10.219928741455078,-1.9420976638793945
scan62,5,3,full,18447,2.084301233291626,2.010408878326416,-0.07389235496520996
scan62,5,3,boundary,1845,10.644938468933105,10.945033073425293,0.3000946044921875
scan62,5,3,large_disparity,3690,2.510829210281372,1.855651617050171,-0.6551775932312012
scan62,5,3,occluded_any,765,12.198399543762207,12.869548797607422,0.6711492538452148
scan62,5,3,occluded_majority,247,13.455092430114746,12.298686981201172,-1.1564054489135742
scan62,5,3,large_disp_and_occluded,85,6.527826309204102,4.8804931640625,-1.6473331451416016
scan62,5,3,boundary_and_occluded,449,17.44973373413086,18.541593551635742,1.0918598175048828
scan62,6,3,full,20382,2.656418561935425,2.301607608795166,-0.3548109531402588
scan62,6,3,boundary,2039,11.046589851379395,11.387904167175293,0.34131431579589844
scan62,6,3,large_disparity,4077,6.052149772644043,4.010812282562256,-2.041337490081787
scan62,6,3,occluded_any,2362,8.217113494873047,7.8580403327941895,-0.3590731620788574
scan62,6,3,occluded_majority,1103,11.306958198547363,11.546814918518066,0.23985671997070312
scan62,6,3,large_disp_and_occluded,838,11.009405136108398,9.15124797821045,-1.8581571578979492
scan62,6,3,boundary_and_occluded,706,18.9316463470459,20.043624877929688,1.111978530883789
scan62,7,3,full,20229,2.351123332977295,1.7275304794311523,-0.6235928535461426
scan62,7,3,boundary,2023,10.744475364685059,8.719964981079102,-2.024510383605957
scan62,7,3,large_disparity,4046,4.982564926147461,3.0245885848999023,-1.9579763412475586
scan62,7,3,occluded_any,1909,10.57412052154541,7.170377254486084,-3.403743267059326
scan62,7,3,occluded_majority,784,18.125991821289062,9.424922943115234,-8.701068878173828
scan62,7,3,large_disp_and_occluded,888,13.046597480773926,8.313112258911133,-4.733485221862793
scan62,7,3,boundary_and_occluded,676,21.93797492980957,16.493724822998047,-5.444250106811523
scan62,8,3,full,20112,1.6141536235809326,1.7027664184570312,0.08861279487609863
scan62,8,3,boundary,2012,7.4499125480651855,8.054991722106934,0.605079174041748
scan62,8,3,large_disparity,4023,2.822866678237915,3.3797175884246826,0.5568509101867676
scan62,8,3,occluded_any,1364,7.315555572509766,8.18285083770752,0.8672952651977539
scan62,8,3,occluded_majority,547,10.948338508605957,11.775917053222656,0.8275785446166992
scan62,8,3,large_disp_and_occluded,650,8.730813026428223,10.231678009033203,1.5008649826049805
scan62,8,3,boundary_and_occluded,662,12.401089668273926,13.648070335388184,1.2469806671142578
scan62,9,3,full,20099,1.7426167726516724,1.6325352191925049,-0.11008155345916748
scan62,9,3,boundary,2010,8.289426803588867,6.792617321014404,-1.496809482574463
scan62,9,3,large_disparity,4020,3.0562636852264404,2.6998682022094727,-0.3563954830169678
scan62,9,3,occluded_any,1218,8.79814338684082,7.6879096031188965,-1.1102337837219238
scan62,9,3,occluded_majority,451,12.686027526855469,10.364182472229004,-2.321845054626465
scan62,9,3,large_disp_and_occluded,675,8.055294036865234,7.522431373596191,-0.532862663269043
scan62,9,3,boundary_and_occluded,623,13.164628028869629,12.061195373535156,-1.1034326553344727
scan62,10,3,full,20006,1.8479558229446411,2.150879383087158,0.3029235601425171
scan62,10,3,boundary,2001,9.152666091918945,10.086016654968262,0.9333505630493164
scan62,10,3,large_disparity,4002,2.9933855533599854,4.427881717681885,1.4344961643218994
scan62,10,3,occluded_any,1152,11.935089111328125,14.74973201751709,2.814642906188965
scan62,10,3,occluded_majority,547,15.74551010131836,20.335372924804688,4.589862823486328
scan62,10,3,large_disp_and_occluded,454,15.467402458190918,20.426240921020508,4.95883846282959
scan62,10,3,boundary_and_occluded,592,17.96183967590332,21.57759666442871,3.6157569885253906
scan62,11,3,full,18957,3.1611952781677246,2.1941277980804443,-0.9670674800872803
scan62,11,3,boundary,1896,14.511544227600098,10.467618942260742,-4.0439252853393555
scan62,11,3,large_disparity,3792,8.075185775756836,3.7225024700164795,-4.3526833057403564
scan62,11,3,occluded_any,1100,15.424064636230469,14.376585006713867,-1.0474796295166016
scan62,11,3,occluded_majority,592,20.08492088317871,19.06938934326172,-1.0155315399169922
scan62,11,3,large_disp_and_occluded,183,39.49475860595703,36.88449478149414,-2.6102638244628906
scan62,11,3,boundary_and_occluded,536,23.810728073120117,20.49351692199707,-3.317211151123047
scan62,12,3,full,18887,2.4316651821136475,1.9737385511398315,-0.4579266309738159
scan62,12,3,boundary,1889,12.179702758789062,10.008308410644531,-2.1713943481445312
scan62,12,3,large_disparity,3778,6.228055953979492,4.914496421813965,-1.3135595321655273
scan62,12,3,occluded_any,1615,14.356832504272461,11.84716796875,-2.509664535522461
scan62,12,3,occluded_majority,738,23.940784454345703,19.301490783691406,-4.639293670654297
scan62,12,3,large_disp_and_occluded,877,18.123083114624023,13.980274200439453,-4.14280891418457
scan62,12,3,boundary_and_occluded,788,21.449790954589844,17.361024856567383,-4.088766098022461
scan62,13,3,full,18916,2.3162550926208496,1.9006332159042358,-0.41562187671661377
scan62,13,3,boundary,1892,11.255793571472168,9.121867179870605,-2.1339263916015625
scan62,13,3,large_disparity,3784,6.223597049713135,4.559823036193848,-1.663774013519287
scan62,13,3,occluded_any,1410,15.350496292114258,11.671284675598145,-3.6792116165161133
scan62,13,3,occluded_majority,585,22.101430892944336,16.18205451965332,-5.919376373291016
scan62,13,3,large_disp_and_occluded,932,18.373794555664062,13.515337944030762,-4.858456611633301
scan62,13,3,boundary_and_occluded,780,19.12264060974121,15.052971839904785,-4.069668769836426
scan62,14,3,full,19230,1.8674968481063843,1.7512049674987793,-0.11629188060760498
scan62,14,3,boundary,1923,8.50502872467041,8.099595069885254,-0.40543365478515625
scan62,14,3,large_disparity,3846,4.307958602905273,3.731328248977661,-0.5766303539276123
scan62,14,3,occluded_any,1270,11.415694236755371,11.131540298461914,-0.28415393829345703
scan62,14,3,occluded_majority,616,15.951358795166016,14.804969787597656,-1.1463890075683594
scan62,14,3,large_disp_and_occluded,749,14.61717700958252,13.726773262023926,-0.8904037475585938
scan62,14,3,boundary_and_occluded,742,14.871313095092773,14.581587791442871,-0.28972530364990234
scan62,15,3,full,19197,1.9046006202697754,1.77607262134552,-0.12852799892425537
scan62,15,3,boundary,1920,9.445704460144043,9.007987022399902,-0.4377174377441406
scan62,15,3,large_disparity,3840,3.9601898193359375,3.747311592102051,-0.21287822723388672
scan62,15,3,occluded_any,1632,9.059895515441895,9.378327369689941,0.3184318542480469
scan62,15,3,occluded_majority,844,12.207311630249023,12.925006866455078,0.7176952362060547
scan62,15,3,large_disp_and_occluded,877,11.27835464477539,11.926513671875,0.6481590270996094
scan62,15,3,boundary_and_occluded,748,15.534683227539062,15.855924606323242,0.3212413787841797
scan62,16,3,full,19272,3.1097936630249023,2.043203592300415,-1.0665900707244873
scan62,16,3,boundary,1928,14.183396339416504,11.032898902893066,-3.1504974365234375
scan62,16,3,large_disparity,3855,9.7102689743042,4.686464786529541,-5.023804187774658
scan62,16,3,occluded_any,2070,12.481844902038574,9.620165824890137,-2.8616790771484375
scan62,16,3,occluded_majority,827,18.937917709350586,16.277944564819336,-2.65997314453125
scan62,16,3,large_disp_and_occluded,1096,18.28802490234375,11.92930793762207,-6.35871696472168
scan62,16,3,boundary_and_occluded,671,26.78184700012207,22.458166122436523,-4.323680877685547
scan62,17,3,full,19560,6.059175491333008,2.2062411308288574,-3.8529343605041504
scan62,17,3,boundary,1956,17.486408233642578,11.118043899536133,-6.368364334106445
scan62,17,3,large_disparity,3912,23.118061065673828,4.012895584106445,-19.105165481567383
scan62,17,3,occluded_any,2436,16.893693923950195,8.430389404296875,-8.46330451965332
scan62,17,3,occluded_majority,1256,20.28453254699707,11.517245292663574,-8.767287254333496
scan62,17,3,large_disp_and_occluded,936,31.790306091308594,9.727347373962402,-22.06295871734619
scan62,17,3,boundary_and_occluded,776,28.765247344970703,19.687179565429688,-9.078067779541016
scan62,18,3,full,19238,10.306144714355469,2.998615264892578,-7.307529449462891
scan62,18,3,boundary,1924,22.927513122558594,15.535619735717773,-7.39189338684082
scan62,18,3,large_disparity,3848,44.01951599121094,6.967353820800781,-37.052162170410156
scan62,18,3,occluded_any,2170,35.12144088745117,12.97062873840332,-22.15081214904785
scan62,18,3,occluded_majority,782,49.74060821533203,24.391281127929688,-25.349327087402344
scan62,18,3,large_disp_and_occluded,951,68.69378662109375,17.755290985107422,-50.93849563598633
scan62,18,3,boundary_and_occluded,791,40.44696044921875,25.94384002685547,-14.503120422363281
scan62,19,3,full,14402,11.375601768493652,4.470633506774902,-6.90496826171875
scan62,19,3,boundary,1441,36.658424377441406,23.829011917114258,-12.829412460327148
scan62,19,3,large_disparity,2881,50.11702346801758,15.48795223236084,-34.62907123565674
scan62,19,3,occluded_any,585,40.61586380004883,34.1065673828125,-6.509296417236328
scan62,19,3,occluded_majority,169,68.09944152832031,44.954429626464844,-23.14501190185547
scan62,19,3,large_disp_and_occluded,323,62.220680236816406,51.32573699951172,-10.894943237304688
scan62,19,3,boundary_and_occluded,362,49.2005615234375,42.17489242553711,-7.025669097900391
scan62,20,3,full,16231,9.4259614944458,3.404003858566284,-6.021957635879517
scan62,20,3,boundary,1624,29.279705047607422,19.323095321655273,-9.956609725952148
scan62,20,3,large_disparity,3247,36.25888442993164,6.817415714263916,-29.441468715667725
scan62,20,3,occluded_any,1858,24.68475914001465,15.567924499511719,-9.11683464050293
scan62,20,3,occluded_majority,647,34.879634857177734,27.655139923095703,-7.224494934082031
scan62,20,3,large_disp_and_occluded,384,65.31343841552734,25.114484786987305,-40.19895362854004
scan62,20,3,boundary_and_occluded,759,38.496952056884766,30.02842140197754,-8.468530654907227
scan62,21,3,full,16731,6.278981685638428,2.9018685817718506,-3.377113103866577
scan62,21,3,boundary,1674,21.30829429626465,16.83069610595703,-4.477598190307617
scan62,21,3,large_disparity,3347,23.257949829101562,5.753184795379639,-17.504765033721924
scan62,21,3,occluded_any,2375,23.93830108642578,12.592256546020508,-11.346044540405273
scan62,21,3,occluded_majority,1369,28.41154670715332,18.64597511291504,-9.765571594238281
scan62,21,3,large_disp_and_occluded,876,48.90230941772461,16.815710067749023,-32.086599349975586
scan62,21,3,boundary_and_occluded,813,35.80229949951172,28.790319442749023,-7.011980056762695
scan62,22,3,full,17125,2.971534013748169,2.1575262546539307,-0.8140077590942383
scan62,22,3,boundary,1713,14.718446731567383,12.565286636352539,-2.1531600952148438
scan62,22,3,large_disparity,3425,8.778268814086914,4.428061485290527,-4.350207328796387
scan62,22,3,occluded_any,1550,14.190332412719727,13.307496070861816,-0.8828363418579102
scan62,22,3,occluded_majority,668,23.77080535888672,22.647550582885742,-1.1232547760009766
scan62,22,3,large_disp_and_occluded,786,18.613855361938477,14.480809211730957,-4.1330461502075195
scan62,22,3,boundary_and_occluded,791,24.06377410888672,21.341522216796875,-2.7222518920898438
scan62,23,3,full,17462,2.130169630050659,1.9140137434005737,-0.21615588665008545
scan62,23,3,boundary,1747,11.58059024810791,9.892849922180176,-1.6877403259277344
scan62,23,3,large_disparity,3493,5.517695903778076,4.667601585388184,-0.8500943183898926
scan62,23,3,occluded_any,1650,11.106391906738281,10.14978313446045,-0.956608772277832
scan62,23,3,occluded_majority,805,14.263440132141113,13.386017799377441,-0.8774223327636719
scan62,23,3,large_disp_and_occluded,1100,12.785780906677246,11.279318809509277,-1.5064620971679688
scan62,23,3,boundary_and_occluded,751,19.575244903564453,17.173194885253906,-2.402050018310547
scan62,24,3,full,17753,2.624119758605957,2.288489818572998,-0.335629940032959
scan62,24,3,boundary,1776,11.20338249206543,10.303972244262695,-0.8994102478027344
scan62,24,3,large_disparity,3551,8.360654830932617,6.445680618286133,-1.9149742126464844
scan62,24,3,occluded_any,1380,11.863916397094727,10.106131553649902,-1.7577848434448242
scan62,24,3,occluded_majority,729,16.34455680847168,13.646096229553223,-2.698460578918457
scan62,24,3,large_disp_and_occluded,927,14.405274391174316,11.099205017089844,-3.3060693740844727
scan62,24,3,boundary_and_occluded,705,16.082332611083984,13.932210922241211,-2.1501216888427734
scan62,25,3,full,17695,2.57926344871521,2.1102116107940674,-0.4690518379211426
scan62,25,3,boundary,1770,12.364910125732422,9.379536628723145,-2.9853734970092773
scan62,25,3,large_disparity,3539,7.57326078414917,5.180972099304199,-2.3922886848449707
scan62,25,3,occluded_any,1475,15.259023666381836,11.54505443572998,-3.7139692306518555
scan62,25,3,occluded_majority,869,20.529247283935547,15.006014823913574,-5.523232460021973
scan62,25,3,large_disp_and_occluded,948,19.47602653503418,13.965539932250977,-5.510486602783203
scan62,25,3,boundary_and_occluded,832,19.849016189575195,14.150946617126465,-5.6980695724487305
scan62,26,3,full,17266,3.250119924545288,2.2651968002319336,-0.9849231243133545
scan62,26,3,boundary,1727,17.938762664794922,12.097611427307129,-5.841151237487793
scan62,26,3,large_disparity,3454,10.493058204650879,6.581261157989502,-3.911797046661377
scan62,26,3,occluded_any,1498,21.463245391845703,13.63972282409668,-7.823522567749023
scan62,26,3,occluded_majority,816,29.75149154663086,19.304983139038086,-10.446508407592773
scan62,26,3,large_disp_and_occluded,1177,23.7340087890625,14.83003044128418,-8.90397834777832
scan62,26,3,boundary_and_occluded,849,28.49327850341797,18.745359420776367,-9.747919082641602
scan62,27,3,full,17008,3.435755729675293,3.093733310699463,-0.3420224189758301
scan62,27,3,boundary,1701,17.2665958404541,16.67334747314453,-0.5932483673095703
scan62,27,3,large_disparity,3402,6.116290092468262,7.089849948883057,0.9735598564147949
scan62,27,3,occluded_any,1707,18.566425323486328,16.625455856323242,-1.940969467163086
scan62,27,3,occluded_majority,811,27.281824111938477,24.53643226623535,-2.745391845703125
scan62,27,3,large_disp_and_occluded,569,20.927589416503906,26.236431121826172,5.308841705322266
scan62,27,3,boundary_and_occluded,782,29.15443229675293,28.887752532958984,-0.2666797637939453
scan62,28,3,full,13647,5.1823201179504395,3.566702127456665,-1.6156179904937744
scan62,28,3,boundary,1365,22.471935272216797,16.993850708007812,-5.478084564208984
scan62,28,3,large_disparity,2730,11.274713516235352,5.144191265106201,-6.13052225112915
scan62,28,3,occluded_any,1052,27.20672607421875,22.18456268310547,-5.022163391113281
scan62,28,3,occluded_majority,689,34.733253479003906,28.787702560424805,-5.945550918579102
scan62,28,3,large_disp_and_occluded,234,51.24848937988281,32.84434509277344,-18.404144287109375
scan62,28,3,boundary_and_occluded,564,35.10123062133789,26.57659149169922,-8.524639129638672
scan62,29,3,full,14200,5.018680572509766,3.4845426082611084,-1.5341379642486572
scan62,29,3,boundary,1420,27.890897750854492,19.568504333496094,-8.322393417358398
scan62,29,3,large_disparity,2840,12.739357948303223,8.475939750671387,-4.263418197631836
scan62,29,3,occluded_any,1453,32.17514419555664,21.99510955810547,-10.180034637451172
scan62,29,3,occluded_majority,746,43.96662521362305,31.390363693237305,-12.576261520385742
scan62,29,3,large_disp_and_occluded,707,37.83125305175781,26.15568733215332,-11.675565719604492
scan62,29,3,boundary_and_occluded,883,38.356624603271484,27.53631019592285,-10.820314407348633
scan62,30,3,full,14706,3.9660074710845947,3.7627387046813965,-0.20326876640319824
scan62,30,3,boundary,1471,21.57463264465332,18.58032989501953,-2.994302749633789
scan62,30,3,large_disparity,2942,13.61346435546875,12.706282615661621,-0.9071817398071289
scan62,30,3,occluded_any,1332,27.227371215820312,25.96202850341797,-1.2653427124023438
scan62,30,3,occluded_majority,761,36.78868103027344,34.21137237548828,-2.5773086547851562
scan62,30,3,large_disp_and_occluded,805,36.09330368041992,33.824832916259766,-2.2684707641601562
scan62,30,3,boundary_and_occluded,842,33.24761962890625,29.081809997558594,-4.165809631347656
scan62,31,3,full,15412,3.334376811981201,3.040788173675537,-0.29358863830566406
scan62,31,3,boundary,1542,17.43320655822754,14.574971199035645,-2.8582353591918945
scan62,31,3,large_disparity,3083,12.446647644042969,10.998406410217285,-1.4482412338256836
scan62,31,3,occluded_any,1341,22.22474479675293,19.533588409423828,-2.6911563873291016
scan62,31,3,occluded_majority,749,30.18109130859375,26.27323341369629,-3.907857894897461
scan62,31,3,large_disp_and_occluded,983,26.977375030517578,23.688915252685547,-3.2884597778320312
scan62,31,3,boundary_and_occluded,859,26.4973201751709,22.15513801574707,-4.342182159423828
scan62,32,3,full,15460,3.0345113277435303,2.7061283588409424,-0.3283829689025879
scan62,32,3,boundary,1546,14.787300109863281,12.38028621673584,-2.4070138931274414
scan62,32,3,large_disparity,3092,11.280200004577637,9.60564136505127,-1.6745586395263672
scan62,32,3,occluded_any,1392,19.392532348632812,17.19070816040039,-2.201824188232422
scan62,32,3,occluded_majority,801,25.8509521484375,22.53281593322754,-3.318136215209961
scan62,32,3,large_disp_and_occluded,1081,22.87373924255371,20.04922103881836,-2.8245182037353516
scan62,32,3,boundary_and_occluded,836,22.785011291503906,19.15087127685547,-3.6341400146484375
scan62,33,3,full,15003,2.743265390396118,2.7567946910858154,0.013529300689697266
scan62,33,3,boundary,1501,14.290144920349121,13.530159950256348,-0.7599849700927734
scan62,33,3,large_disparity,3001,9.540518760681152,9.301447868347168,-0.23907089233398438
scan62,33,3,occluded_any,1458,16.68414306640625,16.902246475219727,0.21810340881347656
scan62,33,3,occluded_majority,874,22.832260131835938,23.493412017822266,0.6611518859863281
scan62,33,3,large_disp_and_occluded,1039,20.922460556030273,21.22922706604004,0.3067665100097656
scan62,33,3,boundary_and_occluded,852,21.957237243652344,20.544763565063477,-1.4124736785888672
scan62,34,3,full,14373,2.7867584228515625,2.2907421588897705,-0.496016263961792
scan62,34,3,boundary,1438,15.323063850402832,11.740241050720215,-3.582822799682617
scan62,34,3,large_disparity,2875,6.786426067352295,5.732268333435059,-1.0541577339172363
scan62,34,3,occluded_any,1540,15.386480331420898,11.348371505737305,-4.038108825683594
scan62,34,3,occluded_majority,934,20.330810546875,14.644986152648926,-5.685824394226074
scan62,34,3,large_disp_and_occluded,917,15.211468696594238,11.299920082092285,-3.911548614501953
scan62,34,3,boundary_and_occluded,821,22.38325309753418,16.872835159301758,-5.510417938232422
scan62,35,3,full,13926,4.903301239013672,2.521000623703003,-2.382300615310669
scan62,35,3,boundary,1393,33.2572021484375,14.722188949584961,-18.53501319885254
scan62,35,3,large_disparity,2786,17.122699737548828,5.631368160247803,-11.491331577301025
scan62,35,3,occluded_any,1692,22.64374542236328,11.054458618164062,-11.589286804199219
scan62,35,3,occluded_majority,431,42.95075988769531,27.21428680419922,-15.736473083496094
scan62,35,3,large_disp_and_occluded,1045,29.240154266357422,11.424965858459473,-17.81518840789795
scan62,35,3,boundary_and_occluded,821,40.73333740234375,19.830829620361328,-20.902507781982422
scan62,36,3,full,13277,7.419386386871338,3.440671682357788,-3.97871470451355
scan62,36,3,boundary,1328,45.370811462402344,20.92317771911621,-24.447633743286133
scan62,36,3,large_disparity,2656,27.50094985961914,6.525781631469727,-20.975168228149414
scan62,36,3,occluded_any,1815,26.741546630859375,13.833945274353027,-12.907601356506348
scan62,36,3,occluded_majority,395,38.30327224731445,31.061174392700195,-7.242097854614258
scan62,36,3,large_disp_and_occluded,723,50.03573989868164,18.126407623291016,-31.909332275390625
scan62,36,3,boundary_and_occluded,750,50.607032775878906,27.979646682739258,-22.62738609313965
scan62,37,3,full,12648,11.12296199798584,4.748859405517578,-6.374102592468262
scan62,37,3,boundary,1265,51.69217300415039,27.406843185424805,-24.285329818725586
scan62,37,3,large_disparity,2530,42.954795837402344,11.195262908935547,-31.759532928466797
scan62,37,3,occluded_any,1767,27.403507232666016,16.56228256225586,-10.841224670410156
scan62,37,3,occluded_majority,618,36.62741470336914,27.048866271972656,-9.578548431396484
scan62,37,3,large_disp_and_occluded,391,83.91712188720703,40.931331634521484,-42.98579025268555
scan62,37,3,boundary_and_occluded,685,51.2764778137207,34.38391876220703,-16.892559051513672
scan62,38,3,full,8582,10.44499397277832,6.719243049621582,-3.7257509231567383
scan62,38,3,boundary,859,51.314327239990234,28.306093215942383,-23.00823402404785
scan62,38,3,large_disparity,1717,39.36378479003906,9.991769790649414,-29.37201499938965
scan62,38,3,occluded_any,115,78.01375579833984,44.914039611816406,-33.09971618652344
scan62,38,3,occluded_majority,79,94.95890808105469,55.79024124145508,-39.16866683959961
scan62,38,3,large_disp_and_occluded,40,140.96173095703125,70.30928039550781,-70.65245056152344
scan62,38,3,boundary_and_occluded,96,86.65912628173828,46.93824768066406,-39.72087860107422
scan62,39,3,full,9792,9.051913261413574,2.9766781330108643,-6.07523512840271
scan62,39,3,boundary,980,60.77907180786133,20.891027450561523,-39.888044357299805
scan62,39,3,large_disparity,1959,36.03144073486328,7.957139492034912,-28.07430124282837
scan62,39,3,occluded_any,1463,27.263954162597656,10.939062118530273,-16.324892044067383
scan62,39,3,occluded_majority,469,49.300479888916016,21.018110275268555,-28.28236961364746
scan62,39,3,large_disp_and_occluded,494,64.46591186523438,21.07407569885254,-43.391836166381836
scan62,39,3,boundary_and_occluded,481,65.76537322998047,27.911638259887695,-37.85373497009277
scan62,40,3,full,10575,6.384976387023926,3.039921760559082,-3.3450546264648438
scan62,40,3,boundary,1058,48.21453857421875,21.317174911499023,-26.897363662719727
scan62,40,3,large_disparity,2115,22.97586441040039,7.810664176940918,-15.165200233459473
scan62,40,3,occluded_any,1277,26.12457847595215,13.99956226348877,-12.125016212463379
scan62,40,3,occluded_majority,445,40.82221603393555,25.26968765258789,-15.552528381347656
scan62,40,3,large_disp_and_occluded,731,34.54648971557617,15.842557907104492,-18.70393180847168
scan62,40,3,boundary_and_occluded,550,53.91310119628906,28.717262268066406,-25.195838928222656
scan62,41,3,full,11328,3.961129903793335,2.2680912017822266,-1.6930387020111084
scan62,41,3,boundary,1133,26.505800247192383,10.812772750854492,-15.69302749633789
scan62,41,3,large_disparity,2266,11.106266021728516,2.907201051712036,-8.19906497001648
scan62,41,3,occluded_any,1052,19.26766014099121,10.873930931091309,-8.393729209899902
scan62,41,3,occluded_majority,418,32.549930572509766,15.524439811706543,-17.025490760803223
scan62,41,3,large_disp_and_occluded,606,20.08957862854004,6.809243202209473,-13.280335426330566
scan62,41,3,boundary_and_occluded,492,33.10017013549805,16.035459518432617,-17.06471061706543
scan62,42,3,full,11914,2.4108030796051025,2.038191556930542,-0.37261152267456055
scan62,42,3,boundary,1192,15.096355438232422,12.587874412536621,-2.508481025695801
scan62,42,3,large_disparity,2383,5.523335933685303,4.5309600830078125,-0.9923758506774902
scan62,42,3,occluded_any,826,18.89695167541504,15.029498100280762,-3.8674535751342773
scan62,42,3,occluded_majority,286,29.378814697265625,24.43403434753418,-4.944780349731445
scan62,42,3,large_disp_and_occluded,498,17.86581802368164,14.64527416229248,-3.22054386138916
scan62,42,3,boundary_and_occluded,504,28.028507232666016,22.58408546447754,-5.444421768188477
scan62,43,3,full,12676,2.21267032623291,1.9156326055526733,-0.2970377206802368
scan62,43,3,boundary,1268,13.329154014587402,10.6885986328125,-2.6405553817749023
scan62,43,3,large_disparity,2536,6.24472713470459,4.864321231842041,-1.3804059028625488
scan62,43,3,occluded_any,915,15.072580337524414,12.346275329589844,-2.7263050079345703
scan62,43,3,occluded_majority,495,16.94725227355957,14.363636016845703,-2.583616256713867
scan62,43,3,large_disp_and_occluded,543,20.487092971801758,16.785905838012695,-3.7011871337890625
scan62,43,3,boundary_and_occluded,611,20.525869369506836,16.806474685668945,-3.7193946838378906
scan62,44,3,full,13066,2.420694351196289,1.9787226915359497,-0.44197165966033936
scan62,44,3,boundary,1307,15.8765869140625,12.233452796936035,-3.643134117126465
scan62,44,3,large_disparity,2614,7.786323547363281,5.688756465911865,-2.097567081451416
scan62,44,3,occluded_any,777,21.490131378173828,16.697052001953125,-4.793079376220703
scan62,44,3,occluded_majority,406,24.996028900146484,19.7752685546875,-5.220760345458984
scan62,44,3,large_disp_and_occluded,560,26.29786491394043,19.71950912475586,-6.57835578918457
scan62,44,3,boundary_and_occluded,535,28.69627571105957,22.249380111694336,-6.446895599365234
scan62,45,3,full,12882,2.7389707565307617,2.3281872272491455,-0.4107835292816162
scan62,45,3,boundary,1289,17.53983497619629,14.448700904846191,-3.0911340713500977
scan62,45,3,large_disparity,2577,9.008638381958008,7.363147735595703,-1.6454906463623047
scan62,45,3,occluded_any,725,26.06536102294922,21.982681274414062,-4.082679748535156
scan62,45,3,occluded_majority,354,33.610477447509766,27.876384735107422,-5.734092712402344
scan62,45,3,large_disp_and_occluded,539,30.151140213012695,25.303407669067383,-4.8477325439453125
scan62,45,3,boundary_and_occluded,549,30.912006378173828,25.981616973876953,-4.930389404296875
scan62,46,3,full,12068,3.7423224449157715,3.6558871269226074,-0.08643531799316406
scan62,46,3,boundary,1207,23.021699905395508,20.56960105895996,-2.452098846435547
scan62,46,3,large_disparity,2414,14.657912254333496,14.635963439941406,-0.021948814392089844
scan62,46,3,occluded_any,742,28.270662307739258,23.082929611206055,-5.187732696533203
scan62,46,3,occluded_majority,313,41.47875213623047,33.22056579589844,-8.258186340332031
scan62,46,3,large_disp_and_occluded,592,33.30830383300781,26.84779167175293,-6.460512161254883
scan62,46,3,boundary_and_occluded,524,35.454986572265625,28.75438690185547,-6.700599670410156
scan62,47,3,full,11349,3.415714979171753,2.9694015979766846,-0.44631338119506836
scan62,47,3,boundary,1135,21.62736701965332,16.688688278198242,-4.938678741455078
scan62,47,3,large_disparity,2270,12.737687110900879,11.129972457885742,-1.6077146530151367
scan62,47,3,occluded_any,860,26.260473251342773,21.359418869018555,-4.901054382324219
scan62,47,3,occluded_majority,380,40.95204544067383,30.193098068237305,-10.758947372436523
scan62,47,3,large_disp_and_occluded,651,32.63043212890625,26.747560501098633,-5.882871627807617
scan62,47,3,boundary_and_occluded,552,35.88739776611328,27.547740936279297,-8.339656829833984
scan62,48,3,full,10824,3.480598211288452,2.9973607063293457,-0.48323750495910645
scan62,48,3,boundary,1083,21.978273391723633,16.767696380615234,-5.210577011108398
scan62,48,3,large_disparity,2165,10.973888397216797,8.867895126342773,-2.1059932708740234
scan62,48,3,occluded_any,572,25.209674835205078,22.64318084716797,-2.5664939880371094
scan62,48,3,occluded_majority,283,36.50675582885742,28.103132247924805,-8.403623580932617
scan62,48,3,large_disp_and_occluded,413,31.601226806640625,29.106664657592773,-2.4945621490478516
scan62,48,3,boundary_and_occluded,330,39.314239501953125,33.12399673461914,-6.190242767333984
scan75,0,3,full,16127,5.305778503417969,4.157426357269287,-1.1483521461486816
scan75,0,3,boundary,1613,19.849590301513672,15.870048522949219,-3.979541778564453
scan75,0,3,large_disparity,3226,11.085736274719238,5.48481559753418,-5.600920677185059
scan75,0,3,occluded_any,1219,16.915929794311523,15.791158676147461,-1.1247711181640625
scan75,0,3,occluded_majority,768,19.88987159729004,18.766977310180664,-1.122894287109375
scan75,0,3,large_disp_and_occluded,129,24.278778076171875,22.930641174316406,-1.3481369018554688
scan75,0,3,boundary_and_occluded,820,20.2052059173584,19.04589080810547,-1.1593151092529297
scan75,1,3,full,16404,4.848742485046387,6.38733434677124,1.5385918617248535
scan75,1,3,boundary,1641,17.15119171142578,17.64673614501953,0.49554443359375
scan75,1,3,large_disparity,3281,4.892185688018799,16.068012237548828,11.17582654953003
scan75,1,3,occluded_any,1713,19.15053939819336,22.104475021362305,2.9539356231689453
scan75,1,3,occluded_majority,1032,24.934064865112305,26.38796043395996,1.4538955688476562
scan75,1,3,large_disp_and_occluded,411,20.00777244567871,31.69864845275879,11.690876007080078
scan75,1,3,boundary_and_occluded,1041,22.96211814880371,23.468738555908203,0.5066204071044922
scan75,2,3,full,16750,4.492064952850342,4.246952533721924,-0.24511241912841797
scan75,2,3,boundary,1675,21.177101135253906,19.389467239379883,-1.7876338958740234
scan75,2,3,large_disparity,3350,4.124159336090088,4.677404880523682,0.5532455444335938
scan75,2,3,occluded_any,1694,21.774272918701172,19.49706268310547,-2.277210235595703
scan75,2,3,occluded_majority,1148,24.497013092041016,21.3428955078125,-3.1541175842285156
scan75,2,3,large_disp_and_occluded,465,19.470382690429688,17.650609970092773,-1.819772720336914
scan75,2,3,boundary_and_occluded,995,27.72894287109375,24.890365600585938,-2.8385772705078125
scan75,3,3,full,17101,4.19702672958374,4.295124530792236,0.0980978012084961
scan75,3,3,boundary,1711,19.71855354309082,20.317522048950195,0.598968505859375
scan75,3,3,large_disparity,3421,1.4755955934524536,2.0517868995666504,0.5761913061141968
scan75,3,3,occluded_any,1921,24.207277297973633,24.379121780395508,0.171844482421875
scan75,3,3,occluded_majority,875,34.42131805419922,33.68218231201172,-0.7391357421875
scan75,3,3,large_disp_and_occluded,196,7.228585243225098,6.580560684204102,-0.6480245590209961
scan75,3,3,boundary_and_occluded,1078,28.103986740112305,27.576766967773438,-0.5272197723388672
scan75,4,3,full,15552,4.737837791442871,4.314751625061035,-0.42308616638183594
scan75,4,3,boundary,1556,21.409252166748047,19.781417846679688,-1.6278343200683594
scan75,4,3,large_disparity,3111,2.188849687576294,1.4655178785324097,-0.7233318090438843
scan75,4,3,occluded_any,1163,34.04931640625,31.264902114868164,-2.784414291381836
scan75,4,3,occluded_majority,705,41.612178802490234,38.800453186035156,-2.811725616455078
scan75,4,3,large_disp_and_occluded,167,11.067366600036621,8.17641830444336,-2.8909482955932617
scan75,4,3,boundary_and_occluded,709,34.89934539794922,32.198097229003906,-2.7012481689453125
scan75,5,3,full,16517,5.351375102996826,4.8613386154174805,-0.4900364875793457
scan75,5,3,boundary,1652,18.856781005859375,18.58281135559082,-0.2739696502685547
scan75,5,3,large_disparity,3304,2.9729883670806885,2.5325767993927,-0.4404115676879883
scan75,5,3,occluded_any,1621,35.7203369140625,34.24370193481445,-1.4766349792480469
scan75,5,3,occluded_majority,819,42.145179748535156,39.88279724121094,-2.2623825073242188
scan75,5,3,large_disp_and_occluded,66,12.01019287109375,16.777189254760742,4.766996383666992
scan75,5,3,boundary_and_occluded,823,32.166290283203125,31.643604278564453,-0.5226860046386719
scan75,6,3,full,17508,5.778128147125244,5.185322284698486,-0.5928058624267578
scan75,6,3,boundary,1751,19.845279693603516,20.136180877685547,0.29090118408203125
scan75,6,3,large_disparity,3502,5.130371570587158,2.4104394912719727,-2.7199320793151855
scan75,6,3,occluded_any,2220,29.809206008911133,29.260040283203125,-0.5491657257080078
scan75,6,3,occluded_majority,1294,35.38047790527344,34.76755905151367,-0.6129188537597656
scan75,6,3,large_disp_and_occluded,249,7.557013988494873,6.05523157119751,-1.5017824172973633
scan75,6,3,boundary_and_occluded,954,33.877655029296875,33.75266647338867,-0.12498855590820312
scan75,7,3,full,17153,5.567849636077881,4.840511798858643,-0.7273378372192383
scan75,7,3,boundary,1716,22.595504760742188,21.244808197021484,-1.3506965637207031
scan75,7,3,large_disparity,3431,5.45134162902832,2.4024007320404053,-3.048940896987915
scan75,7,3,occluded_any,2061,27.728225708007812,26.305871963500977,-1.422353744506836
scan75,7,3,occluded_majority,968,42.23231506347656,40.651344299316406,-1.5809707641601562
scan75,7,3,large_disp_and_occluded,358,20.743101119995117,14.539523124694824,-6.203577995300293
scan75,7,3,boundary_and_occluded,1062,33.09284591674805,30.80073356628418,-2.292112350463867
scan75,8,3,full,16080,4.935993671417236,4.505626201629639,-0.43036746978759766
scan75,8,3,boundary,1608,22.74346923828125,20.46955108642578,-2.2739181518554688
scan75,8,3,large_disparity,3216,3.6297552585601807,2.28106689453125,-1.3486883640289307
scan75,8,3,occluded_any,1887,27.400146484375,25.11248016357422,-2.2876663208007812
scan75,8,3,occluded_majority,1025,34.124786376953125,31.1024112701416,-3.0223751068115234
scan75,8,3,large_disp_and_occluded,395,13.818446159362793,9.63487720489502,-4.183568954467773
scan75,8,3,boundary_and_occluded,1135,28.47809410095215,26.012561798095703,-2.4655323028564453
scan75,9,3,full,16137,5.282822608947754,4.687474727630615,-0.5953478813171387
scan75,9,3,boundary,1614,23.365222930908203,21.577186584472656,-1.7880363464355469
scan75,9,3,large_disparity,3228,7.272881031036377,4.979765892028809,-2.2931151390075684
scan75,9,3,occluded_any,1900,25.34315299987793,22.038454055786133,-3.304698944091797
scan75,9,3,occluded_majority,1123,31.396350860595703,28.244731903076172,-3.1516189575195312
scan75,9,3,large_disp_and_occluded,512,23.43862533569336,12.706751823425293,-10.731873512268066
scan75,9,3,boundary_and_occluded,1112,29.9632568359375,27.524648666381836,-2.438608169555664
scan75,10,3,full,16121,4.700022220611572,5.584433078765869,0.8844108581542969
scan75,10,3,boundary,1613,17.421875,20.355453491210938,2.9335784912109375
scan75,10,3,large_disparity,3225,11.220049858093262,16.80040740966797,5.580357551574707
scan75,10,3,occluded_any,1547,19.487577438354492,26.16239356994629,6.674816131591797
scan75,10,3,occluded_majority,861,23.126415252685547,21.339290618896484,-1.7871246337890625
scan75,10,3,large_disp_and_occluded,331,25.923051834106445,65.23809051513672,39.31503868103027
scan75,10,3,boundary_and_occluded,939,24.696044921875,29.337417602539062,4.6413726806640625
scan75,11,3,full,15105,12.595498085021973,6.337501049041748,-6.257997035980225
scan75,11,3,boundary,1511,33.44336700439453,20.419342041015625,-13.024024963378906
scan75,11,3,large_disparity,3021,34.833091735839844,4.234288215637207,-30.598803520202637
scan75,11,3,occluded_any,1572,40.36500549316406,34.27827072143555,-6.086734771728516
scan75,11,3,occluded_majority,920,42.299198150634766,32.83966827392578,-9.459529876708984
scan75,11,3,large_disp_and_occluded,110,102.64896392822266,20.416778564453125,-82.23218536376953
scan75,11,3,boundary_and_occluded,744,40.51964569091797,26.964618682861328,-13.55502700805664
scan75,12,3,full,14699,9.517533302307129,6.564969539642334,-2.952563762664795
scan75,12,3,boundary,1470,29.836557388305664,21.750612258911133,-8.085945129394531
scan75,12,3,large_disparity,2940,18.503873825073242,4.428236484527588,-14.075637340545654
scan75,12,3,occluded_any,2349,30.593610763549805,24.36928367614746,-6.224327087402344
scan75,12,3,occluded_majority,1215,34.21185302734375,24.2158145904541,-9.996038436889648
scan75,12,3,large_disp_and_occluded,741,27.45482063293457,10.047415733337402,-17.407404899597168
scan75,12,3,boundary_and_occluded,1022,35.18784713745117,27.981977462768555,-7.205869674682617
scan75,13,3,full,14138,10.5465087890625,6.294666767120361,-4.251842021942139
scan75,13,3,boundary,1414,24.61225128173828,19.457124710083008,-5.155126571655273
scan75,13,3,large_disparity,2828,36.32820510864258,17.38107681274414,-18.947128295898438
scan75,13,3,occluded_any,2406,37.82715606689453,28.586816787719727,-9.240339279174805
scan75,13,3,occluded_majority,1435,37.97243118286133,29.414541244506836,-8.557889938354492
scan75,13,3,large_disp_and_occluded,1026,60.00453186035156,40.225242614746094,-19.77928924560547
scan75,13,3,boundary_and_occluded,1021,31.16227912902832,25.12445640563965,-6.037822723388672
scan75,14,3,full,13769,6.64817476272583,6.001804351806641,-0.6463704109191895
scan75,14,3,boundary,1377,24.141584396362305,20.132766723632812,-4.008817672729492
scan75,14,3,large_disparity,2754,23.819419860839844,22.177907943725586,-1.6415119171142578
scan75,14,3,occluded_any,2154,31.32832145690918,27.564516067504883,-3.763805389404297
scan75,14,3,occluded_majority,1159,36.87827682495117,32.131195068359375,-4.747081756591797
scan75,14,3,large_disp_and_occluded,1133,48.325233459472656,43.53255844116211,-4.792675018310547
scan75,14,3,boundary_and_occluded,977,29.617061614990234,25.051212310791016,-4.565849304199219
scan75,15,3,full,14614,7.433742523193359,4.983152866363525,-2.450589656829834
scan75,15,3,boundary,1462,26.045400619506836,20.444101333618164,-5.601299285888672
scan75,15,3,large_disparity,2923,15.78303050994873,4.225331783294678,-11.557698726654053
scan75,15,3,occluded_any,2350,27.917360305786133,21.847637176513672,-6.069723129272461
scan75,15,3,occluded_majority,1280,36.276283264160156,26.414485931396484,-9.861797332763672
scan75,15,3,large_disp_and_occluded,703,30.24170684814453,10.426048278808594,-19.815658569335938
scan75,15,3,boundary_and_occluded,1050,32.0035400390625,25.570053100585938,-6.4334869384765625
scan75,16,3,full,15547,11.098830223083496,5.287147521972656,-5.81168270111084
scan75,16,3,boundary,1555,32.615447998046875,25.470035552978516,-7.145412445068359
scan75,16,3,large_disparity,3110,36.32485580444336,6.640394687652588,-29.68446111679077
scan75,16,3,occluded_any,2278,34.133880615234375,26.416357040405273,-7.717523574829102
scan75,16,3,occluded_majority,1164,46.11514663696289,37.278106689453125,-8.837039947509766
scan75,16,3,large_disp_and_occluded,523,59.79719924926758,25.872665405273438,-33.92453384399414
scan75,16,3,boundary_and_occluded,1045,42.52458953857422,34.177734375,-8.346855163574219
scan75,17,3,full,16374,15.337501525878906,6.534972667694092,-8.802528858184814
scan75,17,3,boundary,1638,35.51953125,31.698373794555664,-3.821157455444336
scan75,17,3,large_disparity,3275,55.64827346801758,9.239303588867188,-46.40896987915039
scan75,17,3,occluded_any,2319,42.99890899658203,30.746688842773438,-12.252220153808594
scan75,17,3,occluded_majority,1126,63.62771224975586,50.284976959228516,-13.342735290527344
scan75,17,3,large_disp_and_occluded,512,95.64981842041016,37.9791259765625,-57.670692443847656
scan75,17,3,boundary_and_occluded,971,51.720455169677734,45.08269500732422,-6.637760162353516
scan75,18,3,full,17405,21.60304069519043,9.606325149536133,-11.996715545654297
scan75,18,3,boundary,1741,46.07107925415039,40.36759948730469,-5.703479766845703
scan75,18,3,large_disparity,3481,77.80440521240234,18.2421817779541,-59.56222343444824
scan75,18,3,occluded_any,2917,51.25486373901367,38.817134857177734,-12.437728881835938
scan75,18,3,occluded_majority,1653,64.92403411865234,57.68626022338867,-7.237773895263672
scan75,18,3,large_disp_and_occluded,810,103.0864486694336,58.13993835449219,-44.946510314941406
scan75,18,3,boundary_and_occluded,1056,64.33130645751953,58.58317565917969,-5.748130798339844
scan75,19,3,full,12776,26.121631622314453,11.51591968536377,-14.605711936950684
scan75,19,3,boundary,1278,57.445526123046875,47.11304473876953,-10.332481384277344
scan75,19,3,large_disparity,2556,94.30009460449219,25.237239837646484,-69.0628547668457
scan75,19,3,occluded_any,1791,54.52495574951172,46.19124984741211,-8.33370590209961
scan75,19,3,occluded_majority,756,94.16108703613281,84.07540893554688,-10.085678100585938
scan75,19,3,large_disp_and_occluded,221,148.52565002441406,102.74772644042969,-45.777923583984375
scan75,19,3,boundary_and_occluded,711,80.87461853027344,69.06008911132812,-11.814529418945312
scan75,20,3,full,13403,22.169084548950195,8.811416625976562,-13.357667922973633
scan75,20,3,boundary,1341,55.697181701660156,43.08461380004883,-12.612567901611328
scan75,20,3,large_disparity,2681,81.79808807373047,18.747732162475586,-63.05035591125488
scan75,20,3,occluded_any,2569,44.21209716796875,31.50400161743164,-12.70809555053711
scan75,20,3,occluded_majority,1388,56.4686164855957,47.79117965698242,-8.677436828613281
scan75,20,3,large_disp_and_occluded,371,152.53102111816406,72.5789566040039,-79.95206451416016
scan75,20,3,boundary_and_occluded,926,71.00105285644531,55.97941970825195,-15.02163314819336
scan75,21,3,full,12844,17.38007926940918,7.2161993980407715,-10.163879871368408
scan75,21,3,boundary,1285,44.66001510620117,36.711483001708984,-7.9485321044921875
scan75,21,3,large_disparity,2569,61.461273193359375,15.371286392211914,-46.08998680114746
scan75,21,3,occluded_any,2634,37.26808547973633,25.391508102416992,-11.876577377319336
scan75,21,3,occluded_majority,1654,47.538673400878906,34.04622268676758,-13.492450714111328
scan75,21,3,large_disp_and_occluded,581,95.60295104980469,45.3132209777832,-50.289730072021484
scan75,21,3,boundary_and_occluded,855,59.05709457397461,49.69094467163086,-9.36614990234375
scan75,22,3,full,12830,11.916580200195312,6.242427349090576,-5.674152851104736
scan75,22,3,boundary,1283,36.490989685058594,29.696664810180664,-6.79432487487793
scan75,22,3,large_disparity,2566,40.17138671875,8.656272888183594,-31.515113830566406
scan75,22,3,occluded_any,2396,32.07478713989258,23.784008026123047,-8.290779113769531
scan75,22,3,occluded_majority,1292,35.07099151611328,33.26091003417969,-1.8100814819335938
scan75,22,3,large_disp_and_occluded,879,44.42061233520508,17.51044273376465,-26.91016960144043
scan75,22,3,boundary_and_occluded,864,46.62180709838867,38.60306930541992,-8.01873779296875
scan75,23,3,full,12542,7.991142749786377,5.258613109588623,-2.732529640197754
scan75,23,3,boundary,1255,31.131847381591797,25.604961395263672,-5.526885986328125
scan75,23,3,large_disparity,2509,27.600204467773438,14.225366592407227,-13.374837875366211
scan75,23,3,occluded_any,2229,28.46630859375,23.140377044677734,-5.325931549072266
scan75,23,3,occluded_majority,1125,35.9493522644043,32.67422866821289,-3.2751235961914062
scan75,23,3,large_disp_and_occluded,1153,35.32906723022461,25.375930786132812,-9.953136444091797
scan75,23,3,boundary_and_occluded,868,40.59864807128906,33.73530960083008,-6.863338470458984
scan75,24,3,full,11605,6.617287635803223,6.754929065704346,0.13764142990112305
scan75,24,3,boundary,1161,26.478267669677734,25.51858139038086,-0.959686279296875
scan75,24,3,large_disparity,2321,22.081127166748047,22.995101928710938,0.9139747619628906
scan75,24,3,occluded_any,2125,29.948135375976562,30.288604736328125,0.3404693603515625
scan75,24,3,occluded_majority,1167,32.8720588684082,31.441335678100586,-1.4307231903076172
scan75,24,3,large_disp_and_occluded,1111,40.853580474853516,42.8985481262207,2.0449676513671875
scan75,24,3,boundary_and_occluded,837,33.15180206298828,31.6400089263916,-1.5117931365966797
scan75,25,3,full,11829,10.671025276184082,9.955437660217285,-0.7155876159667969
scan75,25,3,boundary,1183,35.094451904296875,34.961036682128906,-0.13341522216796875
scan75,25,3,large_disparity,2366,33.67957305908203,31.45613670349121,-2.2234363555908203
scan75,25,3,occluded_any,2243,43.27798843383789,39.80279541015625,-3.4751930236816406
scan75,25,3,occluded_majority,1153,46.61680603027344,44.0316276550293,-2.5851783752441406
scan75,25,3,large_disp_and_occluded,971,66.07666015625,61.89408493041992,-4.182575225830078
scan75,25,3,boundary_and_occluded,896,40.42072677612305,39.65311813354492,-0.767608642578125
scan75,26,3,full,11831,15.427568435668945,11.630393981933594,-3.7971744537353516
scan75,26,3,boundary,1184,42.898193359375,35.053367614746094,-7.844825744628906
scan75,26,3,large_disparity,2367,58.9339485168457,43.23420333862305,-15.699745178222656
scan75,26,3,occluded_any,2423,49.092041015625,41.85367965698242,-7.238361358642578
scan75,26,3,occluded_majority,1152,48.069740295410156,40.56560516357422,-7.5041351318359375
scan75,26,3,large_disp_and_occluded,1199,74.9324722290039,64.10375213623047,-10.828720092773438
scan75,26,3,boundary_and_occluded,862,51.01335144042969,41.799747467041016,-9.213603973388672
scan75,27,3,full,12019,16.51031494140625,14.572110176086426,-1.9382047653198242
scan75,27,3,boundary,1202,42.548397064208984,40.78242492675781,-1.7659721374511719
scan75,27,3,large_disparity,2404,50.137664794921875,41.39483642578125,-8.742828369140625
scan75,27,3,occluded_any,1999,49.94596481323242,45.15043640136719,-4.795528411865234
scan75,27,3,occluded_majority,803,53.07206726074219,49.94677734375,-3.1252899169921875
scan75,27,3,large_disp_and_occluded,565,75.31444549560547,63.805931091308594,-11.508514404296875
scan75,27,3,boundary_and_occluded,839,51.345951080322266,48.46071243286133,-2.8852386474609375
scan75,28,3,full,8951,20.45961570739746,16.067121505737305,-4.392494201660156
scan75,28,3,boundary,896,56.7708740234375,46.373069763183594,-10.397804260253906
scan75,28,3,large_disparity,1791,72.26152038574219,51.70608139038086,-20.555438995361328
scan75,28,3,occluded_any,1996,69.77508544921875,55.064693450927734,-14.710391998291016
scan75,28,3,occluded_majority,1016,73.40570831298828,60.55814743041992,-12.84756088256836
scan75,28,3,large_disp_and_occluded,791,130.65399169921875,96.11975860595703,-34.53423309326172
scan75,28,3,boundary_and_occluded,559,70.98600769042969,55.622169494628906,-15.363838195800781
scan75,29,3,full,9197,19.55307388305664,14.951009750366211,-4.60206413269043
scan75,29,3,boundary,920,59.42283630371094,48.853973388671875,-10.568862915039062
scan75,29,3,large_disparity,1840,83.40596008300781,61.175865173339844,-22.23009490966797
scan75,29,3,occluded_any,2250,66.8298110961914,52.79523468017578,-14.034576416015625
scan75,29,3,occluded_majority,1058,82.0406723022461,72.76915740966797,-9.271514892578125
scan75,29,3,large_disp_and_occluded,1218,108.89932250976562,84.11460876464844,-24.784713745117188
scan75,29,3,boundary_and_occluded,645,77.04539489746094,63.20576477050781,-13.839630126953125
scan75,30,3,full,9438,16.869129180908203,15.002080917358398,-1.8670482635498047
scan75,30,3,boundary,944,62.95216369628906,54.05289077758789,-8.899272918701172
scan75,30,3,large_disparity,1888,77.12702178955078,68.37708282470703,-8.74993896484375
scan75,30,3,occluded_any,2185,60.36871337890625,54.57660675048828,-5.792106628417969
scan75,30,3,occluded_majority,1249,77.2092056274414,70.57414245605469,-6.635063171386719
scan75,30,3,large_disp_and_occluded,1303,96.73910522460938,87.16240692138672,-9.576698303222656
scan75,30,3,boundary_and_occluded,682,79.18293762207031,68.36115264892578,-10.821784973144531
scan75,31,3,full,9866,13.733823776245117,13.6696138381958,-0.0642099380493164
scan75,31,3,boundary,987,62.61661911010742,58.86351013183594,-3.7531089782714844
scan75,31,3,large_disparity,1974,54.70271301269531,51.7722282409668,-2.9304847717285156
scan75,31,3,occluded_any,1921,54.79990768432617,50.77204132080078,-4.027866363525391
scan75,31,3,occluded_majority,1074,71.01693725585938,63.60594177246094,-7.4109954833984375
scan75,31,3,large_disp_and_occluded,1033,95.81836700439453,89.41441345214844,-6.403953552246094
scan75,31,3,boundary_and_occluded,741,73.91190338134766,68.12427520751953,-5.787628173828125
scan75,32,3,full,10002,9.887552261352539,9.727473258972168,-0.1600790023803711
scan75,32,3,boundary,1001,53.744075775146484,52.222084045410156,-1.5219917297363281
scan75,32,3,large_disparity,2001,42.32958984375,39.63755416870117,-2.692035675048828
scan75,32,3,occluded_any,1763,45.53501510620117,43.70680618286133,-1.8282089233398438
scan75,32,3,occluded_majority,1050,60.184017181396484,57.48548126220703,-2.698535919189453
scan75,32,3,large_disp_and_occluded,919,79.82365417480469,75.98554992675781,-3.838104248046875
scan75,32,3,boundary_and_occluded,752,66.18241882324219,63.60812759399414,-2.574291229248047
scan75,33,3,full,10588,10.357780456542969,9.229097366333008,-1.128683090209961
scan75,33,3,boundary,1059,49.323509216308594,47.288753509521484,-2.0347557067871094
scan75,33,3,large_disparity,2118,42.16493225097656,37.119441986083984,-5.045490264892578
scan75,33,3,occluded_any,2262,39.04520034790039,36.32795333862305,-2.7172470092773438
scan75,33,3,occluded_majority,1230,48.57270050048828,46.38146209716797,-2.1912384033203125
scan75,33,3,large_disp_and_occluded,1280,59.2629508972168,55.98943328857422,-3.273517608642578
scan75,33,3,boundary_and_occluded,808,58.64004898071289,55.797523498535156,-2.8425254821777344
scan75,34,3,full,10776,14.257966041564941,10.261868476867676,-3.9960975646972656
scan75,34,3,boundary,1078,51.05392837524414,48.12969207763672,-2.924236297607422
scan75,34,3,large_disparity,2156,56.5582389831543,37.09016418457031,-19.468074798583984
scan75,34,3,occluded_any,2624,44.170745849609375,36.22549819946289,-7.945247650146484
scan75,34,3,occluded_majority,1306,53.2667121887207,52.65974426269531,-0.6069679260253906
scan75,34,3,large_disp_and_occluded,1531,61.211666107177734,49.26955795288086,-11.942108154296875
scan75,34,3,boundary_and_occluded,755,66.77701568603516,63.25521469116211,-3.521800994873047
scan75,35,3,full,10450,17.416868209838867,11.279546737670898,-6.137321472167969
scan75,35,3,boundary,1045,60.802093505859375,55.03960037231445,-5.762493133544922
scan75,35,3,large_disparity,2090,52.91029739379883,22.307226181030273,-30.603071212768555
scan75,35,3,occluded_any,2777,45.82174301147461,35.41563415527344,-10.406108856201172
scan75,35,3,occluded_majority,1271,57.35917663574219,55.604225158691406,-1.7549514770507812
scan75,35,3,large_disp_and_occluded,1315,49.98940658569336,28.814067840576172,-21.175338745117188
scan75,35,3,boundary_and_occluded,754,74.48320007324219,68.23609924316406,-6.247100830078125
scan75,36,3,full,10039,20.782567977905273,11.3272705078125,-9.455297470092773
scan75,36,3,boundary,1004,59.184303283691406,53.139034271240234,-6.045269012451172
scan75,36,3,large_disparity,2008,63.68581008911133,17.86528778076172,-45.82052230834961
scan75,36,3,occluded_any,2694,48.851131439208984,32.823280334472656,-16.027851104736328
scan75,36,3,occluded_majority,1188,64.01924133300781,58.626224517822266,-5.393016815185547
scan75,36,3,large_disp_and_occluded,1086,59.190521240234375,21.423828125,-37.766693115234375
scan75,36,3,boundary_and_occluded,704,73.38671112060547,68.02182006835938,-5.364891052246094
scan75,37,3,full,9871,27.33182716369629,12.663408279418945,-14.668418884277344
scan75,37,3,boundary,988,65.95360565185547,54.65335464477539,-11.300251007080078
scan75,37,3,large_disparity,1975,86.42137908935547,22.47651481628418,-63.94486427307129
scan75,37,3,occluded_any,3265,60.1067008972168,31.82240867614746,-28.284292221069336
scan75,37,3,occluded_majority,1897,71.99260711669922,44.33407974243164,-27.658527374267578
scan75,37,3,large_disp_and_occluded,1512,82.65462493896484,22.178207397460938,-60.476417541503906
scan75,37,3,boundary_and_occluded,711,82.26007843017578,70.6474380493164,-11.612640380859375
scan75,38,3,full,6373,34.29959487915039,30.390583038330078,-3.9090118408203125
scan75,38,3,boundary,638,98.20393371582031,85.68968200683594,-12.514251708984375
scan75,38,3,large_disparity,1275,109.76801300048828,91.61334228515625,-18.15467071533203
scan75,38,3,occluded_any,1234,126.1159439086914,129.39065551757812,3.2747116088867188
scan75,38,3,occluded_majority,1014,142.2424774169922,149.3063507080078,7.063873291015625
scan75,38,3,large_disp_and_occluded,492,194.40367126464844,202.671875,8.268203735351562
scan75,38,3,boundary_and_occluded,321,138.40509033203125,132.407470703125,-5.99761962890625
scan75,39,3,full,6999,29.22637367248535,22.289419174194336,-6.936954498291016
scan75,39,3,boundary,700,97.04376220703125,78.635009765625,-18.40875244140625
scan75,39,3,large_disparity,1400,109.94023132324219,76.57612609863281,-33.364105224609375
scan75,39,3,occluded_any,1774,92.54425048828125,73.85554504394531,-18.688705444335938
scan75,39,3,occluded_majority,889,139.97740173339844,123.91817474365234,-16.059226989746094
scan75,39,3,large_disp_and_occluded,933,137.42416381835938,108.3842544555664,-29.03990936279297
scan75,39,3,boundary_and_occluded,431,132.2023162841797,109.71363830566406,-22.488677978515625
scan75,40,3,full,7392,26.479022979736328,20.55544090270996,-5.923582077026367
scan75,40,3,boundary,740,84.77999114990234,68.20707702636719,-16.572914123535156
scan75,40,3,large_disparity,1479,105.10936737060547,75.75164031982422,-29.35772705078125
scan75,40,3,occluded_any,1804,84.1575927734375,69.44010162353516,-14.717491149902344
scan75,40,3,occluded_majority,1044,111.41868591308594,99.99872589111328,-11.419960021972656
scan75,40,3,large_disp_and_occluded,1090,121.94670104980469,98.68997955322266,-23.25672149658203
scan75,40,3,boundary_and_occluded,446,106.14788818359375,89.25578308105469,-16.892105102539062
scan75,41,3,full,7799,19.032772064208984,14.493095397949219,-4.539676666259766
scan75,41,3,boundary,780,68.10133361816406,57.38523483276367,-10.71609878540039
scan75,41,3,large_disparity,1560,74.15208435058594,50.50765609741211,-23.644428253173828
scan75,41,3,occluded_any,1670,66.96649169921875,55.62422180175781,-11.342269897460938
scan75,41,3,occluded_majority,843,91.73535919189453,80.78549194335938,-10.949867248535156
scan75,41,3,large_disp_and_occluded,905,101.27952575683594,80.62789154052734,-20.651634216308594
scan75,41,3,boundary_and_occluded,506,84.12679290771484,71.69650268554688,-12.430290222167969
scan75,42,3,full,8180,11.274378776550293,9.195708274841309,-2.0786705017089844
scan75,42,3,boundary,818,51.33380889892578,45.70405960083008,-5.629749298095703
scan75,42,3,large_disparity,1636,36.03914260864258,19.320053100585938,-16.71908950805664
scan75,42,3,occluded_any,1402,43.54353713989258,32.17424774169922,-11.36928939819336
scan75,42,3,occluded_majority,563,67.98137664794922,51.483707427978516,-16.497669219970703
scan75,42,3,large_disp_and_occluded,611,66.76305389404297,43.40434646606445,-23.358707427978516
scan75,42,3,boundary_and_occluded,539,60.24243927001953,50.166873931884766,-10.075565338134766
scan75,43,3,full,8354,7.022093296051025,7.478511333465576,0.4564180374145508
scan75,43,3,boundary,836,35.492122650146484,31.663482666015625,-3.8286399841308594
scan75,43,3,large_disparity,1671,16.707828521728516,12.611007690429688,-4.096820831298828
scan75,43,3,occluded_any,1258,29.539291381835938,24.70591926574707,-4.833372116088867
scan75,43,3,occluded_majority,556,40.683616638183594,34.24444580078125,-6.439170837402344
scan75,43,3,large_disp_and_occluded,461,46.752262115478516,39.68300247192383,-7.0692596435546875
scan75,43,3,boundary_and_occluded,558,42.767452239990234,34.831634521484375,-7.935817718505859
scan75,44,3,full,8280,5.795115947723389,4.633434295654297,-1.1616816520690918
scan75,44,3,boundary,828,29.140125274658203,22.570966720581055,-6.569158554077148
scan75,44,3,large_disparity,1656,8.465446472167969,6.306275367736816,-2.1591711044311523
scan75,44,3,occluded_any,1093,23.902626037597656,19.31764793395996,-4.584978103637695
scan75,44,3,occluded_majority,457,35.24357986450195,27.89523696899414,-7.3483428955078125
scan75,44,3,large_disp_and_occluded,317,36.250953674316406,26.923187255859375,-9.327766418457031
scan75,44,3,boundary_and_occluded,484,35.049625396728516,26.588932037353516,-8.460693359375
scan75,45,3,full,8218,12.155252456665039,11.31240177154541,-0.8428506851196289
scan75,45,3,boundary,822,64.64297485351562,59.24605178833008,-5.396923065185547
scan75,45,3,large_disparity,1644,39.90766525268555,36.4512825012207,-3.4563827514648438
scan75,45,3,occluded_any,1139,51.28459548950195,45.91474151611328,-5.369853973388672
scan75,45,3,occluded_majority,528,90.44235229492188,83.10865783691406,-7.3336944580078125
scan75,45,3,large_disp_and_occluded,454,104.07649230957031,94.47099304199219,-9.605499267578125
scan75,45,3,boundary_and_occluded,502,72.99811553955078,64.68299102783203,-8.31512451171875
scan75,46,3,full,7665,22.00812339782715,20.810665130615234,-1.197458267211914
scan75,46,3,boundary,767,92.721435546875,87.86076354980469,-4.8606719970703125
scan75,46,3,large_disparity,1533,97.59622955322266,93.59524536132812,-4.000984191894531
scan75,46,3,occluded_any,1459,93.01872253417969,89.26847076416016,-3.7502517700195312
scan75,46,3,occluded_majority,825,128.22610473632812,124.48119354248047,-3.7449111938476562
scan75,46,3,large_disp_and_occluded,871,147.01820373535156,140.98834228515625,-6.0298614501953125
scan75,46,3,boundary_and_occluded,504,117.99345397949219,112.16023254394531,-5.833221435546875
scan75,47,3,full,7356,28.005104064941406,26.504619598388672,-1.5004844665527344
scan75,47,3,boundary,736,93.54090118408203,89.29027557373047,-4.2506256103515625
scan75,47,3,large_disparity,1472,128.91586303710938,122.82757568359375,-6.088287353515625
scan75,47,3,occluded_any,1741,100.17034149169922,95.73148345947266,-4.4388580322265625
scan75,47,3,occluded_majority,1038,117.57115173339844,111.48582458496094,-6.0853271484375
scan75,47,3,large_disp_and_occluded,1173,142.52578735351562,136.12269592285156,-6.4030914306640625
scan75,47,3,boundary_and_occluded,461,117.92095947265625,112.68661499023438,-5.234344482421875
scan75,48,3,full,6949,33.464599609375,32.10340118408203,-1.3611984252929688
scan75,48,3,boundary,695,107.22236633300781,104.60009002685547,-2.6222763061523438
scan75,48,3,large_disparity,1390,144.90359497070312,140.7682342529297,-4.1353607177734375
scan75,48,3,occluded_any,1581,114.34130096435547,114.02963256835938,-0.31166839599609375
scan75,48,3,occluded_majority,962,122.66000366210938,122.55438232421875,-0.105621337890625
scan75,48,3,large_disp_and_occluded,766,210.1316680908203,210.87051391601562,0.7388458251953125
scan75,48,3,boundary_and_occluded,397,142.95884704589844,143.0039825439453,0.045135498046875
scan77,0,3,full,19612,15.827956199645996,15.30147647857666,-0.5264797210693359
scan77,0,3,boundary,1962,36.88072204589844,44.84821319580078,7.967491149902344
scan77,0,3,large_disparity,3923,13.382781982421875,9.20036792755127,-4.1824140548706055
scan77,0,3,occluded_any,4573,34.91946792602539,27.537817001342773,-7.381650924682617
scan77,0,3,occluded_majority,2138,28.495859146118164,33.26070785522461,4.764848709106445
scan77,0,3,large_disp_and_occluded,374,38.838951110839844,36.50657653808594,-2.3323745727539062
scan77,0,3,boundary_and_occluded,481,49.239776611328125,51.34754180908203,2.1077651977539062
scan77,1,3,full,19996,12.653634071350098,10.461686134338379,-2.1919479370117188
scan77,1,3,boundary,2000,29.2022762298584,32.642818450927734,3.440542221069336
scan77,1,3,large_disparity,4000,18.061885833740234,2.4081764221191406,-15.653709411621094
scan77,1,3,occluded_any,3754,29.472482681274414,39.246246337890625,9.773763656616211
scan77,1,3,occluded_majority,1656,45.0355110168457,54.718448638916016,9.682937622070312
scan77,1,3,large_disp_and_occluded,17,2.4965784549713135,1.1071490049362183,-1.3894294500350952
scan77,1,3,boundary_and_occluded,713,57.00039291381836,59.9188346862793,2.9184417724609375
scan77,2,3,full,19953,12.562689781188965,21.528573989868164,8.9658842086792
scan77,2,3,boundary,1996,26.685155868530273,27.628833770751953,0.9436779022216797
scan77,2,3,large_disparity,3991,6.389095306396484,13.144969940185547,6.7558746337890625
scan77,2,3,occluded_any,3717,33.562232971191406,66.53852844238281,32.976295471191406
scan77,2,3,occluded_majority,1981,41.34479904174805,79.88348388671875,38.5386848449707
scan77,2,3,boundary_and_occluded,685,58.2944450378418,62.477840423583984,4.1833953857421875
scan77,3,3,full,19637,5.151777267456055,4.901443004608154,-0.2503342628479004
scan77,3,3,boundary,1964,22.80047035217285,21.146060943603516,-1.654409408569336
scan77,3,3,large_disparity,3928,0.9101598262786865,0.9729254841804504,0.06276565790176392
scan77,3,3,occluded_any,3879,16.15719223022461,15.412755966186523,-0.7444362640380859
scan77,3,3,occluded_majority,1490,30.33214569091797,29.35757064819336,-0.9745750427246094
scan77,3,3,boundary_and_occluded,839,37.48875045776367,35.30900573730469,-2.1797447204589844
scan77,4,3,full,17366,5.159654140472412,4.877884387969971,-0.2817697525024414
scan77,4,3,boundary,1737,24.566883087158203,21.47206687927246,-3.094816207885742
scan77,4,3,large_disparity,3474,1.2464888095855713,0.8011228442192078,-0.4453659653663635
scan77,4,3,occluded_any,4009,13.703425407409668,14.778179168701172,1.074753761291504
scan77,4,3,occluded_majority,2074,23.97543716430664,25.85084342956543,1.875406265258789
scan77,4,3,large_disp_and_occluded,71,1.2093325853347778,0.5945391654968262,-0.6147934198379517
scan77,4,3,boundary_and_occluded,638,37.50572967529297,38.718441009521484,1.2127113342285156
scan77,5,3,full,17333,5.954714298248291,5.631499767303467,-0.3232145309448242
scan77,5,3,boundary,1734,23.946922302246094,25.183988571166992,1.2370662689208984
scan77,5,3,large_disparity,3467,2.726835250854492,1.5080552101135254,-1.2187800407409668
scan77,5,3,occluded_any,4063,18.09919548034668,17.871776580810547,-0.2274188995361328
scan77,5,3,occluded_majority,1983,31.78354263305664,31.586166381835938,-0.19737625122070312
scan77,5,3,large_disp_and_occluded,53,4.052953243255615,1.3566951751708984,-2.696258068084717
scan77,5,3,boundary_and_occluded,745,44.16755294799805,46.470401763916016,2.3028488159179688
scan77,6,3,full,19361,5.760855674743652,5.55103063583374,-0.2098250389099121
scan77,6,3,boundary,1937,24.161964416503906,24.794944763183594,0.6329803466796875
scan77,6,3,large_disparity,3873,4.0522685050964355,1.4553513526916504,-2.596917152404785
scan77,6,3,occluded_any,4008,16.061025619506836,16.713903427124023,0.6528778076171875
scan77,6,3,occluded_majority,1921,28.90777015686035,29.8570613861084,0.9492912292480469
scan77,6,3,boundary_and_occluded,708,50.06998062133789,51.481449127197266,1.411468505859375
scan77,7,3,full,19530,9.349071502685547,12.13624095916748,2.7871694564819336
scan77,7,3,boundary,1953,30.57537841796875,32.144432067871094,1.5690536499023438
scan77,7,3,large_disparity,3906,4.408494472503662,1.5629312992095947,-2.8455631732940674
scan77,7,3,occluded_any,4437,23.47056770324707,36.87303161621094,13.402463912963867
scan77,7,3,occluded_majority,1726,36.67342758178711,48.74753952026367,12.074111938476562
scan77,7,3,boundary_and_occluded,768,64.19246673583984,67.4894027709961,3.29693603515625
scan77,8,3,full,19651,17.940305709838867,36.870094299316406,18.92978858947754
scan77,8,3,boundary,1966,30.069841384887695,28.530885696411133,-1.5389556884765625
scan77,8,3,large_disparity,3931,14.461896896362305,48.20930480957031,33.74740791320801
scan77,8,3,occluded_any,3911,47.262577056884766,83.92430114746094,36.66172409057617
scan77,8,3,occluded_majority,1610,63.10723876953125,104.6383285522461,41.531089782714844
scan77,8,3,boundary_and_occluded,710,69.43682861328125,66.83560943603516,-2.6012191772460938
scan77,9,3,full,19764,13.27084732055664,13.009682655334473,-0.26116466522216797
scan77,9,3,boundary,1977,31.02410125732422,31.914785385131836,0.8906841278076172
scan77,9,3,large_disparity,3953,6.741771221160889,9.019113540649414,2.2773423194885254
scan77,9,3,occluded_any,4214,43.40352249145508,38.402732849121094,-5.000789642333984
scan77,9,3,occluded_majority,1792,48.892120361328125,47.77730941772461,-1.1148109436035156
scan77,9,3,boundary_and_occluded,760,64.54707336425781,60.939857482910156,-3.6072158813476562
scan77,10,3,full,19765,14.582582473754883,18.145980834960938,3.5633983612060547
scan77,10,3,boundary,1977,29.752153396606445,30.66129493713379,0.9091415405273438
scan77,10,3,large_disparity,3953,11.88817310333252,29.210182189941406,17.322009086608887
scan77,10,3,occluded_any,3487,40.80610275268555,35.90985870361328,-4.896244049072266
scan77,10,3,occluded_majority,1832,49.07563400268555,44.217369079589844,-4.858264923095703
scan77,10,3,large_disp_and_occluded,9,6.1422119140625,2.0286593437194824,-4.113552570343018
scan77,10,3,boundary_and_occluded,582,62.06062698364258,63.96029281616211,1.8996658325195312
scan77,11,3,full,18878,25.77138900756836,11.86767292022705,-13.903716087341309
scan77,11,3,boundary,1888,79.67882537841797,48.71882629394531,-30.959999084472656
scan77,11,3,large_disparity,3776,77.81868743896484,14.314687728881836,-63.50399971008301
scan77,11,3,occluded_any,4731,19.87843894958496,19.390140533447266,-0.4882984161376953
scan77,11,3,occluded_majority,2565,27.290363311767578,28.709110260009766,1.4187469482421875
scan77,11,3,large_disp_and_occluded,192,85.62554168701172,18.5383243560791,-67.08721733093262
scan77,11,3,boundary_and_occluded,493,73.33740234375,63.26533508300781,-10.072067260742188
scan77,12,3,full,19547,27.210908889770508,10.435333251953125,-16.775575637817383
scan77,12,3,boundary,1955,81.15483093261719,43.32002639770508,-37.83480453491211
scan77,12,3,large_disparity,3910,83.98506164550781,14.892656326293945,-69.09240531921387
scan77,12,3,occluded_any,4237,33.39635467529297,26.407373428344727,-6.988981246948242
scan77,12,3,occluded_majority,928,86.57044982910156,77.0641098022461,-9.506340026855469
scan77,12,3,large_disp_and_occluded,108,59.65297317504883,5.131893634796143,-54.521079540252686
scan77,12,3,boundary_and_occluded,655,77.2483139038086,66.26588439941406,-10.982429504394531
scan77,13,3,full,19901,30.703073501586914,17.072538375854492,-13.630535125732422
scan77,13,3,boundary,1991,76.91471099853516,54.15306091308594,-22.76165008544922
scan77,13,3,large_disparity,3981,86.11277770996094,22.359163284301758,-63.75361442565918
scan77,13,3,occluded_any,4819,39.93386459350586,42.998619079589844,3.0647544860839844
scan77,13,3,occluded_majority,1956,52.59640121459961,62.13698196411133,9.540580749511719
scan77,13,3,large_disp_and_occluded,18,156.50328063964844,127.70803833007812,-28.795242309570312
scan77,13,3,boundary_and_occluded,610,86.87606811523438,85.5588150024414,-1.3172531127929688
scan77,14,3,full,19892,34.33036422729492,29.66685676574707,-4.663507461547852
scan77,14,3,boundary,1990,75.09050750732422,48.24788284301758,-26.84262466430664
scan77,14,3,large_disparity,3979,86.4992904663086,26.934616088867188,-59.564674377441406
scan77,14,3,occluded_any,4322,54.38768005371094,75.6933822631836,21.305702209472656
scan77,14,3,occluded_majority,2051,70.81904602050781,95.2291259765625,24.410079956054688
scan77,14,3,large_disp_and_occluded,11,155.04486083984375,64.94804382324219,-90.09681701660156
scan77,14,3,boundary_and_occluded,595,97.51245880126953,93.53567504882812,-3.9767837524414062
scan77,15,3,full,19563,32.87579345703125,21.109779357910156,-11.766014099121094
scan77,15,3,boundary,1957,66.12109375,44.864532470703125,-21.256561279296875
scan77,15,3,large_disparity,3913,82.8856430053711,13.801482200622559,-69.08416080474854
scan77,15,3,occluded_any,4431,47.208290100097656,43.475608825683594,-3.7326812744140625
scan77,15,3,occluded_majority,1074,77.2098617553711,75.5986099243164,-1.6112518310546875
scan77,15,3,large_disp_and_occluded,26,119.88514709472656,54.66260528564453,-65.22254180908203
scan77,15,3,boundary_and_occluded,819,77.76615142822266,74.9395523071289,-2.82659912109375
scan77,16,3,full,19126,27.889286041259766,11.58340072631836,-16.305885314941406
scan77,16,3,boundary,1913,56.53192138671875,40.226478576660156,-16.305442810058594
scan77,16,3,large_disparity,3826,75.08068084716797,8.104727745056152,-66.97595310211182
scan77,16,3,occluded_any,4365,37.51676559448242,30.41222381591797,-7.104541778564453
scan77,16,3,occluded_majority,1135,71.55247497558594,61.56874465942383,-9.98373031616211
scan77,16,3,large_disp_and_occluded,50,137.45115661621094,49.62128448486328,-87.82987213134766
scan77,16,3,boundary_and_occluded,832,76.67376708984375,70.05349731445312,-6.620269775390625
scan77,17,3,full,18930,23.5366268157959,9.105978012084961,-14.430648803710938
scan77,17,3,boundary,1893,59.159934997558594,37.899139404296875,-21.26079559326172
scan77,17,3,large_disparity,3786,71.24113464355469,6.457923412322998,-64.78321123123169
scan77,17,3,occluded_any,4399,25.963546752929688,21.651142120361328,-4.312404632568359
scan77,17,3,occluded_majority,1380,45.509056091308594,39.126564025878906,-6.3824920654296875
scan77,17,3,large_disp_and_occluded,61,157.9293670654297,78.6136474609375,-79.31571960449219
scan77,17,3,boundary_and_occluded,795,74.12450408935547,64.98831939697266,-9.136184692382812
scan77,18,3,full,18538,24.473432540893555,8.815340042114258,-15.658092498779297
scan77,18,3,boundary,1854,55.96662139892578,41.522483825683594,-14.444137573242188
scan77,18,3,large_disparity,3708,70.71529388427734,7.3346052169799805,-63.38068866729736
scan77,18,3,occluded_any,4231,33.54771041870117,26.588363647460938,-6.959346771240234
scan77,18,3,occluded_majority,1794,56.43218231201172,48.759971618652344,-7.672210693359375
scan77,18,3,large_disp_and_occluded,90,145.261962890625,68.2649917602539,-76.9969711303711
scan77,18,3,boundary_and_occluded,857,83.13847351074219,71.72488403320312,-11.413589477539062
scan77,19,3,full,13439,39.915618896484375,22.72393798828125,-17.191680908203125
scan77,19,3,boundary,1344,89.96036529541016,77.29869079589844,-12.661674499511719
scan77,19,3,large_disparity,2688,98.73963165283203,24.768775939941406,-73.97085571289062
scan77,19,3,occluded_any,4476,78.46586608886719,57.077110290527344,-21.388755798339844
scan77,19,3,occluded_majority,2056,99.27754211425781,97.72364044189453,-1.5539016723632812
scan77,19,3,large_disp_and_occluded,1368,101.34202575683594,26.38953971862793,-74.95248603820801
scan77,19,3,boundary_and_occluded,753,139.22511291503906,121.58534240722656,-17.6397705078125
scan77,20,3,full,14856,40.74187469482422,23.0422306060791,-17.699644088745117
scan77,20,3,boundary,1486,88.32575988769531,74.50447845458984,-13.821281433105469
scan77,20,3,large_disparity,2972,105.87189483642578,24.726320266723633,-81.14557456970215
scan77,20,3,occluded_any,5074,78.617431640625,47.05398178100586,-31.56344985961914
scan77,20,3,occluded_majority,2215,96.90482330322266,69.3393325805664,-27.56549072265625
scan77,20,3,large_disp_and_occluded,1582,116.18771362304688,30.160560607910156,-86.02715301513672
scan77,20,3,boundary_and_occluded,894,119.31971740722656,104.02445220947266,-15.295265197753906
scan77,21,3,full,15063,43.706424713134766,26.164445877075195,-17.54197883605957
scan77,21,3,boundary,1507,86.4754409790039,75.574462890625,-10.900978088378906
scan77,21,3,large_disparity,3013,119.48199462890625,37.958980560302734,-81.52301406860352
scan77,21,3,occluded_any,5134,74.24662780761719,36.951171875,-37.29545593261719
scan77,21,3,occluded_majority,2488,81.7973861694336,45.44612121582031,-36.35126495361328
scan77,21,3,large_disp_and_occluded,1789,123.90351104736328,37.482032775878906,-86.42147827148438
scan77,21,3,boundary_and_occluded,900,103.66168975830078,88.8365478515625,-14.825141906738281
scan77,22,3,full,15428,58.4784049987793,33.87419509887695,-24.604209899902344
scan77,22,3,boundary,1543,104.02790069580078,83.9834976196289,-20.044403076171875
scan77,22,3,large_disparity,3086,131.53594970703125,53.140228271484375,-78.39572143554688
scan77,22,3,occluded_any,5335,113.55304718017578,64.29461669921875,-49.25843048095703
scan77,22,3,occluded_majority,2500,115.41590881347656,65.94537353515625,-49.47053527832031
scan77,22,3,large_disp_and_occluded,2026,133.71868896484375,52.460548400878906,-81.25814056396484
scan77,22,3,boundary_and_occluded,961,133.00830078125,109.80265808105469,-23.205642700195312
scan77,23,3,full,15819,57.69681167602539,57.442813873291016,-0.253997802734375
scan77,23,3,boundary,1582,98.01544952392578,84.74531555175781,-13.270133972167969
scan77,23,3,large_disparity,3164,141.62498474121094,107.88553619384766,-33.73944854736328
scan77,23,3,occluded_any,5444,99.82653045654297,100.22368621826172,0.39715576171875
scan77,23,3,occluded_majority,1315,103.85829162597656,106.11306762695312,2.2547760009765625
scan77,23,3,large_disp_and_occluded,1506,146.42263793945312,127.7697525024414,-18.65288543701172
scan77,23,3,boundary_and_occluded,961,123.83164978027344,111.1279067993164,-12.703742980957031
scan77,24,3,full,16181,56.067237854003906,49.901390075683594,-6.1658477783203125
scan77,24,3,boundary,1619,108.17344665527344,91.54187774658203,-16.631568908691406
scan77,24,3,large_disparity,3237,146.97686767578125,95.08010864257812,-51.896759033203125
scan77,24,3,occluded_any,5398,101.66960144042969,92.17779541015625,-9.491806030273438
scan77,24,3,occluded_majority,1425,118.52896881103516,110.16864013671875,-8.360328674316406
scan77,24,3,large_disp_and_occluded,1372,154.5788116455078,104.8472671508789,-49.731544494628906
scan77,24,3,boundary_and_occluded,930,133.10589599609375,118.84457397460938,-14.261322021484375
scan77,25,3,full,16262,55.37947082519531,37.545196533203125,-17.834274291992188
scan77,25,3,boundary,1627,125.69064331054688,93.93258666992188,-31.758056640625
scan77,25,3,large_disparity,3253,147.09764099121094,78.45599365234375,-68.64164733886719
scan77,25,3,occluded_any,5256,103.60076904296875,78.25115203857422,-25.34961700439453
scan77,25,3,occluded_majority,1409,119.37499237060547,96.23164367675781,-23.143348693847656
scan77,25,3,large_disp_and_occluded,1293,159.7476043701172,91.920654296875,-67.82695007324219
scan77,25,3,boundary_and_occluded,888,149.98825073242188,120.02072143554688,-29.967529296875
scan77,26,3,full,15935,48.83721923828125,33.12761688232422,-15.709602355957031
scan77,26,3,boundary,1594,110.97667694091797,84.92572021484375,-26.05095672607422
scan77,26,3,large_disparity,3187,141.43284606933594,80.7420425415039,-60.69080352783203
scan77,26,3,occluded_any,5402,83.47660827636719,62.900001525878906,-20.57660675048828
scan77,26,3,occluded_majority,1152,78.9875717163086,65.65425872802734,-13.33331298828125
scan77,26,3,large_disp_and_occluded,1411,152.34397888183594,83.84449005126953,-68.4994888305664
scan77,26,3,boundary_and_occluded,937,122.73157501220703,102.34200286865234,-20.389572143554688
scan77,27,3,full,15155,40.68603515625,30.03852081298828,-10.647514343261719
scan77,27,3,boundary,1516,115.97350311279297,87.80128479003906,-28.172218322753906
scan77,27,3,large_disparity,3031,121.78730010986328,86.423583984375,-35.36371612548828
scan77,27,3,occluded_any,4458,69.53025817871094,54.04421615600586,-15.486042022705078
scan77,27,3,occluded_majority,1163,82.88651275634766,65.8469467163086,-17.039566040039062
scan77,27,3,large_disp_and_occluded,1262,141.40493774414062,103.37619018554688,-38.02874755859375
scan77,27,3,boundary_and_occluded,865,119.95771026611328,94.78540802001953,-25.17230224609375
scan77,28,3,full,10040,32.62299346923828,18.119394302368164,-14.503599166870117
scan77,28,3,boundary,1004,97.02230072021484,71.8669204711914,-25.155380249023438
scan77,28,3,large_disparity,2008,93.71066284179688,37.328460693359375,-56.3822021484375
scan77,28,3,occluded_any,3061,79.18919372558594,44.71455383300781,-34.474639892578125
scan77,28,3,occluded_majority,2445,78.29650115966797,47.202518463134766,-31.093982696533203
scan77,28,3,large_disp_and_occluded,1005,148.73843383789062,64.84174346923828,-83.89669036865234
scan77,28,3,boundary_and_occluded,652,119.74320220947266,85.13296508789062,-34.61023712158203
scan77,29,3,full,10362,39.865379333496094,25.940980911254883,-13.924398422241211
scan77,29,3,boundary,1037,110.56253814697266,93.82415008544922,-16.738388061523438
scan77,29,3,large_disparity,2073,127.14806365966797,69.5194091796875,-57.62865447998047
scan77,29,3,occluded_any,3791,85.05438995361328,59.268890380859375,-25.785499572753906
scan77,29,3,occluded_majority,1151,133.97601318359375,108.67980194091797,-25.29621124267578
scan77,29,3,large_disp_and_occluded,1368,147.42027282714844,88.46905517578125,-58.95121765136719
scan77,29,3,boundary_and_occluded,748,139.3150634765625,118.94225311279297,-20.37281036376953
scan77,30,3,full,10762,53.30668640136719,38.952857971191406,-14.353828430175781
scan77,30,3,boundary,1077,134.5547332763672,118.08903503417969,-16.4656982421875
scan77,30,3,large_disparity,2153,162.50894165039062,100.99357604980469,-61.51536560058594
scan77,30,3,occluded_any,3954,117.54811096191406,91.95783996582031,-25.59027099609375
scan77,30,3,occluded_majority,1135,136.50091552734375,113.11528015136719,-23.385635375976562
scan77,30,3,large_disp_and_occluded,1470,191.65489196777344,131.37710571289062,-60.27778625488281
scan77,30,3,boundary_and_occluded,794,166.78018188476562,147.63343811035156,-19.146743774414062
scan77,31,3,full,11026,64.71084594726562,53.257713317871094,-11.453132629394531
scan77,31,3,boundary,1103,144.2760772705078,135.61788940429688,-8.658187866210938
scan77,31,3,large_disparity,2206,180.1029510498047,131.15699768066406,-48.945953369140625
scan77,31,3,occluded_any,4001,142.5750274658203,126.2291488647461,-16.34587860107422
scan77,31,3,occluded_majority,1202,132.30262756347656,118.11700439453125,-14.185623168945312
scan77,31,3,large_disp_and_occluded,1542,203.76319885253906,162.99024963378906,-40.77294921875
scan77,31,3,boundary_and_occluded,781,177.1659698486328,170.13482666015625,-7.0311431884765625
scan77,32,3,full,11000,74.36164855957031,55.49824523925781,-18.8634033203125
scan77,32,3,boundary,1100,154.48883056640625,133.1827850341797,-21.306045532226562
scan77,32,3,large_disparity,2200,193.73040771484375,141.60011291503906,-52.13029479980469
scan77,32,3,occluded_any,3886,158.3953094482422,135.73826599121094,-22.65704345703125
scan77,32,3,occluded_majority,1239,132.33189392089844,109.67171478271484,-22.660179138183594
scan77,32,3,large_disp_and_occluded,1539,222.38088989257812,176.5640411376953,-45.81684875488281
scan77,32,3,boundary_and_occluded,767,196.60525512695312,169.75291442871094,-26.852340698242188
scan77,33,3,full,10843,76.69158935546875,69.48008728027344,-7.2115020751953125
scan77,33,3,boundary,1085,153.74526977539062,151.01808166503906,-2.7271881103515625
scan77,33,3,large_disparity,2169,188.9184112548828,187.77259826660156,-1.14581298828125
scan77,33,3,occluded_any,3960,153.42916870117188,148.90846252441406,-4.5207061767578125
scan77,33,3,occluded_majority,1396,115.15184020996094,127.02630615234375,11.874465942382812
scan77,33,3,large_disp_and_occluded,1596,217.92332458496094,210.9601287841797,-6.96319580078125
scan77,33,3,boundary_and_occluded,793,190.7786102294922,181.48822021484375,-9.290390014648438
scan77,34,3,full,10647,71.6478500366211,65.70940399169922,-5.938446044921875
scan77,34,3,boundary,1065,148.65419006347656,132.42372131347656,-16.23046875
scan77,34,3,large_disparity,2130,152.4470672607422,122.66605377197266,-29.78101348876953
scan77,34,3,occluded_any,3734,150.40940856933594,136.6629180908203,-13.746490478515625
scan77,34,3,occluded_majority,1503,113.03327941894531,109.03328704833984,-3.9999923706054688
scan77,34,3,large_disp_and_occluded,1497,186.14735412597656,156.25279235839844,-29.894561767578125
scan77,34,3,boundary_and_occluded,779,191.239013671875,171.2450408935547,-19.993972778320312
scan77,35,3,full,10499,63.92911148071289,55.2349739074707,-8.694137573242188
scan77,35,3,boundary,1050,141.34779357910156,121.14698028564453,-20.20081329345703
scan77,35,3,large_disparity,2100,179.19094848632812,127.32984924316406,-51.86109924316406
scan77,35,3,occluded_any,3721,138.4522247314453,113.98676300048828,-24.46546173095703
scan77,35,3,occluded_majority,1147,192.47128295898438,182.20664978027344,-10.264633178710938
scan77,35,3,large_disp_and_occluded,1338,226.20408630371094,159.4882049560547,-66.71588134765625
scan77,35,3,boundary_and_occluded,726,191.82351684570312,167.2805633544922,-24.542953491210938
scan77,36,3,full,10406,57.108116149902344,70.19587707519531,13.087760925292969
scan77,36,3,boundary,1041,126.21656036376953,123.93538665771484,-2.2811737060546875
scan77,36,3,large_disparity,2082,148.97811889648438,174.71080017089844,25.732681274414062
scan77,36,3,occluded_any,3713,116.88619995117188,130.35638427734375,13.470184326171875
scan77,36,3,occluded_majority,1093,160.7482147216797,186.84783935546875,26.099624633789062
scan77,36,3,large_disp_and_occluded,1274,185.5841522216797,199.4938201904297,13.90966796875
scan77,36,3,boundary_and_occluded,723,169.2197265625,166.82040405273438,-2.399322509765625
scan77,37,3,full,10270,53.468536376953125,40.552696228027344,-12.915840148925781
scan77,37,3,boundary,1027,121.64385986328125,106.51834869384766,-15.125511169433594
scan77,37,3,large_disparity,2054,129.93373107910156,63.66519546508789,-66.26853561401367
scan77,37,3,occluded_any,3072,135.98365783691406,107.9355697631836,-28.04808807373047
scan77,37,3,occluded_majority,1320,175.25430297851562,175.780517578125,0.526214599609375
scan77,37,3,large_disp_and_occluded,1295,157.04644775390625,85.40497589111328,-71.64147186279297
scan77,37,3,boundary_and_occluded,675,171.6013641357422,149.1439208984375,-22.457443237304688
scan77,38,3,full,6253,80.82382202148438,103.5478744506836,22.72405242919922
scan77,38,3,boundary,626,131.53237915039062,126.75973510742188,-4.77264404296875
scan77,38,3,large_disparity,1251,214.95948791503906,262.8492126464844,47.88972473144531
scan77,38,3,occluded_any,2185,195.47720336914062,278.06915283203125,82.59194946289062
scan77,38,3,occluded_majority,1765,225.92974853515625,308.8824768066406,82.95272827148438
scan77,38,3,large_disp_and_occluded,842,271.0042724609375,378.0408630371094,107.03659057617188
scan77,38,3,boundary_and_occluded,292,198.1060333251953,205.81614685058594,7.710113525390625
scan77,39,3,full,6911,84.24073791503906,84.42804718017578,0.18730926513671875
scan77,39,3,boundary,692,143.23411560058594,125.68709564208984,-17.547019958496094
scan77,39,3,large_disparity,1383,252.51898193359375,268.4684753417969,15.949493408203125
scan77,39,3,occluded_any,2455,205.18243408203125,205.11537170410156,-0.0670623779296875
scan77,39,3,occluded_majority,1413,274.37353515625,266.78900146484375,-7.58453369140625
scan77,39,3,large_disp_and_occluded,1026,293.00244140625,292.68170166015625,-0.32073974609375
scan77,39,3,boundary_and_occluded,441,198.85916137695312,178.69296264648438,-20.16619873046875
scan77,40,3,full,7147,96.71776580810547,98.34981536865234,1.632049560546875
scan77,40,3,boundary,715,138.94056701660156,125.94066619873047,-12.999900817871094
scan77,40,3,large_disparity,1430,310.4422302246094,321.81390380859375,11.371673583984375
scan77,40,3,occluded_any,2563,228.19476318359375,230.2053680419922,2.0106048583984375
scan77,40,3,occluded_majority,1411,289.75128173828125,283.41986083984375,-6.3314208984375
scan77,40,3,large_disp_and_occluded,1081,345.47900390625,355.32354736328125,9.84454345703125
scan77,40,3,boundary_and_occluded,439,207.70729064941406,192.31333923339844,-15.393951416015625
scan77,41,3,full,7286,81.7139892578125,93.16072082519531,11.446731567382812
scan77,41,3,boundary,729,146.67967224121094,131.80502319335938,-14.874649047851562
scan77,41,3,large_disparity,1458,260.6061096191406,307.2929382324219,46.68682861328125
scan77,41,3,occluded_any,2551,210.1954345703125,233.89602661132812,23.700592041015625
scan77,41,3,occluded_majority,1473,274.68719482421875,275.6930236816406,1.005828857421875
scan77,41,3,large_disp_and_occluded,1141,315.5697021484375,341.759765625,26.1900634765625
scan77,41,3,boundary_and_occluded,469,212.11935424804688,195.6597442626953,-16.459609985351562
scan77,42,3,full,7450,89.15213775634766,90.23381042480469,1.0816726684570312
scan77,42,3,boundary,745,146.207763671875,131.2162322998047,-14.991531372070312
scan77,42,3,large_disparity,1490,280.9840087890625,289.60748291015625,8.62347412109375
scan77,42,3,occluded_any,2640,218.6357879638672,221.9453582763672,3.3095703125
scan77,42,3,occluded_majority,1586,267.74468994140625,256.7691345214844,-10.975555419921875
scan77,42,3,large_disp_and_occluded,1168,322.5746154785156,321.3456726074219,-1.22894287109375
scan77,42,3,boundary_and_occluded,485,208.9646453857422,188.55824279785156,-20.406402587890625
scan77,43,3,full,7635,81.38086700439453,77.40385437011719,-3.9770126342773438
scan77,43,3,boundary,764,136.7532501220703,124.9787368774414,-11.774513244628906
scan77,43,3,large_disparity,1527,188.83421325683594,157.7078094482422,-31.12640380859375
scan77,43,3,occluded_any,2796,181.01461791992188,165.39889526367188,-15.61572265625
scan77,43,3,occluded_majority,1704,215.041259765625,195.7938232421875,-19.2474365234375
scan77,43,3,large_disp_and_occluded,1119,226.72299194335938,181.7366180419922,-44.98637390136719
scan77,43,3,boundary_and_occluded,504,189.65248107910156,176.1480712890625,-13.504409790039062
scan77,44,3,full,7700,84.3003921508789,74.816162109375,-9.484230041503906
scan77,44,3,boundary,770,143.34912109375,134.02450561523438,-9.324615478515625
scan77,44,3,large_disparity,1540,186.64443969726562,165.75775146484375,-20.886688232421875
scan77,44,3,occluded_any,2767,179.86135864257812,174.59962463378906,-5.2617340087890625
scan77,44,3,occluded_majority,1600,212.04425048828125,209.68093872070312,-2.363311767578125
scan77,44,3,large_disp_and_occluded,1114,216.67225646972656,195.08132934570312,-21.590927124023438
scan77,44,3,boundary_and_occluded,521,191.45008850097656,185.7999267578125,-5.6501617431640625
scan77,45,3,full,7638,83.61876678466797,66.2470703125,-17.37169647216797
scan77,45,3,boundary,764,145.1851348876953,133.33970642089844,-11.845428466796875
scan77,45,3,large_disparity,1528,194.655517578125,159.77401733398438,-34.881500244140625
scan77,45,3,occluded_any,2767,184.72142028808594,168.2677764892578,-16.453643798828125
scan77,45,3,occluded_majority,1591,213.7060546875,201.02891540527344,-12.677139282226562
scan77,45,3,large_disp_and_occluded,1120,228.50242614746094,203.7018280029297,-24.80059814453125
scan77,45,3,boundary_and_occluded,485,213.11297607421875,199.9028778076172,-13.210098266601562
scan77,46,3,full,7402,65.53898620605469,53.5325927734375,-12.006393432617188
scan77,46,3,boundary,741,141.45323181152344,124.0103759765625,-17.442855834960938
scan77,46,3,large_disparity,1481,155.57456970214844,111.92619323730469,-43.64837646484375
scan77,46,3,occluded_any,2782,152.38507080078125,130.7836456298828,-21.601425170898438
scan77,46,3,occluded_majority,1520,191.27706909179688,171.17269897460938,-20.1043701171875
scan77,46,3,large_disp_and_occluded,1103,183.2626190185547,140.28616333007812,-42.97645568847656
scan77,46,3,boundary_and_occluded,509,187.58734130859375,166.46839904785156,-21.118942260742188
scan77,47,3,full,6982,48.42180633544922,37.930240631103516,-10.491565704345703
scan77,47,3,boundary,699,127.01790618896484,112.53009033203125,-14.487815856933594
scan77,47,3,large_disparity,1397,113.49777221679688,65.016845703125,-48.480926513671875
scan77,47,3,occluded_any,2582,110.51525115966797,91.87860870361328,-18.636642456054688
scan77,47,3,occluded_majority,1424,154.1070098876953,137.6453399658203,-16.461669921875
scan77,47,3,large_disp_and_occluded,999,134.10877990722656,81.70467376708984,-52.40410614013672
scan77,47,3,boundary_and_occluded,497,156.25274658203125,141.60044860839844,-14.652297973632812
scan77,48,3,full,6774,45.075191497802734,33.56934356689453,-11.505847930908203
scan77,48,3,boundary,678,117.55403900146484,105.33697509765625,-12.217063903808594
scan77,48,3,large_disparity,1355,95.5487289428711,43.8540153503418,-51.6947135925293
scan77,48,3,occluded_any,2686,105.4326171875,79.1139144897461,-26.318702697753906
scan77,48,3,occluded_majority,1547,130.55934143066406,99.3662109375,-31.193130493164062
scan77,48,3,large_disp_and_occluded,1127,109.46418762207031,50.53151321411133,-58.932674407958984
scan77,48,3,boundary_and_occluded,428,172.15049743652344,157.1200408935547,-15.03045654296875
scan110,0,3,full,12878,4.416003704071045,2.9304730892181396,-1.4855306148529053
scan110,0,3,boundary,1288,21.379955291748047,16.11924934387207,-5.260705947875977
scan110,0,3,large_disparity,2576,9.522557258605957,7.268242359161377,-2.25431489944458
scan110,0,3,occluded_any,1635,13.441926002502441,10.975046157836914,-2.4668798446655273
scan110,0,3,occluded_majority,1126,17.59898567199707,14.124974250793457,-3.4740114212036133
scan110,0,3,large_disp_and_occluded,914,17.768230438232422,14.999544143676758,-2.768686294555664
scan110,0,3,boundary_and_occluded,657,24.173564910888672,19.359689712524414,-4.813875198364258
scan110,1,3,full,14751,1.6855968236923218,1.6363531351089478,-0.04924368858337402
scan110,1,3,boundary,1476,9.072037696838379,9.055152893066406,-0.016884803771972656
scan110,1,3,large_disparity,2951,4.372191905975342,4.301672458648682,-0.07051944732666016
scan110,1,3,occluded_any,2052,6.714656352996826,6.878348350524902,0.16369199752807617
scan110,1,3,occluded_majority,1031,10.508463859558105,10.576882362365723,0.06841850280761719
scan110,1,3,large_disp_and_occluded,1035,10.403157234191895,10.706839561462402,0.3036823272705078
scan110,1,3,boundary_and_occluded,903,12.25638484954834,12.431866645812988,0.17548179626464844
scan110,2,3,full,15940,3.9806885719299316,2.6271636486053467,-1.353524923324585
scan110,2,3,boundary,1594,21.96364974975586,17.173948287963867,-4.789701461791992
scan110,2,3,large_disparity,3188,9.303694725036621,9.151189804077148,-0.15250492095947266
scan110,2,3,occluded_any,1695,21.8779239654541,19.052223205566406,-2.8257007598876953
scan110,2,3,occluded_majority,992,31.096694946289062,28.63634490966797,-2.4603500366210938
scan110,2,3,large_disp_and_occluded,838,33.61201858520508,33.339599609375,-0.2724189758300781
scan110,2,3,boundary_and_occluded,902,32.7165641784668,27.48134422302246,-5.235219955444336
scan110,3,3,full,16594,6.580575466156006,5.947564601898193,-0.6330108642578125
scan110,3,3,boundary,1660,25.564409255981445,23.932432174682617,-1.6319770812988281
scan110,3,3,large_disparity,3319,24.249940872192383,21.585186004638672,-2.664754867553711
scan110,3,3,occluded_any,2564,36.95646667480469,33.31126022338867,-3.6452064514160156
scan110,3,3,occluded_majority,1336,64.55015563964844,57.83760452270508,-6.712551116943359
scan110,3,3,large_disp_and_occluded,1105,71.31649780273438,63.60641860961914,-7.710079193115234
scan110,3,3,boundary_and_occluded,1110,34.76263427734375,32.78358459472656,-1.9790496826171875
scan110,4,3,full,15617,13.81586742401123,13.403430938720703,-0.41243648529052734
scan110,4,3,boundary,1562,52.761104583740234,50.24948501586914,-2.5116195678710938
scan110,4,3,large_disparity,3124,34.72124481201172,25.481094360351562,-9.240150451660156
scan110,4,3,occluded_any,2296,84.1153793334961,74.36183166503906,-9.753547668457031
scan110,4,3,occluded_majority,1600,95.75666046142578,92.22216033935547,-3.5345001220703125
scan110,4,3,large_disp_and_occluded,1047,100.74225616455078,73.839111328125,-26.90314483642578
scan110,4,3,boundary_and_occluded,1023,71.63228607177734,63.75202560424805,-7.880260467529297
scan110,5,3,full,13881,10.771702766418457,10.8052978515625,0.03359508514404297
scan110,5,3,boundary,1389,41.64990997314453,42.20732498168945,0.5574150085449219
scan110,5,3,large_disparity,2777,26.682315826416016,25.568998336791992,-1.1133174896240234
scan110,5,3,occluded_any,1783,75.87223052978516,75.21110534667969,-0.6611251831054688
scan110,5,3,occluded_majority,1252,102.81204223632812,101.59828186035156,-1.2137603759765625
scan110,5,3,large_disp_and_occluded,597,122.7242202758789,117.62677764892578,-5.097442626953125
scan110,5,3,boundary_and_occluded,967,55.550113677978516,55.66739273071289,0.117279052734375
scan110,6,3,full,15092,4.174166202545166,4.189365863800049,0.015199661254882812
scan110,6,3,boundary,1510,24.530967712402344,25.356149673461914,0.8251819610595703
scan110,6,3,large_disparity,3019,12.854758262634277,12.58822250366211,-0.26653575897216797
scan110,6,3,occluded_any,2061,24.558542251586914,24.412879943847656,-0.1456623077392578
scan110,6,3,occluded_majority,1386,33.88676071166992,33.12630844116211,-0.7604522705078125
scan110,6,3,large_disp_and_occluded,780,46.50505828857422,44.77750015258789,-1.7275581359863281
scan110,6,3,boundary_and_occluded,1036,33.780616760253906,33.835670471191406,0.0550537109375
scan110,7,3,full,15099,1.8161426782608032,1.7139602899551392,-0.10218238830566406
scan110,7,3,boundary,1510,10.987235069274902,10.525289535522461,-0.4619455337524414
scan110,7,3,large_disparity,3020,4.29718017578125,3.759197235107422,-0.5379829406738281
scan110,7,3,occluded_any,1818,10.33644962310791,9.543508529663086,-0.7929410934448242
scan110,7,3,occluded_majority,1017,15.719064712524414,14.664145469665527,-1.0549192428588867
scan110,7,3,large_disp_and_occluded,671,17.79777717590332,15.61847972869873,-2.17929744720459
scan110,7,3,boundary_and_occluded,1002,15.12681770324707,14.13931941986084,-0.9874982833862305
scan110,8,3,full,14854,1.5455422401428223,1.6309887170791626,0.08544647693634033
scan110,8,3,boundary,1486,8.310260772705078,8.680826187133789,0.37056541442871094
scan110,8,3,large_disparity,2971,4.5877251625061035,5.197624683380127,0.6098995208740234
scan110,8,3,occluded_any,1765,8.210855484008789,9.286602973937988,1.0757474899291992
scan110,8,3,occluded_majority,968,10.886765480041504,12.450817108154297,1.564051628112793
scan110,8,3,large_disp_and_occluded,812,14.565674781799316,16.953996658325195,2.388321876525879
scan110,8,3,boundary_and_occluded,968,10.943593978881836,11.749529838562012,0.8059358596801758
scan110,9,3,full,14359,1.7089495658874512,1.6316587924957275,-0.07729077339172363
scan110,9,3,boundary,1436,8.745536804199219,8.189919471740723,-0.5556173324584961
scan110,9,3,large_disparity,2872,5.040313720703125,4.641016006469727,-0.39929771423339844
scan110,9,3,occluded_any,1957,7.874673843383789,7.406274318695068,-0.4683995246887207
scan110,9,3,occluded_majority,1241,10.159294128417969,9.445344924926758,-0.7139492034912109
scan110,9,3,large_disp_and_occluded,1069,11.933338165283203,11.152791976928711,-0.7805461883544922
scan110,9,3,boundary_and_occluded,935,12.236570358276367,11.57927417755127,-0.6572961807250977
scan110,10,3,full,13397,2.691155195236206,2.5845508575439453,-0.10660433769226074
scan110,10,3,boundary,1340,11.903945922851562,11.349455833435059,-0.5544900894165039
scan110,10,3,large_disparity,2680,9.068404197692871,8.779516220092773,-0.28888797760009766
scan110,10,3,occluded_any,1931,12.619294166564941,12.383697509765625,-0.2355966567993164
scan110,10,3,occluded_majority,1265,17.45372772216797,17.32455062866211,-0.12917709350585938
scan110,10,3,large_disp_and_occluded,1143,19.2491455078125,18.9116153717041,-0.33753013610839844
scan110,10,3,boundary_and_occluded,915,15.746499061584473,15.223616600036621,-0.5228824615478516
scan110,11,3,full,11202,1.8458068370819092,3.3170371055603027,1.4712302684783936
scan110,11,3,boundary,1121,6.29032039642334,9.926074028015137,3.635753631591797
scan110,11,3,large_disparity,2241,4.946845531463623,12.53944206237793,7.592596530914307
scan110,11,3,occluded_any,1586,7.202996730804443,17.964946746826172,10.761950016021729
scan110,11,3,occluded_majority,1060,8.225818634033203,21.3997859954834,13.173967361450195
scan110,11,3,large_disp_and_occluded,928,10.054762840270996,28.732152938842773,18.677390098571777
scan110,11,3,boundary_and_occluded,787,6.522575855255127,11.950075149536133,5.427499294281006
scan110,12,3,full,12327,3.1488418579101562,2.7957966327667236,-0.3530452251434326
scan110,12,3,boundary,1233,10.995203971862793,10.294658660888672,-0.7005453109741211
scan110,12,3,large_disparity,2466,12.249761581420898,11.285715103149414,-0.9640464782714844
scan110,12,3,occluded_any,1877,15.950117111206055,14.722991943359375,-1.2271251678466797
scan110,12,3,occluded_majority,1220,19.790756225585938,17.657367706298828,-2.1333885192871094
scan110,12,3,large_disp_and_occluded,995,28.284725189208984,26.08982276916504,-2.1949024200439453
scan110,12,3,boundary_and_occluded,958,13.069966316223145,12.289748191833496,-0.7802181243896484
scan110,13,3,full,12692,2.6742467880249023,2.3985536098480225,-0.2756931781768799
scan110,13,3,boundary,1270,11.0289306640625,10.359859466552734,-0.6690711975097656
scan110,13,3,large_disparity,2539,10.05322265625,8.958703994750977,-1.0945186614990234
scan110,13,3,occluded_any,1812,14.238962173461914,12.665793418884277,-1.5731687545776367
scan110,13,3,occluded_majority,1345,17.91286277770996,15.87027359008789,-2.0425891876220703
scan110,13,3,large_disp_and_occluded,996,24.099781036376953,21.336074829101562,-2.7637062072753906
scan110,13,3,boundary_and_occluded,920,14.606375694274902,13.774476051330566,-0.8318996429443359
scan110,14,3,full,13128,1.9783562421798706,1.8317893743515015,-0.14656686782836914
scan110,14,3,boundary,1313,9.166956901550293,9.00101089477539,-0.16594600677490234
scan110,14,3,large_disparity,2626,6.291539192199707,6.003969192504883,-0.2875699996948242
scan110,14,3,occluded_any,1555,9.32081127166748,9.076191902160645,-0.24461936950683594
scan110,14,3,occluded_majority,1092,11.622669219970703,11.335990905761719,-0.2866783142089844
scan110,14,3,large_disp_and_occluded,749,16.912654876708984,16.414283752441406,-0.4983711242675781
scan110,14,3,boundary_and_occluded,920,11.97802734375,11.924488067626953,-0.053539276123046875
scan110,15,3,full,13263,1.8496900796890259,1.7232612371444702,-0.12642884254455566
scan110,15,3,boundary,1327,9.474666595458984,9.276975631713867,-0.1976909637451172
scan110,15,3,large_disparity,2653,6.283891677856445,5.986470699310303,-0.2974209785461426
scan110,15,3,occluded_any,1480,11.277512550354004,10.874750137329102,-0.40276241302490234
scan110,15,3,occluded_majority,901,14.399415016174316,14.194950103759766,-0.20446491241455078
scan110,15,3,large_disp_and_occluded,633,23.234708786010742,22.299758911132812,-0.9349498748779297
scan110,15,3,boundary_and_occluded,956,12.28207778930664,12.0830078125,-0.19906997680664062
scan110,16,3,full,13337,1.231435775756836,1.1694360971450806,-0.06199967861175537
scan110,16,3,boundary,1334,6.044427871704102,6.122556686401367,0.07812881469726562
scan110,16,3,large_disparity,2668,2.712437629699707,2.8069586753845215,0.09452104568481445
scan110,16,3,occluded_any,1465,5.627772808074951,5.517112731933594,-0.11066007614135742
scan110,16,3,occluded_majority,853,7.298240661621094,7.108495712280273,-0.1897449493408203
scan110,16,3,large_disp_and_occluded,488,11.463926315307617,11.513272285461426,0.049345970153808594
scan110,16,3,boundary_and_occluded,940,7.253815650939941,6.910134315490723,-0.34368133544921875
scan110,17,3,full,13331,1.5828412771224976,1.5032020807266235,-0.07963919639587402
scan110,17,3,boundary,1334,7.064815521240234,6.804689884185791,-0.26012563705444336
scan110,17,3,large_disparity,2667,2.6397616863250732,2.7454206943511963,0.10565900802612305
scan110,17,3,occluded_any,1551,6.830514430999756,6.449267864227295,-0.38124656677246094
scan110,17,3,occluded_majority,881,8.777276992797852,8.280535697937012,-0.49674129486083984
scan110,17,3,large_disp_and_occluded,480,10.915739059448242,10.975913047790527,0.060173988342285156
scan110,17,3,boundary_and_occluded,926,8.606701850891113,8.127838134765625,-0.4788637161254883
scan110,18,3,full,12579,2.9447669982910156,3.0797245502471924,0.13495755195617676
scan110,18,3,boundary,1258,17.300474166870117,17.767974853515625,0.4675006866455078
scan110,18,3,large_disparity,2516,8.467650413513184,9.296207427978516,0.828557014465332
scan110,18,3,occluded_any,1320,18.41376304626465,18.23447036743164,-0.1792926788330078
scan110,18,3,occluded_majority,763,27.683143615722656,27.715145111083984,0.032001495361328125
scan110,18,3,large_disp_and_occluded,423,45.15543746948242,46.42547607421875,1.2700386047363281
scan110,18,3,boundary_and_occluded,856,22.251407623291016,21.934289932250977,-0.31711769104003906
scan110,19,3,full,10423,4.464005947113037,4.666282653808594,0.20227670669555664
scan110,19,3,boundary,1043,21.592039108276367,21.699968338012695,0.10792922973632812
scan110,19,3,large_disparity,2085,15.191839218139648,15.494821548461914,0.3029823303222656
scan110,19,3,occluded_any,1017,32.44281005859375,32.63364028930664,0.19083023071289062
scan110,19,3,occluded_majority,694,43.4799919128418,43.69729995727539,0.21730804443359375
scan110,19,3,large_disp_and_occluded,431,64.26958465576172,65.7182388305664,1.4486541748046875
scan110,19,3,boundary_and_occluded,647,29.134950637817383,29.116487503051758,-0.018463134765625
scan110,20,3,full,11369,2.0241732597351074,1.9610636234283447,-0.0631096363067627
scan110,20,3,boundary,1137,7.418949604034424,7.385222434997559,-0.033727169036865234
scan110,20,3,large_disparity,2274,3.352306365966797,2.9448864459991455,-0.40741991996765137
scan110,20,3,occluded_any,1302,8.620391845703125,8.502068519592285,-0.11832332611083984
scan110,20,3,occluded_majority,712,10.391546249389648,10.730340957641602,0.3387947082519531
scan110,20,3,large_disp_and_occluded,284,18.165592193603516,18.017168045043945,-0.1484241485595703
scan110,20,3,boundary_and_occluded,765,7.986178874969482,7.777281284332275,-0.20889759063720703
scan110,21,3,full,11847,1.4428926706314087,1.358768343925476,-0.08412432670593262
scan110,21,3,boundary,1185,5.654269695281982,5.739840984344482,0.0855712890625
scan110,21,3,large_disparity,2370,2.400435447692871,2.289412498474121,-0.11102294921875
scan110,21,3,occluded_any,1419,5.399739742279053,5.166202068328857,-0.2335376739501953
scan110,21,3,occluded_majority,912,7.204068183898926,6.6745829582214355,-0.5294852256774902
scan110,21,3,large_disp_and_occluded,402,9.243593215942383,9.142414093017578,-0.10117912292480469
scan110,21,3,boundary_and_occluded,824,6.826635360717773,6.717948913574219,-0.10868644714355469
scan110,22,3,full,11873,1.4380165338516235,1.386175274848938,-0.05184125900268555
scan110,22,3,boundary,1188,7.182958126068115,7.455826759338379,0.27286863327026367
scan110,22,3,large_disparity,2375,4.053586006164551,3.932434558868408,-0.12115144729614258
scan110,22,3,occluded_any,1272,7.922539710998535,7.779421806335449,-0.14311790466308594
scan110,22,3,occluded_majority,747,10.490326881408691,10.556318283081055,0.06599140167236328
scan110,22,3,large_disp_and_occluded,429,19.306236267089844,18.431907653808594,-0.87432861328125
scan110,22,3,boundary_and_occluded,853,9.031489372253418,9.429044723510742,0.3975553512573242
scan110,23,3,full,11772,1.7727051973342896,1.8557465076446533,0.08304131031036377
scan110,23,3,boundary,1178,8.698500633239746,9.622901916503906,0.9244012832641602
scan110,23,3,large_disparity,2355,5.613592147827148,6.053744316101074,0.4401521682739258
scan110,23,3,occluded_any,1329,9.61805534362793,10.156620025634766,0.5385646820068359
scan110,23,3,occluded_majority,852,12.006172180175781,12.625466346740723,0.6192941665649414
scan110,23,3,large_disp_and_occluded,473,23.833219528198242,25.524940490722656,1.691720962524414
scan110,23,3,boundary_and_occluded,855,11.14482593536377,12.352728843688965,1.2079029083251953
scan110,24,3,full,11614,2.0193657875061035,2.000006675720215,-0.019359111785888672
scan110,24,3,boundary,1162,10.9420804977417,11.171619415283203,0.2295389175415039
scan110,24,3,large_disparity,2323,7.039454936981201,7.060913562774658,0.02145862579345703
scan110,24,3,occluded_any,1347,12.069716453552246,12.009055137634277,-0.06066131591796875
scan110,24,3,occluded_majority,865,14.026562690734863,13.697346687316895,-0.32921600341796875
scan110,24,3,large_disp_and_occluded,531,28.208227157592773,27.827978134155273,-0.3802490234375
scan110,24,3,boundary_and_occluded,835,14.62796688079834,14.832990646362305,0.20502376556396484
scan110,25,3,full,11368,2.7527854442596436,2.4720144271850586,-0.28077101707458496
scan110,25,3,boundary,1137,13.124619483947754,13.562601089477539,0.43798160552978516
scan110,25,3,large_disparity,2274,10.42724609375,9.356133460998535,-1.0711126327514648
scan110,25,3,occluded_any,1420,16.917503356933594,15.275371551513672,-1.6421318054199219
scan110,25,3,occluded_majority,1023,20.286800384521484,18.40392303466797,-1.8828773498535156
scan110,25,3,large_disp_and_occluded,591,38.04353332519531,34.06474304199219,-3.978790283203125
scan110,25,3,boundary_and_occluded,834,17.325054168701172,17.79841423034668,0.4733600616455078
scan110,26,3,full,11353,3.31801176071167,3.035862922668457,-0.2821488380432129
scan110,26,3,boundary,1136,15.367414474487305,14.591882705688477,-0.7755317687988281
scan110,26,3,large_disparity,2271,13.571917533874512,12.595793724060059,-0.9761238098144531
scan110,26,3,occluded_any,1576,19.324005126953125,18.159591674804688,-1.1644134521484375
scan110,26,3,occluded_majority,1123,23.57323455810547,22.798025131225586,-0.7752094268798828
scan110,26,3,large_disp_and_occluded,824,35.57618713378906,33.4730110168457,-2.1031761169433594
scan110,26,3,boundary_and_occluded,908,18.486961364746094,17.649911880493164,-0.8370494842529297
scan110,27,3,full,10855,3.557023763656616,3.228008508682251,-0.32901525497436523
scan110,27,3,boundary,1086,10.591867446899414,10.304788589477539,-0.287078857421875
scan110,27,3,large_disparity,2171,11.706683158874512,10.535237312316895,-1.1714458465576172
scan110,27,3,occluded_any,1634,19.222370147705078,17.33835220336914,-1.8840179443359375
scan110,27,3,occluded_majority,1076,21.74116325378418,19.502748489379883,-2.238414764404297
scan110,27,3,large_disp_and_occluded,721,33.463375091552734,30.22195816040039,-3.2414169311523438
scan110,27,3,boundary_and_occluded,866,12.160072326660156,11.72128963470459,-0.4387826919555664
scan110,28,3,full,8822,3.1905999183654785,3.004953622817993,-0.18564629554748535
scan110,28,3,boundary,883,13.663762092590332,12.595237731933594,-1.0685243606567383
scan110,28,3,large_disparity,1765,11.485138893127441,10.848644256591797,-0.6364946365356445
scan110,28,3,occluded_any,1227,16.59000587463379,15.774933815002441,-0.8150720596313477
scan110,28,3,occluded_majority,863,21.805692672729492,21.019826889038086,-0.7858657836914062
scan110,28,3,large_disp_and_occluded,496,36.92768478393555,35.44894027709961,-1.4787445068359375
scan110,28,3,boundary_and_occluded,664,15.480588912963867,14.168107032775879,-1.3124818801879883
scan110,29,3,full,9496,3.6138527393341064,3.6404476165771484,0.026594877243041992
scan110,29,3,boundary,950,14.62240982055664,14.275404930114746,-0.34700489044189453
scan110,29,3,large_disparity,1900,14.231141090393066,13.65599536895752,-0.5751457214355469
scan110,29,3,occluded_any,1379,19.228151321411133,18.537736892700195,-0.6904144287109375
scan110,29,3,occluded_majority,883,27.00830841064453,26.458637237548828,-0.5496711730957031
scan110,29,3,large_disp_and_occluded,557,43.481834411621094,41.416831970214844,-2.06500244140625
scan110,29,3,boundary_and_occluded,755,17.05811309814453,16.204702377319336,-0.8534107208251953
scan110,30,3,full,9998,3.44692325592041,3.0590121746063232,-0.3879110813140869
scan110,30,3,boundary,1000,18.160240173339844,15.522263526916504,-2.63797664642334
scan110,30,3,large_disparity,2000,13.850333213806152,12.247200012207031,-1.603133201599121
scan110,30,3,occluded_any,1309,21.010942459106445,18.718299865722656,-2.292642593383789
scan110,30,3,occluded_majority,868,28.778905868530273,26.054035186767578,-2.7248706817626953
scan110,30,3,large_disp_and_occluded,581,45.02389144897461,40.01327896118164,-5.010612487792969
scan110,30,3,boundary_and_occluded,771,22.53638458251953,19.25423240661621,-3.2821521759033203
scan110,31,3,full,10223,2.916567087173462,2.7137067317962646,-0.20286035537719727
scan110,31,3,boundary,1023,15.410333633422852,13.389452934265137,-2.020880699157715
scan110,31,3,large_disparity,2045,11.694319725036621,10.604451179504395,-1.0898685455322266
scan110,31,3,occluded_any,1257,18.63031768798828,16.882856369018555,-1.7474613189697266
scan110,31,3,occluded_majority,864,24.435054779052734,22.37026596069336,-2.064788818359375
scan110,31,3,large_disp_and_occluded,473,47.35422134399414,42.6412353515625,-4.712985992431641
scan110,31,3,boundary_and_occluded,757,20.189945220947266,17.400238037109375,-2.7897071838378906
scan110,32,3,full,10194,2.9877257347106934,2.577716827392578,-0.41000890731811523
scan110,32,3,boundary,1020,16.510366439819336,14.04825210571289,-2.4621143341064453
scan110,32,3,large_disparity,2039,11.48898696899414,9.484047889709473,-2.004939079284668
scan110,32,3,occluded_any,1233,18.368867874145508,15.262349128723145,-3.1065187454223633
scan110,32,3,occluded_majority,829,20.895641326904297,18.066696166992188,-2.8289451599121094
scan110,32,3,large_disp_and_occluded,441,48.25446319580078,39.89640808105469,-8.358055114746094
scan110,32,3,boundary_and_occluded,801,20.246671676635742,17.302419662475586,-2.9442520141601562
scan110,33,3,full,10276,2.1898069381713867,1.993714451789856,-0.19609248638153076
scan110,33,3,boundary,1028,11.822309494018555,10.602872848510742,-1.2194366455078125
scan110,33,3,large_disparity,2056,7.1262006759643555,6.553689479827881,-0.5725111961364746
scan110,33,3,occluded_any,1199,11.97624683380127,10.752495765686035,-1.2237510681152344
scan110,33,3,occluded_majority,781,15.420125961303711,13.863801002502441,-1.5563249588012695
scan110,33,3,large_disp_and_occluded,400,30.694808959960938,28.16204071044922,-2.5327682495117188
scan110,33,3,boundary_and_occluded,753,15.202345848083496,13.661697387695312,-1.5406484603881836
scan110,34,3,full,10402,1.5802831649780273,1.4758868217468262,-0.10439634323120117
scan110,34,3,boundary,1041,8.59075927734375,7.282597064971924,-1.3081622123718262
scan110,34,3,large_disparity,2081,3.7640912532806396,3.431002616882324,-0.33308863639831543
scan110,34,3,occluded_any,1272,7.234893798828125,6.303843021392822,-0.9310507774353027
scan110,34,3,occluded_majority,802,9.581727027893066,8.283485412597656,-1.2982416152954102
scan110,34,3,large_disp_and_occluded,376,16.46573257446289,14.773279190063477,-1.692453384399414
scan110,34,3,boundary_and_occluded,767,10.272345542907715,8.78279972076416,-1.4895458221435547
scan110,35,3,full,10335,1.55829918384552,1.4094653129577637,-0.14883387088775635
scan110,35,3,boundary,1034,7.413642406463623,6.944732666015625,-0.46890974044799805
scan110,35,3,large_disparity,2067,3.577244758605957,3.3921988010406494,-0.18504595756530762
scan110,35,3,occluded_any,1305,6.555306434631348,6.0783233642578125,-0.47698307037353516
scan110,35,3,occluded_majority,712,9.022552490234375,8.503776550292969,-0.5187759399414062
scan110,35,3,large_disp_and_occluded,493,12.436607360839844,12.078608512878418,-0.3579988479614258
scan110,35,3,boundary_and_occluded,744,8.915674209594727,8.262455940246582,-0.6532182693481445
scan110,36,3,full,9922,1.9283884763717651,1.6793105602264404,-0.2490779161453247
scan110,36,3,boundary,993,8.71307373046875,7.138153553009033,-1.5749201774597168
scan110,36,3,large_disparity,1985,3.3646047115325928,2.848208427429199,-0.5163962841033936
scan110,36,3,occluded_any,1349,7.217434883117676,5.943226337432861,-1.2742085456848145
scan110,36,3,occluded_majority,683,10.453246116638184,8.711966514587402,-1.7412796020507812
scan110,36,3,large_disp_and_occluded,432,12.272947311401367,10.239201545715332,-2.033745765686035
scan110,36,3,boundary_and_occluded,708,9.868404388427734,7.617238521575928,-2.2511658668518066
scan110,37,3,full,9265,2.751845359802246,2.6260783672332764,-0.12576699256896973
scan110,37,3,boundary,927,11.116275787353516,9.472884178161621,-1.6433916091918945
scan110,37,3,large_disparity,1853,4.637201309204102,3.9153194427490234,-0.7218818664550781
scan110,37,3,occluded_any,1590,10.661592483520508,9.900300025939941,-0.7612924575805664
scan110,37,3,occluded_majority,818,14.79317855834961,13.035717010498047,-1.7574615478515625
scan110,37,3,large_disp_and_occluded,402,19.222978591918945,16.04764747619629,-3.1753311157226562
scan110,37,3,boundary_and_occluded,714,12.055519104003906,9.850287437438965,-2.2052316665649414
scan110,38,3,full,6838,9.860871315002441,10.691624641418457,0.8307533264160156
scan110,38,3,boundary,684,46.99797439575195,45.871429443359375,-1.1265449523925781
scan110,38,3,large_disparity,1368,33.90443801879883,34.85214614868164,0.9477081298828125
scan110,38,3,occluded_any,1022,51.46933364868164,51.64038848876953,0.17105484008789062
scan110,38,3,occluded_majority,792,60.44783401489258,61.0253791809082,0.577545166015625
scan110,38,3,large_disp_and_occluded,450,97.65348815917969,98.6075210571289,0.9540328979492188
scan110,38,3,boundary_and_occluded,471,60.808563232421875,59.560062408447266,-1.2485008239746094
scan110,39,3,full,7651,6.254690647125244,5.515146255493164,-0.7395443916320801
scan110,39,3,boundary,766,32.818634033203125,28.81021499633789,-4.008419036865234
scan110,39,3,large_disparity,1531,18.935367584228516,18.046396255493164,-0.8889713287353516
scan110,39,3,occluded_any,1431,24.97875213623047,23.467121124267578,-1.5116310119628906
scan110,39,3,occluded_majority,733,41.244258880615234,39.32847595214844,-1.9157829284667969
scan110,39,3,large_disp_and_occluded,478,57.51297378540039,54.49008560180664,-3.02288818359375
scan110,39,3,boundary_and_occluded,562,38.288551330566406,35.534915924072266,-2.7536354064941406
scan110,40,3,full,8338,4.402429103851318,4.136562824249268,-0.2658662796020508
scan110,40,3,boundary,834,23.58261489868164,21.479463577270508,-2.103151321411133
scan110,40,3,large_disparity,1668,16.382333755493164,15.322822570800781,-1.0595111846923828
scan110,40,3,occluded_any,1320,22.443130493164062,20.55870246887207,-1.8844280242919922
scan110,40,3,occluded_majority,722,36.369895935058594,34.31911849975586,-2.0507774353027344
scan110,40,3,large_disp_and_occluded,560,46.052085876464844,43.26629638671875,-2.7857894897460938
scan110,40,3,boundary_and_occluded,615,29.804540634155273,26.88892936706543,-2.9156112670898438
scan110,41,3,full,8774,3.5828001499176025,3.208465576171875,-0.37433457374572754
scan110,41,3,boundary,878,21.538000106811523,19.820396423339844,-1.7176036834716797
scan110,41,3,large_disparity,1755,12.99049186706543,11.998722076416016,-0.9917697906494141
scan110,41,3,occluded_any,1192,20.06635284423828,18.726383209228516,-1.3399696350097656
scan110,41,3,occluded_majority,739,29.24434471130371,27.706974029541016,-1.5373706817626953
scan110,41,3,large_disp_and_occluded,477,44.12165832519531,41.63129425048828,-2.4903640747070312
scan110,41,3,boundary_and_occluded,649,26.70516014099121,24.86922264099121,-1.8359375
scan110,42,3,full,8940,2.7067558765411377,2.2287662029266357,-0.47798967361450195
scan110,42,3,boundary,894,17.08957862854004,14.79822063446045,-2.29135799407959
scan110,42,3,large_disparity,1788,9.000895500183105,7.655412197113037,-1.3454833030700684
scan110,42,3,occluded_any,1052,15.975188255310059,13.576920509338379,-2.3982677459716797
scan110,42,3,occluded_majority,610,22.6235408782959,20.155689239501953,-2.4678516387939453
scan110,42,3,large_disp_and_occluded,399,36.28778076171875,31.332307815551758,-4.955472946166992
scan110,42,3,boundary_and_occluded,652,21.830242156982422,18.8752384185791,-2.9550037384033203
scan110,43,3,full,9049,2.620168685913086,2.073939561843872,-0.5462291240692139
scan110,43,3,boundary,905,13.55714225769043,10.919156074523926,-2.637986183166504
scan110,43,3,large_disparity,1810,7.647201061248779,6.316061496734619,-1.3311395645141602
scan110,43,3,occluded_any,998,14.038423538208008,10.779746055603027,-3.2586774826049805
scan110,43,3,occluded_majority,632,16.45877456665039,12.822358131408691,-3.636416435241699
scan110,43,3,large_disp_and_occluded,318,34.29442596435547,28.046375274658203,-6.248050689697266
scan110,43,3,boundary_and_occluded,596,17.701204299926758,13.695182800292969,-4.006021499633789
scan110,44,3,full,9176,2.845113515853882,2.2238047122955322,-0.6213088035583496
scan110,44,3,boundary,918,16.031641006469727,13.976289749145508,-2.0553512573242188
scan110,44,3,large_disparity,1836,8.552928924560547,7.225312232971191,-1.3276166915893555
scan110,44,3,occluded_any,960,15.966004371643066,13.670027732849121,-2.2959766387939453
scan110,44,3,occluded_majority,635,20.179887771606445,17.65920066833496,-2.5206871032714844
scan110,44,3,large_disp_and_occluded,275,46.00011444091797,41.664398193359375,-4.335716247558594
scan110,44,3,boundary_and_occluded,633,20.927053451538086,18.36170768737793,-2.5653457641601562
scan110,45,3,full,9123,2.436539888381958,1.9197351932525635,-0.5168046951293945
scan110,45,3,boundary,913,13.28790283203125,10.723236083984375,-2.564666748046875
scan110,45,3,large_disparity,1825,7.234698295593262,5.899726390838623,-1.3349719047546387
scan110,45,3,occluded_any,942,13.873480796813965,11.387776374816895,-2.4857044219970703
scan110,45,3,occluded_majority,628,17.218677520751953,14.819148063659668,-2.399529457092285
scan110,45,3,large_disp_and_occluded,232,46.07762145996094,39.57651138305664,-6.501110076904297
scan110,45,3,boundary_and_occluded,585,17.415666580200195,14.34109878540039,-3.0745677947998047
scan110,46,3,full,8817,2.078986167907715,1.8301352262496948,-0.24885094165802002
scan110,46,3,boundary,882,11.847579956054688,9.757631301879883,-2.0899486541748047
scan110,46,3,large_disparity,1764,6.599178791046143,5.934082508087158,-0.6650962829589844
scan110,46,3,occluded_any,973,11.883644104003906,10.7730073928833,-1.1106367111206055
scan110,46,3,occluded_majority,615,14.182984352111816,12.46367073059082,-1.719313621520996
scan110,46,3,large_disp_and_occluded,333,28.797378540039062,27.060998916625977,-1.736379623413086
scan110,46,3,boundary_and_occluded,549,16.01470375061035,13.542183876037598,-2.472519874572754
scan110,47,3,full,8378,2.344247341156006,2.051441192626953,-0.29280614852905273
scan110,47,3,boundary,838,14.5941743850708,11.879361152648926,-2.714813232421875
scan110,47,3,large_disparity,1676,8.126699447631836,6.905161380767822,-1.2215380668640137
scan110,47,3,occluded_any,1088,12.246991157531738,10.097012519836426,-2.1499786376953125
scan110,47,3,occluded_majority,623,16.96752166748047,14.255389213562012,-2.712132453918457
scan110,47,3,large_disp_and_occluded,421,27.227800369262695,22.84671401977539,-4.381086349487305
scan110,47,3,boundary_and_occluded,550,19.18791961669922,15.555952072143555,-3.631967544555664
scan110,48,3,full,7848,2.541961669921875,2.4641664028167725,-0.07779526710510254
scan110,48,3,boundary,785,15.312908172607422,14.377007484436035,-0.9359006881713867
scan110,48,3,large_disparity,1570,9.05662727355957,8.911282539367676,-0.14534473419189453
scan110,48,3,occluded_any,1034,12.967995643615723,12.872098922729492,-0.09589672088623047
scan110,48,3,occluded_majority,688,16.988391876220703,16.44767951965332,-0.5407123565673828
scan110,48,3,large_disp_and_occluded,407,29.589696884155273,29.658754348754883,0.06905746459960938
scan110,48,3,boundary_and_occluded,536,18.719900131225586,17.8071231842041,-0.9127769470214844
scan114,0,3,full,13925,1.213571310043335,1.0965025424957275,-0.11706876754760742
scan114,0,3,boundary,1393,5.9045000076293945,4.97042989730835,-0.9340701103210449
scan114,0,3,large_disparity,2785,1.798020362854004,1.3732415437698364,-0.4247788190841675
scan114,0,3,occluded_any,405,11.094808578491211,7.775703430175781,-3.3191051483154297
scan114,0,3,occluded_majority,268,13.796616554260254,9.206869125366211,-4.589747428894043
scan114,0,3,large_disp_and_occluded,230,10.466084480285645,5.479254245758057,-4.986830234527588
scan114,0,3,boundary_and_occluded,315,12.061471939086914,8.757814407348633,-3.3036575317382812
scan114,1,3,full,15897,0.8039631247520447,0.6865288615226746,-0.11743426322937012
scan114,1,3,boundary,1590,3.4792704582214355,3.0055952072143555,-0.4736752510070801
scan114,1,3,large_disparity,3180,1.2137116193771362,1.0422323942184448,-0.1714792251586914
scan114,1,3,occluded_any,1008,4.374813556671143,3.6556310653686523,-0.7191824913024902
scan114,1,3,occluded_majority,511,5.567299842834473,4.140410900115967,-1.4268889427185059
scan114,1,3,large_disp_and_occluded,300,6.152360916137695,5.105247974395752,-1.0471129417419434
scan114,1,3,boundary_and_occluded,656,5.207121849060059,4.352283000946045,-0.8548388481140137
scan114,2,3,full,16911,0.9540113210678101,0.8391475677490234,-0.11486375331878662
scan114,2,3,boundary,1692,5.088417053222656,4.2872114181518555,-0.8012056350708008
scan114,2,3,large_disparity,3383,1.9071711301803589,1.4826164245605469,-0.424554705619812
scan114,2,3,occluded_any,800,8.111908912658691,6.019984245300293,-2.0919246673583984
scan114,2,3,occluded_majority,388,11.315720558166504,7.387595176696777,-3.9281253814697266
scan114,2,3,large_disp_and_occluded,396,10.972538948059082,8.008310317993164,-2.964228630065918
scan114,2,3,boundary_and_occluded,615,9.365724563598633,7.091695308685303,-2.27402925491333
scan114,3,3,full,17251,0.8936996459960938,0.8587239980697632,-0.034975647926330566
scan114,3,3,boundary,1726,3.939310312271118,3.5912277698516846,-0.3480825424194336
scan114,3,3,large_disparity,3451,1.462438941001892,1.0097066164016724,-0.4527323246002197
scan114,3,3,occluded_any,1518,3.4574356079101562,2.827425479888916,-0.6300101280212402
scan114,3,3,occluded_majority,557,4.742595195770264,3.633090019226074,-1.1095051765441895
scan114,3,3,large_disp_and_occluded,576,4.799567222595215,3.489293336868286,-1.3102738857269287
scan114,3,3,boundary_and_occluded,816,5.267963409423828,4.43432092666626,-0.8336424827575684
scan114,4,3,full,15389,1.0574434995651245,1.2414239645004272,0.18398046493530273
scan114,4,3,boundary,1539,4.693138599395752,5.026655673980713,0.33351707458496094
scan114,4,3,large_disparity,3078,1.647583246231079,1.7613475322723389,0.11376428604125977
scan114,4,3,occluded_any,667,3.528756618499756,3.7733049392700195,0.24454832077026367
scan114,4,3,occluded_majority,282,2.510364532470703,2.480290174484253,-0.030074357986450195
scan114,4,3,large_disp_and_occluded,375,4.3309526443481445,4.589875221252441,0.2589225769042969
scan114,4,3,boundary_and_occluded,468,4.324930191040039,4.476627349853516,0.15169715881347656
scan114,5,3,full,15089,0.8610680103302002,0.8784753680229187,0.017407357692718506
scan114,5,3,boundary,1509,4.5126633644104,4.639575004577637,0.12691164016723633
scan114,5,3,large_disparity,3018,1.0357753038406372,1.0713822841644287,0.035606980323791504
scan114,5,3,occluded_any,708,4.144941806793213,3.9192025661468506,-0.2257392406463623
scan114,5,3,occluded_majority,264,3.347827911376953,3.5298752784729004,0.18204736709594727
scan114,5,3,large_disp_and_occluded,232,5.922257900238037,6.047071933746338,0.12481403350830078
scan114,5,3,boundary_and_occluded,575,4.725072383880615,4.501672744750977,-0.22339963912963867
scan114,6,3,full,16550,0.8693740367889404,0.8117582201957703,-0.057615816593170166
scan114,6,3,boundary,1655,3.7799313068389893,3.5975725650787354,-0.1823587417602539
scan114,6,3,large_disparity,3310,1.4503593444824219,1.2488234043121338,-0.20153594017028809
scan114,6,3,occluded_any,1363,3.340907335281372,2.9729361534118652,-0.36797118186950684
scan114,6,3,occluded_majority,710,3.6928305625915527,3.477008581161499,-0.2158219814300537
scan114,6,3,large_disp_and_occluded,682,3.7409234046936035,3.413670063018799,-0.3272533416748047
scan114,6,3,boundary_and_occluded,716,5.2318878173828125,4.724813461303711,-0.5070743560791016
scan114,7,3,full,16840,0.9913902282714844,0.7928333878517151,-0.1985568404197693
scan114,7,3,boundary,1684,5.251220703125,3.634089469909668,-1.617131233215332
scan114,7,3,large_disparity,3368,1.6648508310317993,1.275650978088379,-0.3891998529434204
scan114,7,3,occluded_any,1128,6.2987189292907715,3.8836047649383545,-2.415114164352417
scan114,7,3,occluded_majority,404,11.937326431274414,6.143193244934082,-5.794133186340332
scan114,7,3,large_disp_and_occluded,567,6.098411560058594,4.446896553039551,-1.651515007019043
scan114,7,3,boundary_and_occluded,727,9.08962345123291,5.511038780212402,-3.578584671020508
scan114,8,3,full,16507,1.0587536096572876,0.8011344075202942,-0.2576192021369934
scan114,8,3,boundary,1651,5.2592902183532715,3.6966474056243896,-1.5626428127288818
scan114,8,3,large_disparity,3302,2.555511951446533,1.5153508186340332,-1.0401611328125
scan114,8,3,occluded_any,910,10.051979064941406,6.734658241271973,-3.3173208236694336
scan114,8,3,occluded_majority,492,13.951835632324219,9.525805473327637,-4.426030158996582
scan114,8,3,large_disp_and_occluded,321,19.241153717041016,11.273618698120117,-7.967535018920898
scan114,8,3,boundary_and_occluded,673,9.800741195678711,6.883595943450928,-2.917145252227783
scan114,9,3,full,16046,0.9072872996330261,0.6902468204498291,-0.21704047918319702
scan114,9,3,boundary,1605,4.729100704193115,3.2829718589782715,-1.4461288452148438
scan114,9,3,large_disparity,3210,1.7868328094482422,1.221329689025879,-0.5655031204223633
scan114,9,3,occluded_any,750,8.282671928405762,5.322779178619385,-2.959892749786377
scan114,9,3,occluded_majority,433,11.49140453338623,6.9572858810424805,-4.53411865234375
scan114,9,3,large_disp_and_occluded,321,10.739657402038574,7.205499649047852,-3.5341577529907227
scan114,9,3,boundary_and_occluded,594,8.851235389709473,5.626983642578125,-3.2242517471313477
scan114,10,3,full,15223,0.7576993107795715,0.6418529748916626,-0.11584633588790894
scan114,10,3,boundary,1523,3.8436851501464844,3.275946617126465,-0.5677385330200195
scan114,10,3,large_disparity,3045,1.4399712085723877,1.0326265096664429,-0.4073446989059448
scan114,10,3,occluded_any,629,6.850607872009277,5.716245174407959,-1.1343626976013184
scan114,10,3,occluded_majority,332,8.774846076965332,7.29728889465332,-1.4775571823120117
scan114,10,3,large_disp_and_occluded,296,9.863317489624023,6.453843593597412,-3.4094738960266113
scan114,10,3,boundary_and_occluded,540,7.351573944091797,6.128317832946777,-1.2232561111450195
scan114,11,3,full,13197,1.1645472049713135,0.874351978302002,-0.2901952266693115
scan114,11,3,boundary,1320,6.733556747436523,4.480650901794434,-2.25290584564209
scan114,11,3,large_disparity,2640,2.3600425720214844,1.338640570640564,-1.0214020013809204
scan114,11,3,occluded_any,280,19.3577938079834,11.239171028137207,-8.118622779846191
scan114,11,3,occluded_majority,163,21.75980567932129,13.114892959594727,-8.644912719726562
scan114,11,3,large_disp_and_occluded,139,23.073806762695312,13.209813117980957,-9.863993644714355
scan114,11,3,boundary_and_occluded,259,20.732696533203125,12.022795677185059,-8.709900856018066
scan114,12,3,full,14436,0.7877283096313477,0.6517730355262756,-0.13595527410507202
scan114,12,3,boundary,1444,5.1779608726501465,3.9374983310699463,-1.2404625415802002
scan114,12,3,large_disparity,2888,1.6125622987747192,1.1069557666778564,-0.5056065320968628
scan114,12,3,occluded_any,753,7.996214389801025,6.168899059295654,-1.827315330505371
scan114,12,3,occluded_majority,441,10.680657386779785,8.423961639404297,-2.2566957473754883
scan114,12,3,large_disp_and_occluded,236,15.319413185119629,9.774560928344727,-5.544852256774902
scan114,12,3,boundary_and_occluded,622,9.525516510009766,7.328115463256836,-2.1974010467529297
scan114,13,3,full,15172,0.9168962836265564,0.6956430673599243,-0.22125321626663208
scan114,13,3,boundary,1518,5.763480186462402,3.9624602794647217,-1.8010199069976807
scan114,13,3,large_disparity,3035,2.5447380542755127,1.6451257467269897,-0.899612307548523
scan114,13,3,occluded_any,765,10.349523544311523,6.763030529022217,-3.5864930152893066
scan114,13,3,occluded_majority,488,13.649468421936035,8.866070747375488,-4.783397674560547
scan114,13,3,large_disp_and_occluded,392,15.411203384399414,9.272933959960938,-6.138269424438477
scan114,13,3,boundary_and_occluded,658,10.930785179138184,7.244641304016113,-3.6861438751220703
scan114,14,3,full,15489,1.0793284177780151,0.8328529000282288,-0.24647551774978638
scan114,14,3,boundary,1549,6.26460599899292,4.267670631408691,-1.9969353675842285
scan114,14,3,large_disparity,3098,3.1307878494262695,2.0081512928009033,-1.1226365566253662
scan114,14,3,occluded_any,725,12.305171012878418,7.561461448669434,-4.743709564208984
scan114,14,3,occluded_majority,470,15.237823486328125,9.397926330566406,-5.839897155761719
scan114,14,3,large_disp_and_occluded,408,17.31245994567871,10.18233585357666,-7.130124092102051
scan114,14,3,boundary_and_occluded,594,12.576725006103516,7.675169467926025,-4.90155553817749
scan114,15,3,full,15623,1.249350666999817,0.8275246620178223,-0.42182600498199463
scan114,15,3,boundary,1563,7.429391860961914,4.136880397796631,-3.292511463165283
scan114,15,3,large_disparity,3125,3.273796796798706,1.9504199028015137,-1.3233768939971924
scan114,15,3,occluded_any,925,11.723011016845703,5.926721572875977,-5.796289443969727
scan114,15,3,occluded_majority,417,18.063926696777344,9.419323921203613,-8.64460277557373
scan114,15,3,large_disp_and_occluded,520,15.120269775390625,8.167612075805664,-6.952657699584961
scan114,15,3,boundary_and_occluded,682,13.377758026123047,7.018090724945068,-6.3596673011779785
scan114,16,3,full,15779,1.0520198345184326,0.8444790840148926,-0.20754075050354004
scan114,16,3,boundary,1578,6.149930000305176,4.1122636795043945,-2.0376663208007812
scan114,16,3,large_disparity,3156,2.7953808307647705,1.7442290782928467,-1.0511517524719238
scan114,16,3,occluded_any,1083,7.832398414611816,5.039941310882568,-2.792457103729248
scan114,16,3,occluded_majority,492,12.900506973266602,8.39600944519043,-4.504497528076172
scan114,16,3,large_disp_and_occluded,643,10.920039176940918,6.572929382324219,-4.347109794616699
scan114,16,3,boundary_and_occluded,671,11.175052642822266,7.177269458770752,-3.9977831840515137
scan114,17,3,full,15701,0.7852078676223755,0.7571187615394592,-0.02808910608291626
scan114,17,3,boundary,1571,4.147896766662598,3.793616771697998,-0.3542799949645996
scan114,17,3,large_disparity,3141,1.722251296043396,1.5624502897262573,-0.15980100631713867
scan114,17,3,occluded_any,1147,4.261128902435303,3.6250123977661133,-0.6361165046691895
scan114,17,3,occluded_majority,571,5.920865535736084,5.048449516296387,-0.8724160194396973
scan114,17,3,large_disp_and_occluded,688,5.558010578155518,4.658636569976807,-0.8993740081787109
scan114,17,3,boundary_and_occluded,698,6.346458435058594,5.3289618492126465,-1.0174965858459473
scan114,18,3,full,15069,0.9374763369560242,0.9065520763397217,-0.03092426061630249
scan114,18,3,boundary,1507,5.473526954650879,5.1301751136779785,-0.3433518409729004
scan114,18,3,large_disparity,3014,1.8509197235107422,1.584602952003479,-0.2663167715072632
scan114,18,3,occluded_any,952,5.898637294769287,4.965754985809326,-0.9328823089599609
scan114,18,3,occluded_majority,429,7.680655002593994,5.728692054748535,-1.951962947845459
scan114,18,3,large_disp_and_occluded,588,7.517534255981445,5.895550727844238,-1.621983528137207
scan114,18,3,boundary_and_occluded,707,7.551905632019043,6.367222785949707,-1.184682846069336
scan114,19,3,full,13311,1.1685810089111328,1.003724455833435,-0.16485655307769775
scan114,19,3,boundary,1332,6.2691216468811035,4.907529830932617,-1.3615918159484863
scan114,19,3,large_disparity,2663,2.582974433898926,1.85337495803833,-0.7295994758605957
scan114,19,3,occluded_any,468,9.957245826721191,6.971019744873047,-2.9862260818481445
scan114,19,3,occluded_majority,239,8.867704391479492,6.135437488555908,-2.732266902923584
scan114,19,3,large_disp_and_occluded,283,12.370375633239746,7.910573959350586,-4.45980167388916
scan114,19,3,boundary_and_occluded,410,9.74478530883789,6.357716083526611,-3.3870692253112793
scan114,20,3,full,14278,0.9950364232063293,0.8548282384872437,-0.1402081847190857
scan114,20,3,boundary,1428,5.260450839996338,4.903853893280029,-0.3565969467163086
scan114,20,3,large_disparity,2856,2.46632981300354,2.0904557704925537,-0.37587404251098633
scan114,20,3,occluded_any,878,6.702764987945557,6.0481486320495605,-0.6546163558959961
scan114,20,3,occluded_majority,394,8.932989120483398,8.02463436126709,-0.9083547592163086
scan114,20,3,large_disp_and_occluded,398,11.922595977783203,10.881292343139648,-1.0413036346435547
scan114,20,3,boundary_and_occluded,667,8.470603942871094,7.695994853973389,-0.7746090888977051
scan114,21,3,full,14574,0.955939531326294,0.8868235349655151,-0.06911599636077881
scan114,21,3,boundary,1458,5.446225643157959,5.230099201202393,-0.2161264419555664
scan114,21,3,large_disparity,2915,2.79738450050354,2.678953170776367,-0.11843132972717285
scan114,21,3,occluded_any,1022,7.128705978393555,6.886740207672119,-0.24196577072143555
scan114,21,3,occluded_majority,618,10.061429023742676,9.754719734191895,-0.30670928955078125
scan114,21,3,large_disp_and_occluded,662,9.520486831665039,9.661639213562012,0.14115238189697266
scan114,21,3,boundary_and_occluded,674,9.528962135314941,9.455999374389648,-0.07296276092529297
scan114,22,3,full,14602,1.2188550233840942,1.0711495876312256,-0.14770543575286865
scan114,22,3,boundary,1461,6.674285888671875,5.143584251403809,-1.5307016372680664
scan114,22,3,large_disparity,2921,3.7010645866394043,2.998382806777954,-0.7026817798614502
scan114,22,3,occluded_any,781,12.435562133789062,10.235981941223145,-2.199580192565918
scan114,22,3,occluded_majority,354,18.333507537841797,15.946122169494629,-2.387385368347168
scan114,22,3,large_disp_and_occluded,504,17.236658096313477,14.19391918182373,-3.042738914489746
scan114,22,3,boundary_and_occluded,542,14.396955490112305,10.924335479736328,-3.4726200103759766
scan114,23,3,full,14520,1.3996540307998657,0.9352431297302246,-0.4644109010696411
scan114,23,3,boundary,1452,8.65519905090332,5.434786319732666,-3.2204127311706543
scan114,23,3,large_disparity,2904,4.32684850692749,2.568099021911621,-1.7587494850158691
scan114,23,3,occluded_any,879,14.212930679321289,7.9279561042785645,-6.284974575042725
scan114,23,3,occluded_majority,449,19.149982452392578,10.608887672424316,-8.541094779968262
scan114,23,3,large_disp_and_occluded,491,20.505897521972656,11.629650115966797,-8.87624740600586
scan114,23,3,boundary_and_occluded,610,17.725299835205078,10.379354476928711,-7.345945358276367
scan114,24,3,full,14567,1.4164412021636963,0.934523344039917,-0.4819178581237793
scan114,24,3,boundary,1457,9.31917667388916,5.37037467956543,-3.9488019943237305
scan114,24,3,large_disparity,2914,4.988553047180176,2.972071886062622,-2.0164811611175537
scan114,24,3,occluded_any,724,18.71938705444336,10.358519554138184,-8.360867500305176
scan114,24,3,occluded_majority,401,25.15321159362793,14.23383903503418,-10.91937255859375
scan114,24,3,large_disp_and_occluded,476,24.828725814819336,14.169578552246094,-10.659147262573242
scan114,24,3,boundary_and_occluded,585,19.764789581298828,10.886299133300781,-8.878490447998047
scan114,25,3,full,14527,1.1457492113113403,0.8713616132736206,-0.2743875980377197
scan114,25,3,boundary,1453,7.578697681427002,4.8232197761535645,-2.7554779052734375
scan114,25,3,large_disparity,2906,3.4302444458007812,2.413400411605835,-1.0168440341949463
scan114,25,3,occluded_any,696,15.176790237426758,9.503721237182617,-5.673069000244141
scan114,25,3,occluded_majority,402,21.163745880126953,13.185301780700684,-7.9784440994262695
scan114,25,3,large_disp_and_occluded,460,17.658559799194336,11.796741485595703,-5.861818313598633
scan114,25,3,boundary_and_occluded,597,15.888729095458984,9.608654022216797,-6.2800750732421875
scan114,26,3,full,13998,0.961520791053772,0.7292127013206482,-0.23230808973312378
scan114,26,3,boundary,1400,6.07032585144043,4.2022385597229,-1.8680872917175293
scan114,26,3,large_disparity,2800,2.52250075340271,1.6687625646591187,-0.8537381887435913
scan114,26,3,occluded_any,596,12.871761322021484,7.964089393615723,-4.907671928405762
scan114,26,3,occluded_majority,297,17.13828468322754,10.571157455444336,-6.567127227783203
scan114,26,3,large_disp_and_occluded,283,19.954910278320312,12.115596771240234,-7.839313507080078
scan114,26,3,boundary_and_occluded,518,12.99422836303711,8.505332946777344,-4.488895416259766
scan114,27,3,full,13311,1.014656901359558,0.7517477869987488,-0.2629091143608093
scan114,27,3,boundary,1332,6.288898944854736,4.259352684020996,-2.0295462608337402
scan114,27,3,large_disparity,2663,0.37746039032936096,0.3702569007873535,-0.007203489542007446
scan114,27,3,occluded_any,599,10.587176322937012,6.9436211585998535,-3.643555164337158
scan114,27,3,occluded_majority,257,12.855437278747559,8.729474067687988,-4.12596321105957
scan114,27,3,large_disp_and_occluded,164,1.280377984046936,0.8645507097244263,-0.41582727432250977
scan114,27,3,boundary_and_occluded,495,11.77238655090332,7.90064001083374,-3.87174654006958
scan114,28,3,full,11655,1.1962316036224365,0.9311210513114929,-0.2651105523109436
scan114,28,3,boundary,1166,7.299812316894531,4.744943141937256,-2.5548691749572754
scan114,28,3,large_disparity,2331,1.21090567111969,1.0395156145095825,-0.17139005661010742
scan114,28,3,occluded_any,450,13.47797966003418,8.024916648864746,-5.453063011169434
scan114,28,3,occluded_majority,239,15.010087966918945,8.560599327087402,-6.449488639831543
scan114,28,3,large_disp_and_occluded,93,17.05760383605957,9.733247756958008,-7.3243560791015625
scan114,28,3,boundary_and_occluded,310,19.085073471069336,11.208964347839355,-7.8761091232299805
scan114,29,3,full,12345,1.084070086479187,0.8700588941574097,-0.21401119232177734
scan114,29,3,boundary,1235,7.458755970001221,5.267613887786865,-2.1911420822143555
scan114,29,3,large_disparity,2469,1.6625988483428955,1.3142462968826294,-0.3483525514602661
scan114,29,3,occluded_any,596,13.491943359375,9.17616081237793,-4.31578254699707
scan114,29,3,occluded_majority,292,18.945981979370117,13.182743072509766,-5.763238906860352
scan114,29,3,large_disp_and_occluded,185,17.392906188964844,11.976137161254883,-5.416769027709961
scan114,29,3,boundary_and_occluded,468,16.451387405395508,11.169713020324707,-5.281674385070801
scan114,30,3,full,13010,1.0747196674346924,0.8055453896522522,-0.2691742777824402
scan114,30,3,boundary,1301,7.500309467315674,5.068329334259033,-2.4319801330566406
scan114,30,3,large_disparity,2602,2.839587450027466,2.000716209411621,-0.8388712406158447
scan114,30,3,occluded_any,559,15.6665678024292,10.356399536132812,-5.310168266296387
scan114,30,3,occluded_majority,279,22.062055587768555,15.02061939239502,-7.041436195373535
scan114,30,3,large_disp_and_occluded,350,17.306482315063477,11.818492889404297,-5.48798942565918
scan114,30,3,boundary_and_occluded,458,18.28826904296875,12.040182113647461,-6.248086929321289
scan114,31,3,full,13577,1.1572821140289307,0.8659229874610901,-0.2913591265678406
scan114,31,3,boundary,1358,7.695207595825195,5.2497992515563965,-2.445408344268799
scan114,31,3,large_disparity,2716,3.729987621307373,2.539372444152832,-1.190615177154541
scan114,31,3,occluded_any,544,16.916015625,11.184091567993164,-5.731924057006836
scan114,31,3,occluded_majority,253,22.387792587280273,14.576969146728516,-7.810823440551758
scan114,31,3,large_disp_and_occluded,411,19.88751220703125,13.245102882385254,-6.642409324645996
scan114,31,3,boundary_and_occluded,434,19.927913665771484,13.026067733764648,-6.901845932006836
scan114,32,3,full,13715,1.5914703607559204,1.1776533126831055,-0.41381704807281494
scan114,32,3,boundary,1372,10.801807403564453,7.872141361236572,-2.929666042327881
scan114,32,3,large_disparity,2743,5.552481651306152,4.077746391296387,-1.4747352600097656
scan114,32,3,occluded_any,652,22.263595581054688,16.23038101196289,-6.033214569091797
scan114,32,3,occluded_majority,342,31.524166107177734,23.844886779785156,-7.679279327392578
scan114,32,3,large_disp_and_occluded,456,28.788379669189453,21.303497314453125,-7.484882354736328
scan114,32,3,boundary_and_occluded,539,24.674480438232422,17.8685359954834,-6.805944442749023
scan114,33,3,full,13660,1.60304856300354,1.1323580741882324,-0.4706904888153076
scan114,33,3,boundary,1366,11.485726356506348,7.749377250671387,-3.736349105834961
scan114,33,3,large_disparity,2732,5.649155139923096,3.8426032066345215,-1.8065519332885742
scan114,33,3,occluded_any,676,20.91961097717285,13.827075958251953,-7.092535018920898
scan114,33,3,occluded_majority,333,29.633440017700195,19.745389938354492,-9.888050079345703
scan114,33,3,large_disp_and_occluded,433,29.250885009765625,19.64354133605957,-9.607343673706055
scan114,33,3,boundary_and_occluded,548,24.407970428466797,16.11903190612793,-8.288938522338867
scan114,34,3,full,13735,1.45785391330719,1.1293668746948242,-0.3284870386123657
scan114,34,3,boundary,1374,10.267070770263672,7.151047229766846,-3.116023540496826
scan114,34,3,large_disparity,2747,5.09721040725708,3.8067023754119873,-1.2905080318450928
scan114,34,3,occluded_any,753,18.001853942871094,12.478998184204102,-5.522855758666992
scan114,34,3,occluded_majority,434,25.13905906677246,17.73936653137207,-7.399692535400391
scan114,34,3,large_disp_and_occluded,585,20.320720672607422,15.011674880981445,-5.309045791625977
scan114,34,3,boundary_and_occluded,582,21.0207462310791,14.538620948791504,-6.482125282287598
scan114,35,3,full,13549,1.1664023399353027,1.0178091526031494,-0.14859318733215332
scan114,35,3,boundary,1355,7.147417068481445,5.730392932891846,-1.4170241355895996
scan114,35,3,large_disparity,2710,4.238438129425049,3.2435824871063232,-0.9948556423187256
scan114,35,3,occluded_any,829,12.02779769897461,8.703887939453125,-3.3239097595214844
scan114,35,3,occluded_majority,347,20.38022804260254,14.101432800292969,-6.27879524230957
scan114,35,3,large_disp_and_occluded,616,15.701712608337402,11.197490692138672,-4.5042219161987305
scan114,35,3,boundary_and_occluded,634,12.900513648986816,9.717110633850098,-3.1834030151367188
scan114,36,3,full,13262,1.1128082275390625,0.9157285690307617,-0.19707965850830078
scan114,36,3,boundary,1327,6.64594030380249,5.306944370269775,-1.3389959335327148
scan114,36,3,large_disparity,2653,3.543461322784424,2.6830151081085205,-0.8604462146759033
scan114,36,3,occluded_any,873,8.73187255859375,6.604130744934082,-2.127741813659668
scan114,36,3,occluded_majority,363,14.09366226196289,10.148390769958496,-3.9452714920043945
scan114,36,3,large_disp_and_occluded,550,12.82117748260498,9.493974685668945,-3.327202796936035
scan114,36,3,boundary_and_occluded,630,11.307929992675781,8.637231826782227,-2.6706981658935547
scan114,37,3,full,12775,1.1116359233856201,1.0062874555587769,-0.10534846782684326
scan114,37,3,boundary,1278,6.566737651824951,5.3551716804504395,-1.2115659713745117
scan114,37,3,large_disparity,2555,3.2697150707244873,2.666015863418579,-0.6036992073059082
scan114,37,3,occluded_any,968,6.90847635269165,5.319985866546631,-1.5884904861450195
scan114,37,3,occluded_majority,411,10.081328392028809,7.385988712310791,-2.6953396797180176
scan114,37,3,large_disp_and_occluded,445,12.977082252502441,9.918309211730957,-3.0587730407714844
scan114,37,3,boundary_and_occluded,616,9.873465538024902,7.705440998077393,-2.1680245399475098
scan114,38,3,full,10584,1.733648657798767,1.4442415237426758,-0.2894071340560913
scan114,38,3,boundary,1059,9.947718620300293,8.05532455444336,-1.8923940658569336
scan114,38,3,large_disparity,2117,5.278375148773193,4.034729957580566,-1.243645191192627
scan114,38,3,occluded_any,370,12.943788528442383,10.06737995147705,-2.876408576965332
scan114,38,3,occluded_majority,245,12.594015121459961,10.045461654663086,-2.548553466796875
scan114,38,3,large_disp_and_occluded,129,34.66004943847656,26.361196517944336,-8.298852920532227
scan114,38,3,boundary_and_occluded,242,16.71805763244629,13.2736177444458,-3.4444398880004883
scan114,39,3,full,11463,1.4092518091201782,1.203579068183899,-0.2056727409362793
scan114,39,3,boundary,1147,8.898853302001953,7.160521507263184,-1.7383317947387695
scan114,39,3,large_disparity,2293,4.836810111999512,3.7945709228515625,-1.0422391891479492
scan114,39,3,occluded_any,840,10.796878814697266,8.500113487243652,-2.2967653274536133
scan114,39,3,occluded_majority,383,15.85130786895752,12.559134483337402,-3.292173385620117
scan114,39,3,large_disp_and_occluded,486,17.493043899536133,13.548833847045898,-3.9442100524902344
scan114,39,3,boundary_and_occluded,531,15.367491722106934,12.229580879211426,-3.137910842895508
scan114,40,3,full,12052,1.3711329698562622,1.1787596940994263,-0.19237327575683594
scan114,40,3,boundary,1206,8.935166358947754,7.1877007484436035,-1.7474656105041504
scan114,40,3,large_disparity,2411,4.19053316116333,3.3524093627929688,-0.8381237983703613
scan114,40,3,occluded_any,819,11.433130264282227,8.759735107421875,-2.6733951568603516
scan114,40,3,occluded_majority,350,15.178496360778809,11.52277946472168,-3.655716896057129
scan114,40,3,large_disp_and_occluded,470,16.366018295288086,12.933151245117188,-3.4328670501708984
scan114,40,3,boundary_and_occluded,559,15.177862167358398,11.825030326843262,-3.3528318405151367
scan114,41,3,full,12417,1.440946340560913,1.166701078414917,-0.2742452621459961
scan114,41,3,boundary,1242,9.32133960723877,7.189102649688721,-2.132236957550049
scan114,41,3,large_disparity,2484,4.71525764465332,3.360119581222534,-1.3551380634307861
scan114,41,3,occluded_any,729,13.486754417419434,9.544379234313965,-3.9423751831054688
scan114,41,3,occluded_majority,308,19.002450942993164,13.120938301086426,-5.881512641906738
scan114,41,3,large_disp_and_occluded,473,18.49973487854004,12.821168899536133,-5.678565979003906
scan114,41,3,boundary_and_occluded,524,16.145483016967773,12.07348346710205,-4.071999549865723
scan114,42,3,full,12623,1.5609784126281738,1.1525194644927979,-0.408458948135376
scan114,42,3,boundary,1263,10.479101181030273,7.376800060272217,-3.1023011207580566
scan114,42,3,large_disparity,2525,5.3129706382751465,3.575676441192627,-1.7372941970825195
scan114,42,3,occluded_any,646,19.344249725341797,12.699362754821777,-6.6448869705200195
scan114,42,3,occluded_majority,286,24.53788185119629,16.271223068237305,-8.266658782958984
scan114,42,3,large_disp_and_occluded,450,23.93563461303711,15.648153305053711,-8.287481307983398
scan114,42,3,boundary_and_occluded,521,21.001537322998047,14.371014595031738,-6.630522727966309
scan114,43,3,full,12767,1.6249115467071533,1.198560118675232,-0.4263514280319214
scan114,43,3,boundary,1277,10.813712120056152,8.09203052520752,-2.721681594848633
scan114,43,3,large_disparity,2554,5.134998798370361,3.753330707550049,-1.3816680908203125
scan114,43,3,occluded_any,631,19.286731719970703,14.28407096862793,-5.002660751342773
scan114,43,3,occluded_majority,270,30.181385040283203,22.476421356201172,-7.704963684082031
scan114,43,3,large_disp_and_occluded,407,24.39750862121582,17.910526275634766,-6.486982345581055
scan114,43,3,boundary_and_occluded,550,20.218299865722656,15.210912704467773,-5.007387161254883
scan114,44,3,full,12953,1.4791901111602783,1.2028511762619019,-0.27633893489837646
scan114,44,3,boundary,1296,9.109564781188965,6.922011375427246,-2.1875534057617188
scan114,44,3,large_disparity,2591,4.525079250335693,3.4491071701049805,-1.075972080230713
scan114,44,3,occluded_any,599,18.091962814331055,13.77840518951416,-4.3135576248168945
scan114,44,3,occluded_majority,300,23.91300392150879,19.225553512573242,-4.687450408935547
scan114,44,3,large_disp_and_occluded,411,21.56124496459961,16.292482376098633,-5.268762588500977
scan114,44,3,boundary_and_occluded,467,18.995744705200195,14.540637016296387,-4.455107688903809
scan114,45,3,full,12741,1.30264413356781,1.079649567604065,-0.22299456596374512
scan114,45,3,boundary,1275,9.077563285827637,6.845602035522461,-2.231961250305176
scan114,45,3,large_disparity,2549,4.4292402267456055,3.421243190765381,-1.0079970359802246
scan114,45,3,occluded_any,422,22.158668518066406,16.69487190246582,-5.463796615600586
scan114,45,3,occluded_majority,186,29.909334182739258,22.089832305908203,-7.819501876831055
scan114,45,3,large_disp_and_occluded,303,27.903013229370117,20.960872650146484,-6.942140579223633
scan114,45,3,boundary_and_occluded,347,26.25145149230957,19.74453353881836,-6.506917953491211
scan114,46,3,full,12177,1.2611801624298096,0.9837123155593872,-0.27746784687042236
scan114,46,3,boundary,1218,8.540766716003418,6.009608268737793,-2.531158447265625
scan114,46,3,large_disparity,2436,3.994460105895996,2.8603005409240723,-1.1341595649719238
scan114,46,3,occluded_any,397,20.267919540405273,13.91146469116211,-6.356454849243164
scan114,46,3,occluded_majority,165,30.611066818237305,21.974578857421875,-8.63648796081543
scan114,46,3,large_disp_and_occluded,251,28.59622573852539,19.380739212036133,-9.215486526489258
scan114,46,3,boundary_and_occluded,324,24.05246353149414,16.48154067993164,-7.5709228515625
scan114,47,3,full,11579,1.2579840421676636,0.9239441156387329,-0.33403992652893066
scan114,47,3,boundary,1158,8.690889358520508,5.745307922363281,-2.9455814361572266
scan114,47,3,large_disparity,2316,1.8732962608337402,1.3002634048461914,-0.5730328559875488
scan114,47,3,occluded_any,503,15.774040222167969,9.992239952087402,-5.781800270080566
scan114,47,3,occluded_majority,202,23.44564437866211,14.805364608764648,-8.640279769897461
scan114,47,3,large_disp_and_occluded,147,19.7698917388916,11.846803665161133,-7.923088073730469
scan114,47,3,boundary_and_occluded,408,18.354185104370117,11.717886924743652,-6.636298179626465
scan114,48,3,full,10913,1.2966125011444092,1.2442779541015625,-0.05233454704284668
scan114,48,3,boundary,1092,7.749212265014648,6.157419681549072,-1.5917925834655762
scan114,48,3,large_disparity,2183,2.069061040878296,1.4830913543701172,-0.5859696865081787
scan114,48,3,occluded_any,277,15.778027534484863,9.899847030639648,-5.878180503845215
scan114,48,3,occluded_majority,156,15.48928451538086,10.265454292297363,-5.223830223083496
scan114,48,3,large_disp_and_occluded,92,27.0882568359375,17.374828338623047,-9.713428497314453
scan114,48,3,boundary_and_occluded,185,22.377243041992188,14.160575866699219,-8.216667175292969
scan118,0,3,full,13316,3.0835959911346436,4.586310863494873,1.5027148723602295
scan118,0,3,boundary,1332,14.911023139953613,19.57857894897461,4.667555809020996
scan118,0,3,large_disparity,2664,6.256729602813721,9.71728515625,3.4605555534362793
scan118,0,3,occluded_any,1580,10.704380989074707,24.123947143554688,13.41956615447998
scan118,0,3,occluded_majority,842,14.615184783935547,37.89662170410156,23.281436920166016
scan118,0,3,large_disp_and_occluded,591,11.76224422454834,31.12044906616211,19.35820484161377
scan118,0,3,boundary_and_occluded,661,16.04838752746582,26.477691650390625,10.429304122924805
scan118,1,3,full,15029,1.6585766077041626,1.5403015613555908,-0.11827504634857178
scan118,1,3,boundary,1503,9.59908676147461,9.00631046295166,-0.5927762985229492
scan118,1,3,large_disparity,3006,2.3571879863739014,2.1995348930358887,-0.1576530933380127
scan118,1,3,occluded_any,2574,5.075769424438477,4.575812339782715,-0.4999570846557617
scan118,1,3,occluded_majority,978,7.556785583496094,7.063833236694336,-0.4929523468017578
scan118,1,3,large_disp_and_occluded,715,6.236331462860107,6.08396053314209,-0.15237092971801758
scan118,1,3,boundary_and_occluded,924,11.385205268859863,10.37734603881836,-1.007859230041504
scan118,2,3,full,16188,1.608005166053772,1.8225661516189575,0.21456098556518555
scan118,2,3,boundary,1619,10.310912132263184,9.784377098083496,-0.5265350341796875
scan118,2,3,large_disparity,3238,2.656373977661133,2.134103298187256,-0.522270679473877
scan118,2,3,occluded_any,1783,6.870561599731445,7.650818824768066,0.7802572250366211
scan118,2,3,occluded_majority,753,9.353825569152832,10.285256385803223,0.9314308166503906
scan118,2,3,large_disp_and_occluded,252,20.17507553100586,19.294008255004883,-0.8810672760009766
scan118,2,3,boundary_and_occluded,853,12.509588241577148,12.583678245544434,0.07409000396728516
scan118,3,3,full,16052,3.785914659500122,3.484384536743164,-0.301530122756958
scan118,3,3,boundary,1606,26.673168182373047,25.200586318969727,-1.4725818634033203
scan118,3,3,large_disparity,3211,9.505029678344727,10.076723098754883,0.5716934204101562
scan118,3,3,occluded_any,3242,14.093966484069824,13.45869255065918,-0.6352739334106445
scan118,3,3,occluded_majority,1120,33.68927764892578,33.623077392578125,-0.06620025634765625
scan118,3,3,large_disp_and_occluded,683,41.72115707397461,45.7696647644043,4.0485076904296875
scan118,3,3,boundary_and_occluded,1056,35.583465576171875,34.274662017822266,-1.3088035583496094
scan118,4,3,full,14869,16.271610260009766,10.628591537475586,-5.64301872253418
scan118,4,3,boundary,1487,53.43843460083008,41.51078796386719,-11.92764663696289
scan118,4,3,large_disparity,2974,39.656593322753906,17.1463680267334,-22.510225296020508
scan118,4,3,occluded_any,2474,81.97928619384766,45.09311294555664,-36.886173248291016
scan118,4,3,occluded_majority,1596,117.1143798828125,57.096275329589844,-60.018104553222656
scan118,4,3,large_disp_and_occluded,732,158.2741241455078,65.73480224609375,-92.53932189941406
scan118,4,3,boundary_and_occluded,933,73.55557250976562,53.99033737182617,-19.565235137939453
scan118,5,3,full,13671,4.239266872406006,3.888983726501465,-0.350283145904541
scan118,5,3,boundary,1368,27.133949279785156,24.551815032958984,-2.582134246826172
scan118,5,3,large_disparity,2735,5.422851085662842,5.604047775268555,0.1811966896057129
scan118,5,3,occluded_any,1926,22.566682815551758,20.061553955078125,-2.505128860473633
scan118,5,3,occluded_majority,880,44.53358459472656,38.76217269897461,-5.771411895751953
scan118,5,3,large_disp_and_occluded,187,72.13685607910156,73.13382720947266,0.9969711303710938
scan118,5,3,boundary_and_occluded,772,39.27622985839844,34.979618072509766,-4.296611785888672
scan118,6,3,full,15130,1.5955724716186523,1.5070774555206299,-0.08849501609802246
scan118,6,3,boundary,1513,9.197905540466309,8.76699161529541,-0.43091392517089844
scan118,6,3,large_disparity,3026,1.1357237100601196,1.1995917558670044,0.06386804580688477
scan118,6,3,occluded_any,2619,5.21016263961792,4.7416887283325195,-0.4684739112854004
scan118,6,3,occluded_majority,1334,6.661202907562256,6.232145309448242,-0.42905759811401367
scan118,6,3,large_disp_and_occluded,583,2.579213857650757,3.3940422534942627,0.8148283958435059
scan118,6,3,boundary_and_occluded,935,11.129490852355957,10.120526313781738,-1.0089645385742188
scan118,7,3,full,15592,1.3343170881271362,1.2052499055862427,-0.12906718254089355
scan118,7,3,boundary,1560,8.392232894897461,7.268859386444092,-1.1233735084533691
scan118,7,3,large_disparity,3119,1.0228774547576904,0.9781779646873474,-0.04469949007034302
scan118,7,3,occluded_any,2401,4.744941711425781,4.0618767738342285,-0.6830649375915527
scan118,7,3,occluded_majority,765,7.953647613525391,5.900445938110352,-2.053201675415039
scan118,7,3,large_disp_and_occluded,439,4.833721160888672,5.114652633666992,0.2809314727783203
scan118,7,3,boundary_and_occluded,981,9.678045272827148,8.237279891967773,-1.440765380859375
scan118,8,3,full,15653,1.3009394407272339,1.2126425504684448,-0.08829689025878906
scan118,8,3,boundary,1566,8.222654342651367,7.732201099395752,-0.49045324325561523
scan118,8,3,large_disparity,3131,1.839439034461975,1.5261006355285645,-0.31333839893341064
scan118,8,3,occluded_any,1965,5.019954681396484,4.86626672744751,-0.1536879539489746
scan118,8,3,occluded_majority,753,7.515262603759766,7.362737655639648,-0.1525249481201172
scan118,8,3,large_disp_and_occluded,421,8.642921447753906,7.746939182281494,-0.8959822654724121
scan118,8,3,boundary_and_occluded,882,9.808735847473145,9.762431144714355,-0.04630470275878906
scan118,9,3,full,15409,1.1902321577072144,1.0140955448150635,-0.17613661289215088
scan118,9,3,boundary,1541,7.051253795623779,5.518110275268555,-1.5331435203552246
scan118,9,3,large_disparity,3082,1.3875657320022583,1.126452922821045,-0.2611128091812134
scan118,9,3,occluded_any,2092,4.154456615447998,3.0899202823638916,-1.0645363330841064
scan118,9,3,occluded_majority,827,5.696910381317139,3.689490795135498,-2.0074195861816406
scan118,9,3,large_disp_and_occluded,670,3.9543445110321045,3.1303653717041016,-0.8239791393280029
scan118,9,3,boundary_and_occluded,915,7.714535713195801,5.49513578414917,-2.219399929046631
scan118,10,3,full,14407,1.6182364225387573,1.5854988098144531,-0.0327376127243042
scan118,10,3,boundary,1441,9.310648918151855,9.001174926757812,-0.30947399139404297
scan118,10,3,large_disparity,2882,2.1012463569641113,1.7977855205535889,-0.30346083641052246
scan118,10,3,occluded_any,2276,5.674698829650879,5.341197967529297,-0.33350086212158203
scan118,10,3,occluded_majority,1126,8.336114883422852,8.21028995513916,-0.1258249282836914
scan118,10,3,large_disp_and_occluded,805,5.753103256225586,4.7615580558776855,-0.9915452003479004
scan118,10,3,boundary_and_occluded,880,10.989476203918457,10.389850616455078,-0.5996255874633789
scan118,11,3,full,12779,1.8073291778564453,1.698142647743225,-0.10918653011322021
scan118,11,3,boundary,1278,8.19514274597168,8.097612380981445,-0.09753036499023438
scan118,11,3,large_disparity,2556,1.7149078845977783,1.192392349243164,-0.5225155353546143
scan118,11,3,occluded_any,1704,6.602952480316162,5.7246928215026855,-0.8782596588134766
scan118,11,3,occluded_majority,955,9.069560050964355,7.708573818206787,-1.3609862327575684
scan118,11,3,large_disp_and_occluded,647,4.6691389083862305,2.720120906829834,-1.9490180015563965
scan118,11,3,boundary_and_occluded,650,8.94110107421875,8.245342254638672,-0.6957588195800781
scan118,12,3,full,13688,1.48667311668396,1.299890160560608,-0.18678295612335205
scan118,12,3,boundary,1369,8.305292129516602,7.444326877593994,-0.8609652519226074
scan118,12,3,large_disparity,2738,2.4903018474578857,2.274623394012451,-0.21567845344543457
scan118,12,3,occluded_any,2337,5.0247344970703125,4.232736587524414,-0.7919979095458984
scan118,12,3,occluded_majority,1225,6.844649314880371,5.632999897003174,-1.2116494178771973
scan118,12,3,large_disp_and_occluded,726,7.437421798706055,6.901629447937012,-0.535792350769043
scan118,12,3,boundary_and_occluded,880,9.335144996643066,8.351404190063477,-0.9837408065795898
scan118,13,3,full,14434,1.3025076389312744,1.1319844722747803,-0.17052316665649414
scan118,13,3,boundary,1444,7.121365070343018,5.79137659072876,-1.3299884796142578
scan118,13,3,large_disparity,2887,1.8013508319854736,1.5576879978179932,-0.24366283416748047
scan118,13,3,occluded_any,1970,4.910582542419434,3.9121487140655518,-0.9984338283538818
scan118,13,3,occluded_majority,924,6.743472576141357,5.242830276489258,-1.5006422996520996
scan118,13,3,large_disp_and_occluded,689,5.042374134063721,4.344812393188477,-0.6975617408752441
scan118,13,3,boundary_and_occluded,869,7.934560775756836,6.142544746398926,-1.7920160293579102
scan118,14,3,full,14716,1.456156849861145,1.2719695568084717,-0.18418729305267334
scan118,14,3,boundary,1472,9.1568021774292,7.368428707122803,-1.7883734703063965
scan118,14,3,large_disparity,2944,1.5388343334197998,1.245931625366211,-0.29290270805358887
scan118,14,3,occluded_any,1587,6.269714832305908,5.3944525718688965,-0.8752622604370117
scan118,14,3,occluded_majority,810,8.59661865234375,7.306957721710205,-1.289660930633545
scan118,14,3,large_disp_and_occluded,397,5.718017101287842,4.775046348571777,-0.9429707527160645
scan118,14,3,boundary_and_occluded,816,10.966521263122559,9.17957878112793,-1.786942481994629
scan118,15,3,full,14512,1.32236647605896,1.2515431642532349,-0.0708233118057251
scan118,15,3,boundary,1452,8.725945472717285,7.550806045532227,-1.1751394271850586
scan118,15,3,large_disparity,2903,1.225507140159607,1.1820577383041382,-0.04344940185546875
scan118,15,3,occluded_any,1981,5.072364330291748,4.495165824890137,-0.5771985054016113
scan118,15,3,occluded_majority,788,8.67839241027832,7.522015571594238,-1.156376838684082
scan118,15,3,large_disp_and_occluded,496,5.105481147766113,4.91200065612793,-0.1934804916381836
scan118,15,3,boundary_and_occluded,920,9.772799491882324,8.397772789001465,-1.3750267028808594
scan118,16,3,full,14440,1.428964376449585,1.1251213550567627,-0.30384302139282227
scan118,16,3,boundary,1444,9.132431983947754,6.429591655731201,-2.7028403282165527
scan118,16,3,large_disparity,2888,1.419576644897461,1.185630202293396,-0.23394644260406494
scan118,16,3,occluded_any,2177,5.682496547698975,3.878464937210083,-1.8040316104888916
scan118,16,3,occluded_majority,865,10.303092956542969,6.927560329437256,-3.375532627105713
scan118,16,3,large_disp_and_occluded,479,6.201766490936279,5.009321212768555,-1.1924452781677246
scan118,16,3,boundary_and_occluded,936,10.868032455444336,6.957210540771484,-3.9108219146728516
scan118,17,3,full,14191,1.3764269351959229,1.3666424751281738,-0.009784460067749023
scan118,17,3,boundary,1420,7.9412689208984375,7.533647537231445,-0.4076213836669922
scan118,17,3,large_disparity,2839,1.4300373792648315,1.2971044778823853,-0.1329329013824463
scan118,17,3,occluded_any,2340,4.918094158172607,4.464557647705078,-0.4535365104675293
scan118,17,3,occluded_majority,1004,8.315719604492188,7.344139575958252,-0.9715800285339355
scan118,17,3,large_disp_and_occluded,569,4.937605381011963,3.593879222869873,-1.3437261581420898
scan118,17,3,boundary_and_occluded,919,9.073057174682617,8.231080055236816,-0.8419771194458008
scan118,18,3,full,13482,1.7695215940475464,1.584762454032898,-0.18475914001464844
scan118,18,3,boundary,1349,10.381538391113281,8.934961318969727,-1.4465770721435547
scan118,18,3,large_disparity,2697,2.435224771499634,1.3345082998275757,-1.100716471672058
scan118,18,3,occluded_any,2019,6.979464530944824,5.341793060302734,-1.6376714706420898
scan118,18,3,occluded_majority,798,11.461905479431152,8.5247220993042,-2.937183380126953
scan118,18,3,large_disp_and_occluded,575,9.115168571472168,3.727354049682617,-5.387814521789551
scan118,18,3,boundary_and_occluded,857,11.872871398925781,8.651302337646484,-3.221569061279297
scan118,19,3,full,12063,2.9373624324798584,2.4217166900634766,-0.5156457424163818
scan118,19,3,boundary,1207,15.615944862365723,12.464040756225586,-3.1519041061401367
scan118,19,3,large_disparity,2413,5.395298957824707,5.324123382568359,-0.07117557525634766
scan118,19,3,occluded_any,1258,13.895074844360352,10.206611633300781,-3.6884632110595703
scan118,19,3,occluded_majority,809,16.697166442871094,12.786714553833008,-3.910451889038086
scan118,19,3,large_disp_and_occluded,643,14.070832252502441,14.384255409240723,0.31342315673828125
scan118,19,3,boundary_and_occluded,637,19.311843872070312,13.242349624633789,-6.069494247436523
scan118,20,3,full,12707,1.7104589939117432,1.536294937133789,-0.1741640567779541
scan118,20,3,boundary,1271,10.021649360656738,9.362516403198242,-0.6591329574584961
scan118,20,3,large_disparity,2542,2.3359761238098145,2.6359493732452393,0.2999732494354248
scan118,20,3,occluded_any,1623,8.10107135772705,7.508393287658691,-0.5926780700683594
scan118,20,3,occluded_majority,772,12.270991325378418,11.835406303405762,-0.43558502197265625
scan118,20,3,large_disp_and_occluded,325,13.920252799987793,17.767982482910156,3.8477296829223633
scan118,20,3,boundary_and_occluded,857,11.619401931762695,11.096403121948242,-0.5229988098144531
scan118,21,3,full,12892,1.6233834028244019,1.2937169075012207,-0.32966649532318115
scan118,21,3,boundary,1290,9.213160514831543,7.08828592300415,-2.1248745918273926
scan118,21,3,large_disparity,2579,1.9237942695617676,1.7365361452102661,-0.18725812435150146
scan118,21,3,occluded_any,1782,6.7729082107543945,5.018368244171143,-1.754539966583252
scan118,21,3,occluded_majority,980,8.818161964416504,6.751213550567627,-2.066948413848877
scan118,21,3,large_disp_and_occluded,488,6.237924098968506,5.601993083953857,-0.6359310150146484
scan118,21,3,boundary_and_occluded,806,11.39526081085205,8.400078773498535,-2.9951820373535156
scan118,22,3,full,13168,1.6623663902282715,1.4643009901046753,-0.1980654001235962
scan118,22,3,boundary,1317,8.686570167541504,8.013604164123535,-0.6729660034179688
scan118,22,3,large_disparity,2634,1.3410640954971313,1.3828399181365967,0.04177582263946533
scan118,22,3,occluded_any,1613,7.559517860412598,6.445622444152832,-1.1138954162597656
scan118,22,3,occluded_majority,620,13.856339454650879,12.226491928100586,-1.629847526550293
scan118,22,3,large_disp_and_occluded,432,5.47723388671875,4.81208610534668,-0.6651477813720703
scan118,22,3,boundary_and_occluded,839,10.409807205200195,9.674599647521973,-0.7352075576782227
scan118,23,3,full,13260,1.4926774501800537,1.3109815120697021,-0.18169593811035156
scan118,23,3,boundary,1326,8.912867546081543,7.441779613494873,-1.47108793258667
scan118,23,3,large_disparity,2652,1.5666412115097046,1.3036366701126099,-0.2630045413970947
scan118,23,3,occluded_any,1682,6.519510269165039,5.329554080963135,-1.1899561882019043
scan118,23,3,occluded_majority,543,12.782024383544922,10.585931777954102,-2.1960926055908203
scan118,23,3,large_disp_and_occluded,474,5.89811897277832,4.002819538116455,-1.8952994346618652
scan118,23,3,boundary_and_occluded,814,10.824041366577148,8.77292251586914,-2.051118850708008
scan118,24,3,full,13473,1.5931799411773682,1.4149314165115356,-0.17824852466583252
scan118,24,3,boundary,1348,9.536637306213379,8.311066627502441,-1.2255706787109375
scan118,24,3,large_disparity,2695,2.0341949462890625,1.630795955657959,-0.4033989906311035
scan118,24,3,occluded_any,1816,7.141373157501221,6.100506782531738,-1.0408663749694824
scan118,24,3,occluded_majority,658,13.443591117858887,11.419087409973145,-2.024503707885742
scan118,24,3,large_disp_and_occluded,568,7.30295467376709,5.644725799560547,-1.658228874206543
scan118,24,3,boundary_and_occluded,872,11.589298248291016,10.21628189086914,-1.373016357421875
scan118,25,3,full,13528,1.545393466949463,1.2572517395019531,-0.28814172744750977
scan118,25,3,boundary,1353,9.227984428405762,6.965592861175537,-2.2623915672302246
scan118,25,3,large_disparity,2706,2.0216596126556396,1.5673165321350098,-0.4543430805206299
scan118,25,3,occluded_any,1877,6.768017768859863,5.0452141761779785,-1.7228035926818848
scan118,25,3,occluded_majority,796,10.854049682617188,8.101783752441406,-2.7522659301757812
scan118,25,3,large_disp_and_occluded,567,6.8599371910095215,4.875775337219238,-1.9841618537902832
scan118,25,3,boundary_and_occluded,832,11.44936466217041,8.237858772277832,-3.211505889892578
scan118,26,3,full,13188,1.5966130495071411,1.3658729791641235,-0.23074007034301758
scan118,26,3,boundary,1319,7.806356906890869,6.605769157409668,-1.2005877494812012
scan118,26,3,large_disparity,2638,2.4315881729125977,1.890410304069519,-0.5411778688430786
scan118,26,3,occluded_any,1893,6.701870441436768,5.17132568359375,-1.5305447578430176
scan118,26,3,occluded_majority,843,11.000402450561523,8.374391555786133,-2.6260108947753906
scan118,26,3,large_disp_and_occluded,620,7.964888572692871,5.9044880867004395,-2.0604004859924316
scan118,26,3,boundary_and_occluded,827,8.911456108093262,7.08023738861084,-1.8312187194824219
scan118,27,3,full,12655,1.6793893575668335,1.5223222970962524,-0.15706706047058105
scan118,27,3,boundary,1266,9.381491661071777,8.29817008972168,-1.0833215713500977
scan118,27,3,large_disparity,2531,0.9855018258094788,0.9211087226867676,-0.06439310312271118
scan118,27,3,occluded_any,1901,6.627557754516602,5.815053939819336,-0.8125038146972656
scan118,27,3,occluded_majority,873,10.66458797454834,9.817239761352539,-0.8473482131958008
scan118,27,3,large_disp_and_occluded,417,3.275397539138794,2.933748245239258,-0.34164929389953613
scan118,27,3,boundary_and_occluded,770,10.810232162475586,9.577762603759766,-1.2324695587158203
scan118,28,3,full,11310,1.8786016702651978,1.6233224868774414,-0.25527918338775635
scan118,28,3,boundary,1131,10.943280220031738,9.085412979125977,-1.8578672409057617
scan118,28,3,large_disparity,2262,2.7624690532684326,2.4903831481933594,-0.27208590507507324
scan118,28,3,occluded_any,1317,9.032645225524902,7.142468452453613,-1.890176773071289
scan118,28,3,occluded_majority,641,13.893656730651855,10.868608474731445,-3.02504825592041
scan118,28,3,large_disp_and_occluded,364,14.344172477722168,12.962233543395996,-1.3819389343261719
scan118,28,3,boundary_and_occluded,541,15.181157112121582,11.674992561340332,-3.50616455078125
scan118,29,3,full,11812,1.8414039611816406,1.5495128631591797,-0.29189109802246094
scan118,29,3,boundary,1182,11.761994361877441,9.291125297546387,-2.4708690643310547
scan118,29,3,large_disparity,2363,2.1549692153930664,2.019179582595825,-0.1357896327972412
scan118,29,3,occluded_any,1976,7.400201797485352,5.77293586730957,-1.6272659301757812
scan118,29,3,occluded_majority,827,12.961800575256348,10.011283874511719,-2.950516700744629
scan118,29,3,large_disp_and_occluded,450,9.0920991897583,8.356201171875,-0.7358980178833008
scan118,29,3,boundary_and_occluded,798,13.878432273864746,10.351851463317871,-3.526580810546875
scan118,30,3,full,12217,1.635475754737854,1.395616888999939,-0.23985886573791504
scan118,30,3,boundary,1222,9.225930213928223,7.5419440269470215,-1.6839861869812012
scan118,30,3,large_disparity,2444,2.6789727210998535,2.1423985958099365,-0.536574125289917
scan118,30,3,occluded_any,1776,7.202298164367676,5.658205509185791,-1.5440926551818848
scan118,30,3,occluded_majority,735,12.266915321350098,9.56108570098877,-2.705829620361328
scan118,30,3,large_disp_and_occluded,604,8.615604400634766,6.951296329498291,-1.6643080711364746
scan118,30,3,boundary_and_occluded,737,11.722489356994629,8.955901145935059,-2.7665882110595703
scan118,31,3,full,12337,1.7492327690124512,1.3363878726959229,-0.4128448963165283
scan118,31,3,boundary,1234,8.795249938964844,6.434322834014893,-2.360927104949951
scan118,31,3,large_disparity,2468,3.1121065616607666,2.0737874507904053,-1.0383191108703613
scan118,31,3,occluded_any,1717,8.157079696655273,5.64666748046875,-2.5104122161865234
scan118,31,3,occluded_majority,723,14.075858116149902,9.588377952575684,-4.487480163574219
scan118,31,3,large_disp_and_occluded,758,8.170065879821777,5.266027450561523,-2.904038429260254
scan118,31,3,boundary_and_occluded,738,10.903302192687988,7.5125837326049805,-3.390718460083008
scan118,32,3,full,12254,1.7093867063522339,1.5147509574890137,-0.19463574886322021
scan118,32,3,boundary,1226,8.638646125793457,6.82664680480957,-1.8119993209838867
scan118,32,3,large_disparity,2451,3.2593793869018555,2.4098386764526367,-0.8495407104492188
scan118,32,3,occluded_any,1652,8.135062217712402,6.621249675750732,-1.51381254196167
scan118,32,3,occluded_majority,644,14.763471603393555,11.641470909118652,-3.1220006942749023
scan118,32,3,large_disp_and_occluded,627,10.51954174041748,7.159472465515137,-3.3600692749023438
scan118,32,3,boundary_and_occluded,758,10.451725006103516,7.806125164031982,-2.645599842071533
scan118,33,3,full,12057,1.7036793231964111,1.3056825399398804,-0.39799678325653076
scan118,33,3,boundary,1206,8.563404083251953,6.385262966156006,-2.1781411170959473
scan118,33,3,large_disparity,2412,2.7616796493530273,1.9202520847320557,-0.8414275646209717
scan118,33,3,occluded_any,1572,7.683014869689941,5.571358680725098,-2.1116561889648438
scan118,33,3,occluded_majority,647,12.594613075256348,8.804044723510742,-3.7905683517456055
scan118,33,3,large_disp_and_occluded,503,10.656746864318848,6.917402744293213,-3.7393441200256348
scan118,33,3,boundary_and_occluded,699,10.558650970458984,7.591918468475342,-2.9667325019836426
scan118,34,3,full,11888,1.7980844974517822,1.5247490406036377,-0.27333545684814453
scan118,34,3,boundary,1189,10.11060905456543,8.762149810791016,-1.348459243774414
scan118,34,3,large_disparity,2378,2.1557254791259766,1.8363538980484009,-0.3193715810775757
scan118,34,3,occluded_any,1593,7.9349822998046875,6.520512104034424,-1.4144701957702637
scan118,34,3,occluded_majority,713,13.62015438079834,11.464818000793457,-2.155336380004883
scan118,34,3,large_disp_and_occluded,422,8.023298263549805,6.835695743560791,-1.1876025199890137
scan118,34,3,boundary_and_occluded,721,12.845983505249023,10.924689292907715,-1.9212942123413086
scan118,35,3,full,11728,1.920149564743042,1.446413278579712,-0.4737362861633301
scan118,35,3,boundary,1173,11.709378242492676,8.602770805358887,-3.106607437133789
scan118,35,3,large_disparity,2346,2.750699520111084,2.0238163471221924,-0.7268831729888916
scan118,35,3,occluded_any,1657,9.002778053283691,5.90794038772583,-3.0948376655578613
scan118,35,3,occluded_majority,689,15.725215911865234,10.018644332885742,-5.706571578979492
scan118,35,3,large_disp_and_occluded,531,9.79703140258789,6.843635559082031,-2.9533958435058594
scan118,35,3,boundary_and_occluded,798,14.079343795776367,9.519108772277832,-4.560235023498535
scan118,36,3,full,11492,1.714727520942688,1.3342595100402832,-0.3804680109024048
scan118,36,3,boundary,1150,9.943375587463379,7.5343122482299805,-2.4090633392333984
scan118,36,3,large_disparity,2299,2.219416379928589,1.529059886932373,-0.6903564929962158
scan118,36,3,occluded_any,1566,7.194549083709717,4.940585613250732,-2.2539634704589844
scan118,36,3,occluded_majority,618,12.453099250793457,8.3509521484375,-4.102147102355957
scan118,36,3,large_disp_and_occluded,518,7.182443618774414,4.7663445472717285,-2.4160990715026855
scan118,36,3,boundary_and_occluded,747,11.410687446594238,7.728543281555176,-3.6821441650390625
scan118,37,3,full,11280,1.993038535118103,1.7844172716140747,-0.20862126350402832
scan118,37,3,boundary,1128,12.280916213989258,11.415170669555664,-0.8657455444335938
scan118,37,3,large_disparity,2256,3.9086883068084717,3.6755778789520264,-0.2331104278564453
scan118,37,3,occluded_any,1677,8.305289268493652,7.26136589050293,-1.0439233779907227
scan118,37,3,occluded_majority,709,14.926466941833496,13.429557800292969,-1.4969091415405273
scan118,37,3,large_disp_and_occluded,604,12.854385375976562,12.517521858215332,-0.33686351776123047
scan118,37,3,boundary_and_occluded,747,14.192870140075684,12.87667179107666,-1.3161983489990234
scan118,38,3,full,9312,2.805994987487793,2.7451071739196777,-0.060887813568115234
scan118,38,3,boundary,932,15.363191604614258,14.505350112915039,-0.8578414916992188
scan118,38,3,large_disparity,1863,6.793790817260742,7.0743913650512695,0.28060054779052734
scan118,38,3,occluded_any,785,15.289434432983398,14.452940940856934,-0.8364934921264648
scan118,38,3,occluded_majority,536,18.566017150878906,17.94283103942871,-0.6231861114501953
scan118,38,3,large_disp_and_occluded,363,25.489843368530273,25.740400314331055,0.25055694580078125
scan118,38,3,boundary_and_occluded,380,21.95124053955078,19.912281036376953,-2.038959503173828
scan118,39,3,full,9896,2.315384864807129,2.0085222721099854,-0.30686259269714355
scan118,39,3,boundary,990,15.016963005065918,12.533321380615234,-2.4836416244506836
scan118,39,3,large_disparity,1980,6.457503318786621,5.452958106994629,-1.0045452117919922
scan118,39,3,occluded_any,1569,9.363697052001953,7.547027587890625,-1.8166694641113281
scan118,39,3,occluded_majority,650,17.196271896362305,14.123106956481934,-3.073164939880371
scan118,39,3,large_disp_and_occluded,653,15.91310977935791,13.114169120788574,-2.798940658569336
scan118,39,3,boundary_and_occluded,641,17.575340270996094,14.109672546386719,-3.465667724609375
scan118,40,3,full,10222,1.9258925914764404,1.5685731172561646,-0.3573194742202759
scan118,40,3,boundary,1023,10.065834999084473,8.398664474487305,-1.667170524597168
scan118,40,3,large_disparity,2045,4.243375778198242,3.222513198852539,-1.0208625793457031
scan118,40,3,occluded_any,1486,8.394760131835938,6.245907306671143,-2.148852825164795
scan118,40,3,occluded_majority,573,15.884482383728027,11.444835662841797,-4.4396467208862305
scan118,40,3,large_disp_and_occluded,676,10.258757591247559,7.480453014373779,-2.7783045768737793
scan118,40,3,boundary_and_occluded,584,13.56663990020752,10.491004943847656,-3.0756349563598633
scan118,41,3,full,10455,2.299107313156128,1.6735146045684814,-0.6255927085876465
scan118,41,3,boundary,1046,11.669210433959961,8.470170021057129,-3.199040412902832
scan118,41,3,large_disparity,2091,5.661439418792725,3.829475164413452,-1.8319642543792725
scan118,41,3,occluded_any,1504,9.941967010498047,6.503992080688477,-3.4379749298095703
scan118,41,3,occluded_majority,625,17.91501235961914,11.383402824401855,-6.531609535217285
scan118,41,3,large_disp_and_occluded,657,14.159133911132812,9.33700180053711,-4.822132110595703
scan118,41,3,boundary_and_occluded,592,14.892221450805664,10.531578063964844,-4.36064338684082
scan118,42,3,full,10611,2.1905343532562256,1.7562236785888672,-0.4343106746673584
scan118,42,3,boundary,1062,11.32816219329834,8.637670516967773,-2.6904916763305664
scan118,42,3,large_disparity,2123,5.516133785247803,4.050139904022217,-1.465993881225586
scan118,42,3,occluded_any,1627,9.271872520446777,6.749719142913818,-2.522153377532959
scan118,42,3,occluded_majority,648,16.750505447387695,12.5399169921875,-4.210588455200195
scan118,42,3,large_disp_and_occluded,738,12.948647499084473,9.38886547088623,-3.559782028198242
scan118,42,3,boundary_and_occluded,652,13.892908096313477,10.075308799743652,-3.817599296569824
scan118,43,3,full,10762,2.002866268157959,1.6589006185531616,-0.34396564960479736
scan118,43,3,boundary,1077,8.618873596191406,6.743992805480957,-1.8748807907104492
scan118,43,3,large_disparity,2153,3.7814736366271973,3.0202651023864746,-0.7612085342407227
scan118,43,3,occluded_any,1556,8.784337043762207,6.923103332519531,-1.8612337112426758
scan118,43,3,occluded_majority,878,11.898651123046875,9.578932762145996,-2.319718360900879
scan118,43,3,large_disp_and_occluded,535,11.775350570678711,9.28487491607666,-2.490475654602051
scan118,43,3,boundary_and_occluded,569,11.53365421295166,8.761234283447266,-2.7724199295043945
scan118,44,3,full,10988,2.0959229469299316,1.8675446510314941,-0.2283782958984375
scan118,44,3,boundary,1099,8.331823348999023,7.098216533660889,-1.2336068153381348
scan118,44,3,large_disparity,2198,4.6720757484436035,3.9027392864227295,-0.769336462020874
scan118,44,3,occluded_any,1623,9.422598838806152,8.03650951385498,-1.3860893249511719
scan118,44,3,occluded_majority,835,13.643473625183105,11.633158683776855,-2.01031494140625
scan118,44,3,large_disp_and_occluded,590,14.716279983520508,11.957903861999512,-2.758376121520996
scan118,44,3,boundary_and_occluded,637,10.54644775390625,8.772235870361328,-1.7742118835449219
scan118,45,3,full,11111,2.0153584480285645,1.6869139671325684,-0.3284444808959961
scan118,45,3,boundary,1112,7.65818977355957,6.658905029296875,-0.9992847442626953
scan118,45,3,large_disparity,2223,3.840062141418457,2.831285238265991,-1.0087769031524658
scan118,45,3,occluded_any,1666,8.694416046142578,6.781139850616455,-1.913276195526123
scan118,45,3,occluded_majority,733,13.579670906066895,10.63442611694336,-2.945244789123535
scan118,45,3,large_disp_and_occluded,627,10.786869049072266,7.68100118637085,-3.105867862701416
scan118,45,3,boundary_and_occluded,597,9.497137069702148,8.230721473693848,-1.2664155960083008
scan118,46,3,full,11161,1.9572261571884155,1.6203413009643555,-0.33688485622406006
scan118,46,3,boundary,1117,10.594762802124023,8.200766563415527,-2.393996238708496
scan118,46,3,large_disparity,2233,4.195660591125488,3.302367925643921,-0.8932926654815674
scan118,46,3,occluded_any,1690,7.846419811248779,6.378786087036133,-1.4676337242126465
scan118,46,3,occluded_majority,746,13.160334587097168,10.74531078338623,-2.4150238037109375
scan118,46,3,large_disp_and_occluded,638,11.929709434509277,9.046998023986816,-2.882711410522461
scan118,46,3,boundary_and_occluded,675,12.401966094970703,9.503033638000488,-2.898932456970215
scan118,47,3,full,11071,1.9281611442565918,1.6556525230407715,-0.2725086212158203
scan118,47,3,boundary,1108,10.702336311340332,8.857154846191406,-1.8451814651489258
scan118,47,3,large_disparity,2215,2.66868257522583,2.2758145332336426,-0.3928680419921875
scan118,47,3,occluded_any,1768,7.244858741760254,6.199032783508301,-1.0458259582519531
scan118,47,3,occluded_majority,688,12.323660850524902,10.490063667297363,-1.833597183227539
scan118,47,3,large_disp_and_occluded,439,9.39445972442627,8.123017311096191,-1.2714424133300781
scan118,47,3,boundary_and_occluded,674,12.80385684967041,10.684284210205078,-2.119572639465332
scan118,48,3,full,10743,2.1091651916503906,1.7976229190826416,-0.311542272567749
scan118,48,3,boundary,1075,12.54220962524414,9.470329284667969,-3.071880340576172
scan118,48,3,large_disparity,2149,3.096473455429077,3.164583444595337,0.06810998916625977
scan118,48,3,occluded_any,1430,9.048394203186035,7.0605387687683105,-1.9878554344177246
scan118,48,3,occluded_majority,718,13.119845390319824,10.495715141296387,-2.6241302490234375
scan118,48,3,large_disp_and_occluded,351,14.111968040466309,14.56417465209961,0.4522066116333008
scan118,48,3,boundary_and_occluded,491,18.708694458007812,13.409432411193848,-5.299262046813965
